EmployeeID,Age,Attrition,BusinessTravel,DailyRate,Department,DistanceFromHome,Education,EducationField,EnvironmentSatisfaction,Gender,HourlyRate,JobInvolvement,JobLevel,JobRole,JobSatisfaction,MaritalStatus,MonthlyIncome,MonthlyRate,NumCompaniesWorked,OverTime,PercentSalaryHike,PerformanceRating,RelationshipSatisfaction,StockOptionLevel,TotalWorkingYears,TrainingTimesLastYear,WorkLifeBalance,YearsAtCompany,YearsInCurrentRole,YearsSinceLastPromotion,YearsWithCurrManager,AttritionStatus,AttritionProbability,RiskCategory,ReasonCodes
EMP-0001,41,1,Travel_Rarely,1102,Sales,1,2,Life Sciences,2,Female,94,3,2,Sales Executive,4,Single,5993,19479,8,Yes,11,3,1,0,8,0,1,6,4,0,5,Left,0.8962356099165938,High,Works overtime; Low environment satisfaction; Low work-life balance; No stock options
EMP-0002,49,0,Travel_Frequently,279,Research & Development,8,1,Life Sciences,3,Male,61,2,2,Research Scientist,2,Married,5130,24907,1,No,23,4,4,1,10,3,3,10,7,1,7,Stayed,0.10448164613301004,Low,Low job satisfaction; Frequent business travel
EMP-0003,37,1,Travel_Rarely,1373,Research & Development,2,2,Other,4,Male,92,2,1,Laboratory Technician,3,Single,2090,2396,6,Yes,15,3,2,0,7,3,3,0,0,0,0,Left,0.636126650873686,High,Works overtime; No stock options; Income below workforce median
EMP-0004,33,0,Travel_Frequently,1392,Research & Development,3,4,Life Sciences,4,Female,56,3,1,Research Scientist,3,Married,2909,23159,1,Yes,11,3,3,0,8,3,3,8,7,3,0,Stayed,0.4556309942889355,Medium,Works overtime; Frequent business travel; No stock options; Income below workforce median
EMP-0005,27,0,Travel_Rarely,591,Research & Development,2,1,Medical,1,Male,40,3,1,Laboratory Technician,2,Married,3468,16632,9,No,12,3,4,1,6,3,3,2,2,2,2,Stayed,0.7661141461471532,High,Low job satisfaction; Low environment satisfaction; Income below workforce median
EMP-0006,32,0,Travel_Frequently,1005,Research & Development,2,2,Life Sciences,4,Male,79,3,1,Laboratory Technician,4,Single,3068,11864,0,No,13,3,3,0,8,2,2,7,7,3,6,Stayed,0.18115967098601962,Low,Low work-life balance; Frequent business travel; No stock options; Income below workforce median
EMP-0007,59,0,Travel_Rarely,1324,Research & Development,3,3,Medical,3,Female,81,4,1,Laboratory Technician,1,Married,2670,9964,4,Yes,20,4,1,3,12,3,2,1,0,0,0,Stayed,0.3482207599422696,Medium,Works overtime; Low job satisfaction; Low work-life balance; Income below workforce median
EMP-0008,30,0,Travel_Rarely,1358,Research & Development,24,1,Life Sciences,4,Male,67,3,1,Laboratory Technician,3,Divorced,2693,13335,1,No,22,4,2,1,1,2,3,1,0,0,0,Stayed,0.533996126453367,Medium,Long distance from home; Income below workforce median
EMP-0009,38,0,Travel_Frequently,216,Research & Development,23,3,Life Sciences,4,Male,44,2,3,Manufacturing Director,3,Single,9526,8787,0,No,21,4,2,0,10,2,3,9,7,1,8,Stayed,0.2720550955672284,Low,Frequent business travel; Long distance from home; No stock options
EMP-0010,36,0,Travel_Rarely,1299,Research & Development,27,3,Medical,3,Male,94,3,2,Healthcare Representative,3,Married,5237,16577,6,No,13,3,2,2,17,3,2,7,7,7,7,Stayed,0.11166179962711567,Low,Low work-life balance; Long period since promotion; Long distance from home
EMP-0011,35,0,Travel_Rarely,809,Research & Development,16,3,Medical,1,Male,84,4,1,Laboratory Technician,2,Married,2426,16479,0,No,13,3,3,1,6,5,3,5,4,0,3,Stayed,0.2620286162500547,Low,Low job satisfaction; Low environment satisfaction; Long distance from home; Income below workforce median
EMP-0012,29,0,Travel_Rarely,153,Research & Development,15,2,Life Sciences,4,Female,49,2,2,Laboratory Technician,3,Single,4193,12682,0,Yes,12,3,4,0,10,3,3,9,5,0,8,Stayed,0.6547232419556362,High,Works overtime; Long distance from home; No stock options; Income below workforce median
EMP-0013,31,0,Travel_Rarely,670,Research & Development,26,1,Life Sciences,1,Male,31,3,1,Research Scientist,3,Divorced,2911,15170,1,No,17,3,4,1,5,1,2,5,2,4,3,Stayed,0.38455214178327296,Medium,Low environment satisfaction; Low work-life balance; Long period since promotion; Long distance from home
EMP-0014,34,0,Travel_Rarely,1346,Research & Development,19,2,Medical,2,Male,93,3,1,Laboratory Technician,4,Divorced,2661,8758,0,No,11,3,3,1,3,2,3,2,2,1,2,Stayed,0.30562635893070217,Medium,Low environment satisfaction; Long distance from home; Income below workforce median
EMP-0015,28,1,Travel_Rarely,103,Research & Development,24,3,Life Sciences,3,Male,50,2,1,Laboratory Technician,3,Single,2028,12947,5,Yes,14,3,2,0,6,4,3,4,2,0,3,Left,0.9530765685844023,High,Works overtime; Long distance from home; No stock options; Income below workforce median
EMP-0016,29,0,Travel_Rarely,1389,Research & Development,21,4,Life Sciences,2,Female,51,4,3,Manufacturing Director,1,Divorced,9980,10195,1,No,11,3,3,1,10,1,3,10,9,8,8,Stayed,0.3027243956930237,Medium,Low job satisfaction; Low environment satisfaction; Long period since promotion; Long distance from home
EMP-0017,32,0,Travel_Rarely,334,Research & Development,5,2,Life Sciences,1,Male,80,4,1,Research Scientist,2,Divorced,3298,15053,0,Yes,12,3,4,2,7,5,2,6,2,0,5,Stayed,0.21524518277133445,Low,Works overtime; Low job satisfaction; Low environment satisfaction; Low work-life balance
EMP-0018,22,0,Non-Travel,1123,Research & Development,16,2,Medical,4,Male,96,4,1,Laboratory Technician,4,Divorced,2935,7324,1,Yes,13,3,2,2,1,2,2,1,0,0,0,Stayed,0.5344889349182121,Medium,Works overtime; Low work-life balance; Long distance from home; Income below workforce median
EMP-0019,53,0,Travel_Rarely,1219,Sales,2,4,Life Sciences,1,Female,78,2,4,Manager,4,Married,15427,22021,2,No,16,3,3,0,31,3,3,25,8,3,7,Stayed,0.060988421242016734,Low,Low environment satisfaction; No stock options
EMP-0020,38,0,Travel_Rarely,371,Research & Development,2,3,Life Sciences,4,Male,45,3,1,Research Scientist,4,Single,3944,4306,5,Yes,11,3,3,0,6,3,3,3,2,1,2,Stayed,0.4406022872968899,Medium,Works overtime; No stock options; Income below workforce median
EMP-0021,24,0,Non-Travel,673,Research & Development,11,2,Other,1,Female,96,4,2,Manufacturing Director,3,Divorced,4011,8232,0,No,18,3,4,1,5,5,2,4,2,1,3,Stayed,0.020025863050415024,Low,Low environment satisfaction; Low work-life balance; Income below workforce median
EMP-0022,36,1,Travel_Rarely,1218,Sales,9,4,Life Sciences,3,Male,82,2,1,Sales Representative,1,Single,3407,6986,7,No,23,4,2,0,10,4,3,5,3,0,3,Left,0.7092939810077025,High,Low job satisfaction; No stock options; Income below workforce median
EMP-0023,34,0,Travel_Rarely,419,Research & Development,7,4,Life Sciences,1,Female,53,3,3,Research Director,2,Single,11994,21293,0,No,11,3,3,0,13,4,3,12,6,2,11,Stayed,0.04704234948641913,Low,Low job satisfaction; Low environment satisfaction; No stock options
EMP-0024,21,0,Travel_Rarely,391,Research & Development,15,2,Life Sciences,3,Male,96,3,1,Research Scientist,4,Single,1232,19281,1,No,14,3,4,0,0,6,3,0,0,0,0,Stayed,0.3304464622966634,Medium,Long distance from home; No stock options; Income below workforce median
EMP-0025,34,1,Travel_Rarely,699,Research & Development,6,1,Medical,2,Male,83,3,1,Research Scientist,1,Single,2960,17102,2,No,11,3,3,0,8,2,3,4,2,1,3,Left,0.2951252386334234,Low,Low job satisfaction; Low environment satisfaction; No stock options; Income below workforce median
EMP-0026,53,0,Travel_Rarely,1282,Research & Development,5,3,Other,3,Female,58,3,5,Manager,3,Divorced,19094,10735,4,No,11,3,4,1,26,3,2,14,13,4,8,Stayed,0.010956938935878895,Low,Low work-life balance; Long period since promotion
EMP-0027,32,1,Travel_Frequently,1125,Research & Development,16,1,Life Sciences,2,Female,72,1,1,Research Scientist,1,Single,3919,4681,1,Yes,22,4,2,0,10,5,3,10,2,6,7,Left,0.8959596312048618,High,Works overtime; Low job satisfaction; Low environment satisfaction; Long period since promotion
EMP-0028,42,0,Travel_Rarely,691,Sales,8,4,Marketing,3,Male,48,3,2,Sales Executive,2,Married,6825,21173,0,No,11,3,4,1,10,2,3,9,7,4,2,Stayed,0.21517546096430723,Low,Low job satisfaction; Long period since promotion
EMP-0029,44,0,Travel_Rarely,477,Research & Development,7,4,Medical,1,Female,42,2,3,Healthcare Representative,4,Married,10248,2094,3,No,14,3,4,1,24,4,3,22,6,5,17,Stayed,0.029078375749903327,Low,Low environment satisfaction; Long period since promotion
EMP-0030,46,0,Travel_Rarely,705,Sales,2,4,Marketing,2,Female,83,3,5,Manager,1,Single,18947,22822,3,No,12,3,4,0,22,2,2,2,2,2,1,Stayed,0.38596003053897426,Medium,Low job satisfaction; Low environment satisfaction; Low work-life balance; No stock options
EMP-0031,33,0,Travel_Rarely,924,Research & Development,2,3,Medical,3,Male,78,3,1,Laboratory Technician,4,Single,2496,6670,4,No,11,3,4,0,7,3,3,1,1,0,0,Stayed,0.2850473333322508,Low,No stock options; Income below workforce median
EMP-0032,44,0,Travel_Rarely,1459,Research & Development,10,4,Other,4,Male,41,3,2,Healthcare Representative,4,Married,6465,19121,2,Yes,13,3,4,0,9,5,4,4,2,1,3,Stayed,0.03483939235818264,Low,Works overtime; No stock options
EMP-0033,30,0,Travel_Rarely,125,Research & Development,9,2,Medical,4,Male,83,2,1,Laboratory Technician,3,Single,2206,16117,1,No,13,3,1,0,10,5,3,10,0,1,8,Stayed,0.3398939086801266,Medium,No stock options; Income below workforce median
EMP-0034,39,1,Travel_Rarely,895,Sales,5,3,Technical Degree,4,Male,56,3,2,Sales Representative,4,Married,2086,3335,3,No,14,3,3,1,19,6,4,1,0,0,0,Left,0.16417426058747073,Low,Income below workforce median
EMP-0035,24,1,Travel_Rarely,813,Research & Development,1,3,Medical,2,Male,61,3,1,Research Scientist,4,Married,2293,3020,2,Yes,16,3,1,1,6,2,2,2,0,2,0,Left,0.585425463490303,Medium,Works overtime; Low environment satisfaction; Low work-life balance; Income below workforce median
EMP-0036,43,0,Travel_Rarely,1273,Research & Development,2,2,Medical,4,Female,72,4,1,Research Scientist,3,Divorced,2645,21923,1,No,12,3,4,2,6,3,2,5,3,1,4,Stayed,0.009949546805999321,Low,Low work-life balance; Income below workforce median
EMP-0037,50,1,Travel_Rarely,869,Sales,3,2,Marketing,1,Male,86,2,1,Sales Representative,3,Married,2683,3810,1,Yes,14,3,3,0,3,2,3,3,2,0,2,Left,0.9146248553324945,High,Works overtime; Low environment satisfaction; No stock options; Income below workforce median
EMP-0038,35,0,Travel_Rarely,890,Sales,2,3,Marketing,4,Female,97,3,1,Sales Representative,4,Married,2014,9687,1,No,13,3,1,0,2,3,3,2,2,2,2,Stayed,0.4346880854396301,Medium,No stock options; Income below workforce median
EMP-0039,36,0,Travel_Rarely,852,Research & Development,5,4,Life Sciences,2,Female,82,2,1,Research Scientist,1,Married,3419,13072,9,Yes,14,3,4,1,6,3,4,1,1,0,0,Stayed,0.7995146996640762,High,Works overtime; Low job satisfaction; Low environment satisfaction; Income below workforce median
EMP-0040,33,0,Travel_Frequently,1141,Sales,1,3,Life Sciences,3,Female,42,4,2,Sales Executive,1,Married,5376,3193,2,No,19,3,1,2,10,3,3,5,3,1,3,Stayed,0.15908796588797883,Low,Low job satisfaction; Frequent business travel
EMP-0041,35,0,Travel_Rarely,464,Research & Development,4,2,Other,3,Male,75,3,1,Laboratory Technician,4,Divorced,1951,10910,1,No,12,3,3,1,1,3,3,1,0,0,0,Stayed,0.23312001200932692,Low,Income below workforce median
EMP-0042,27,0,Travel_Rarely,1240,Research & Development,2,4,Life Sciences,4,Female,33,3,1,Laboratory Technician,1,Divorced,2341,19715,1,No,13,3,4,1,1,6,3,1,0,0,0,Stayed,0.36315534825694695,Medium,Low job satisfaction; Income below workforce median
EMP-0043,26,1,Travel_Rarely,1357,Research & Development,25,3,Life Sciences,1,Male,48,1,1,Laboratory Technician,3,Single,2293,10558,1,No,12,3,3,0,1,2,2,1,0,0,1,Left,0.9505729049500311,High,Low environment satisfaction; Low work-life balance; Long distance from home; No stock options
EMP-0044,27,0,Travel_Frequently,994,Sales,8,3,Life Sciences,4,Male,37,3,3,Sales Executive,3,Single,8726,2975,1,No,15,3,4,0,9,0,3,9,8,1,7,Stayed,0.2534757598715469,Low,Frequent business travel; No stock options
EMP-0045,30,0,Travel_Frequently,721,Research & Development,1,2,Medical,3,Female,58,3,2,Laboratory Technician,4,Single,4011,10781,1,No,23,4,4,0,12,2,3,12,8,3,7,Stayed,0.23902099212517947,Low,Frequent business travel; No stock options; Income below workforce median
EMP-0046,41,1,Travel_Rarely,1360,Research & Development,12,3,Technical Degree,2,Female,49,3,5,Research Director,3,Married,19545,16280,1,No,12,3,4,0,23,0,3,22,15,15,8,Left,0.20673209844494136,Low,Low environment satisfaction; Long period since promotion; No stock options
EMP-0047,34,0,Non-Travel,1065,Sales,23,4,Marketing,2,Male,72,3,2,Sales Executive,3,Single,4568,10034,0,No,20,4,3,0,10,2,3,9,5,8,7,Stayed,0.2655355713456033,Low,Low environment satisfaction; Long period since promotion; Long distance from home; No stock options
EMP-0048,37,0,Travel_Rarely,408,Research & Development,19,2,Life Sciences,2,Male,73,3,1,Research Scientist,2,Married,3022,10227,4,No,21,4,1,0,8,1,3,1,0,0,0,Stayed,0.5753743227013705,Medium,Low job satisfaction; Low environment satisfaction; Long distance from home; No stock options
EMP-0049,46,0,Travel_Frequently,1211,Sales,5,4,Marketing,1,Male,98,3,2,Sales Executive,4,Single,5772,20445,4,Yes,21,4,3,0,14,4,3,9,6,0,8,Stayed,0.5380712847205043,Medium,Works overtime; Low environment satisfaction; Frequent business travel; No stock options
EMP-0050,35,0,Travel_Rarely,1229,Research & Development,8,1,Life Sciences,4,Male,36,4,1,Laboratory Technician,4,Married,2269,4892,1,No,19,3,4,0,1,2,3,1,0,0,1,Stayed,0.16253213338295613,Low,No stock options; Income below workforce median
EMP-0051,48,1,Travel_Rarely,626,Research & Development,1,2,Life Sciences,1,Male,98,2,3,Laboratory Technician,3,Single,5381,19294,9,Yes,13,3,4,0,23,2,3,1,0,0,0,Left,0.9409772760876295,High,Works overtime; Low environment satisfaction; No stock options
EMP-0052,28,1,Travel_Rarely,1434,Research & Development,5,4,Technical Degree,3,Male,50,3,1,Laboratory Technician,3,Single,3441,11179,1,Yes,13,3,3,0,2,3,2,2,2,2,2,Left,0.904313003526389,High,Works overtime; Low work-life balance; No stock options; Income below workforce median
EMP-0053,44,0,Travel_Rarely,1488,Sales,1,5,Marketing,2,Female,75,3,2,Sales Executive,1,Divorced,5454,4009,5,Yes,21,4,3,1,9,2,2,4,3,1,3,Stayed,0.7537769644231574,High,Works overtime; Low job satisfaction; Low environment satisfaction; Low work-life balance
EMP-0054,35,0,Non-Travel,1097,Research & Development,11,2,Medical,3,Male,79,2,3,Healthcare Representative,1,Married,9884,8302,2,Yes,13,3,3,1,10,3,3,4,0,2,3,Stayed,0.3177382281290052,Medium,Works overtime; Low job satisfaction
EMP-0055,26,0,Travel_Rarely,1443,Sales,23,3,Marketing,3,Female,47,2,2,Sales Executive,4,Married,4157,21436,7,Yes,19,3,3,1,5,2,2,2,2,0,0,Stayed,0.9113537019326419,High,Works overtime; Low work-life balance; Long distance from home; Income below workforce median
EMP-0056,33,0,Travel_Frequently,515,Research & Development,1,2,Life Sciences,1,Female,98,3,3,Research Director,4,Single,13458,15146,1,Yes,12,3,3,0,15,1,3,15,14,8,12,Stayed,0.25519637055112754,Low,Works overtime; Low environment satisfaction; Long period since promotion; Frequent business travel
EMP-0057,35,0,Travel_Frequently,853,Sales,18,5,Life Sciences,2,Male,71,3,3,Sales Executive,1,Married,9069,11031,1,No,22,4,4,1,9,3,2,9,8,1,8,Stayed,0.48060761459147694,Medium,Low job satisfaction; Low environment satisfaction; Low work-life balance; Frequent business travel
EMP-0058,35,0,Travel_Rarely,1142,Research & Development,23,4,Medical,3,Female,30,3,1,Laboratory Technician,1,Married,4014,16002,3,Yes,15,3,3,1,4,3,3,2,2,2,2,Stayed,0.8771440970810537,High,Works overtime; Low job satisfaction; Long distance from home; Income below workforce median
EMP-0059,31,0,Travel_Rarely,655,Research & Development,7,4,Life Sciences,4,Male,48,3,2,Laboratory Technician,4,Divorced,5915,9528,3,No,22,4,4,1,10,3,2,7,7,1,7,Stayed,0.10145836049649519,Low,Low work-life balance
EMP-0060,37,0,Travel_Rarely,1115,Research & Development,1,4,Life Sciences,1,Male,51,2,2,Manufacturing Director,3,Divorced,5993,2689,1,No,18,3,3,1,7,2,4,7,5,0,7,Stayed,0.050250816279690906,Low,Low environment satisfaction
EMP-0061,32,0,Travel_Rarely,427,Research & Development,1,3,Medical,1,Male,33,3,2,Manufacturing Director,4,Married,6162,10877,1,Yes,22,4,2,1,9,3,3,9,8,7,8,Stayed,0.4149954358179796,Medium,Works overtime; Low environment satisfaction; Long period since promotion
EMP-0062,38,0,Travel_Frequently,653,Research & Development,29,5,Life Sciences,4,Female,50,3,2,Laboratory Technician,4,Single,2406,5456,1,No,11,3,4,0,10,2,3,10,3,9,9,Stayed,0.6939567896704407,High,Long period since promotion; Frequent business travel; Long distance from home; No stock options
EMP-0063,50,0,Travel_Rarely,989,Research & Development,7,2,Medical,2,Female,43,2,5,Research Director,3,Divorced,18740,16701,5,Yes,12,3,4,1,29,2,2,27,3,13,8,Stayed,0.6047805457620635,High,Works overtime; Low environment satisfaction; Low work-life balance; Long period since promotion
EMP-0064,59,0,Travel_Rarely,1435,Sales,25,3,Life Sciences,1,Female,99,3,3,Sales Executive,1,Single,7637,2354,7,No,11,3,4,0,28,3,2,21,16,7,9,Stayed,0.5593691751106601,Medium,Low job satisfaction; Low environment satisfaction; Low work-life balance; Long period since promotion
EMP-0065,36,0,Travel_Rarely,1223,Research & Development,8,3,Technical Degree,3,Female,59,3,3,Healthcare Representative,3,Divorced,10096,8202,1,No,13,3,2,3,17,2,3,17,14,12,8,Stayed,0.06033769763287677,Low,Long period since promotion
EMP-0066,55,0,Travel_Rarely,836,Research & Development,8,3,Medical,4,Female,33,3,4,Manager,3,Divorced,14756,19730,2,Yes,14,3,3,3,21,2,3,5,0,0,2,Stayed,0.045638889963626576,Low,Works overtime
EMP-0067,36,0,Travel_Frequently,1195,Research & Development,11,3,Life Sciences,2,Male,95,2,2,Manufacturing Director,2,Single,6499,22656,1,No,13,3,3,0,6,3,3,6,5,0,3,Stayed,0.38899889609182403,Medium,Low job satisfaction; Low environment satisfaction; Frequent business travel; No stock options
EMP-0068,45,0,Travel_Rarely,1339,Research & Development,7,3,Life Sciences,2,Male,59,3,3,Research Scientist,1,Divorced,9724,18787,2,No,17,3,3,1,25,2,3,1,0,0,0,Stayed,0.07425831225398422,Low,Low job satisfaction; Low environment satisfaction
EMP-0069,35,0,Travel_Frequently,664,Research & Development,1,3,Medical,2,Male,79,3,1,Research Scientist,1,Married,2194,5868,4,No,13,3,4,1,5,2,2,3,2,1,2,Stayed,0.47011828420153684,Medium,Low job satisfaction; Low environment satisfaction; Low work-life balance; Frequent business travel
EMP-0070,36,1,Travel_Rarely,318,Research & Development,9,3,Medical,4,Male,79,2,1,Research Scientist,3,Married,3388,21777,0,Yes,17,3,1,1,2,0,2,1,0,0,0,Left,0.7502188503127915,High,Works overtime; Low work-life balance; Income below workforce median
EMP-0071,59,0,Travel_Frequently,1225,Sales,1,1,Life Sciences,1,Female,57,2,2,Sales Executive,3,Single,5473,24668,7,No,11,3,4,0,20,2,2,4,3,1,3,Stayed,0.4793425750236086,Medium,Low environment satisfaction; Low work-life balance; Frequent business travel; No stock options
EMP-0072,29,0,Travel_Rarely,1328,Research & Development,2,3,Life Sciences,3,Male,76,3,1,Research Scientist,2,Married,2703,4956,0,No,23,4,4,1,6,3,3,5,4,0,4,Stayed,0.024835209921707655,Low,Low job satisfaction; Income below workforce median
EMP-0073,31,0,Travel_Rarely,1082,Research & Development,1,4,Medical,3,Male,87,3,1,Research Scientist,2,Single,2501,18775,1,No,17,3,2,0,1,4,3,1,1,1,0,Stayed,0.2990677913918781,Low,Low job satisfaction; No stock options; Income below workforce median
EMP-0074,32,0,Travel_Rarely,548,Research & Development,1,3,Life Sciences,2,Male,66,3,2,Research Scientist,2,Married,6220,7346,1,No,17,3,2,2,10,3,3,10,4,0,9,Stayed,0.04473201469817315,Low,Low job satisfaction; Low environment satisfaction
EMP-0075,36,0,Travel_Rarely,132,Research & Development,6,3,Life Sciences,2,Female,55,4,1,Laboratory Technician,4,Married,3038,22002,3,No,12,3,2,0,5,3,3,1,0,0,0,Stayed,0.5049630033767843,Medium,Low environment satisfaction; No stock options; Income below workforce median
EMP-0076,31,0,Travel_Rarely,746,Research & Development,8,4,Life Sciences,3,Female,61,3,2,Manufacturing Director,4,Single,4424,20682,1,No,23,4,4,0,11,2,3,11,7,1,8,Stayed,0.027374379216839863,Low,No stock options; Income below workforce median
EMP-0077,35,0,Travel_Rarely,776,Sales,1,4,Marketing,3,Male,32,2,2,Sales Executive,1,Single,4312,23016,0,No,14,3,2,0,16,2,3,15,13,2,8,Stayed,0.2151846990033094,Low,Low job satisfaction; No stock options; Income below workforce median
EMP-0078,45,0,Travel_Rarely,193,Research & Development,6,4,Other,4,Male,52,3,3,Research Director,1,Married,13245,15067,4,Yes,14,3,2,0,17,3,4,0,0,0,0,Stayed,0.11163499604406439,Low,Works overtime; Low job satisfaction; No stock options
EMP-0079,37,0,Travel_Rarely,397,Research & Development,7,4,Medical,1,Male,30,3,3,Research Director,3,Single,13664,25258,4,No,13,3,1,0,16,3,4,5,2,0,2,Stayed,0.11065065438192391,Low,Low environment satisfaction; No stock options
EMP-0080,46,0,Travel_Rarely,945,Human Resources,5,2,Medical,2,Male,80,3,2,Human Resources,2,Divorced,5021,10425,8,Yes,22,4,4,1,16,2,3,4,2,0,2,Stayed,0.5593331645780985,Medium,Works overtime; Low job satisfaction; Low environment satisfaction
EMP-0081,30,0,Travel_Rarely,852,Research & Development,1,1,Life Sciences,4,Male,55,2,2,Laboratory Technician,4,Married,5126,15998,1,Yes,12,3,3,2,10,1,2,10,8,3,0,Stayed,0.584442127148566,Medium,Works overtime; Low work-life balance
EMP-0082,35,0,Travel_Rarely,1214,Research & Development,1,3,Medical,2,Male,30,2,1,Research Scientist,3,Single,2859,26278,1,No,18,3,1,0,6,3,3,6,4,0,4,Stayed,0.14198223215957534,Low,Low environment satisfaction; No stock options; Income below workforce median
EMP-0083,55,0,Travel_Rarely,111,Sales,1,2,Life Sciences,1,Male,70,3,3,Sales Executive,4,Married,10239,18092,3,No,14,3,4,1,24,4,3,1,0,1,0,Stayed,0.07199865772312986,Low,Low environment satisfaction
EMP-0084,38,0,Non-Travel,573,Research & Development,6,3,Medical,2,Female,79,1,2,Research Scientist,4,Divorced,5329,15717,7,Yes,12,3,4,3,17,3,3,13,11,1,9,Stayed,0.08747213533114309,Low,Works overtime; Low environment satisfaction
EMP-0085,34,0,Travel_Rarely,1153,Research & Development,1,2,Medical,1,Male,94,3,2,Manufacturing Director,2,Married,4325,17736,1,No,15,3,3,0,5,2,3,5,2,1,3,Stayed,0.24758331577863874,Low,Low job satisfaction; Low environment satisfaction; No stock options; Income below workforce median
EMP-0086,56,0,Travel_Rarely,1400,Research & Development,7,3,Life Sciences,4,Male,49,1,3,Manufacturing Director,4,Single,7260,21698,4,No,11,3,1,0,37,3,2,6,4,0,2,Stayed,0.05060764926227518,Low,Low work-life balance; No stock options
EMP-0087,23,0,Travel_Rarely,541,Sales,2,1,Technical Degree,3,Male,62,3,1,Sales Representative,1,Divorced,2322,9518,3,No,13,3,3,1,3,3,3,0,0,0,0,Stayed,0.8098848041266601,High,Low job satisfaction; Income below workforce median
EMP-0088,51,0,Travel_Rarely,432,Research & Development,9,4,Life Sciences,4,Male,96,3,1,Laboratory Technician,4,Married,2075,18725,3,No,23,4,2,2,10,4,3,4,2,0,3,Stayed,0.04477736087088449,Low,Income below workforce median
EMP-0089,30,0,Travel_Rarely,288,Research & Development,2,3,Life Sciences,3,Male,99,2,2,Healthcare Representative,4,Married,4152,15830,1,No,19,3,1,3,11,3,3,11,10,10,8,Stayed,0.034445233225268074,Low,Long period since promotion; Income below workforce median
EMP-0090,46,1,Travel_Rarely,669,Sales,9,2,Medical,3,Male,64,2,3,Sales Executive,4,Single,9619,13596,1,No,16,3,4,0,9,3,3,9,8,4,7,Left,0.17633906935577592,Low,Long period since promotion; No stock options
EMP-0091,40,0,Travel_Frequently,530,Research & Development,1,4,Life Sciences,3,Male,78,2,4,Healthcare Representative,2,Married,13503,14115,1,No,22,4,4,1,22,3,2,22,3,11,11,Stayed,0.25355292795205325,Low,Low job satisfaction; Low work-life balance; Long period since promotion; Frequent business travel
EMP-0092,51,0,Travel_Rarely,632,Sales,21,4,Marketing,3,Male,71,3,2,Sales Executive,4,Single,5441,8423,0,Yes,22,4,4,0,11,2,1,10,7,1,0,Stayed,0.6198506481127529,High,Works overtime; Low work-life balance; Long distance from home; No stock options
EMP-0093,30,0,Travel_Rarely,1334,Sales,4,2,Medical,3,Female,63,2,2,Sales Executive,2,Divorced,5209,19760,1,Yes,12,3,2,3,11,4,2,11,8,2,7,Stayed,0.2902418315414225,Low,Works overtime; Low job satisfaction; Low work-life balance
EMP-0094,46,0,Travel_Frequently,638,Research & Development,1,3,Medical,3,Male,40,2,3,Healthcare Representative,1,Married,10673,3142,2,Yes,13,3,3,1,21,5,2,10,9,9,5,Stayed,0.5864201614894875,Medium,Works overtime; Low job satisfaction; Low work-life balance; Long period since promotion
EMP-0095,32,0,Travel_Rarely,1093,Sales,6,4,Medical,2,Male,87,3,2,Sales Executive,3,Single,5010,24301,1,No,16,3,1,0,12,0,3,11,8,5,7,Stayed,0.32799053355899843,Medium,Low environment satisfaction; Long period since promotion; No stock options
EMP-0096,54,0,Travel_Rarely,1217,Research & Development,2,4,Technical Degree,1,Female,60,3,3,Research Director,3,Married,13549,24001,9,No,12,3,1,1,16,5,1,4,3,0,3,Stayed,0.16408376968091776,Low,Low environment satisfaction; Low work-life balance
EMP-0097,24,0,Travel_Rarely,1353,Sales,3,2,Other,1,Female,33,3,2,Sales Executive,3,Married,4999,17519,0,No,21,4,1,1,4,2,2,3,2,0,2,Stayed,0.34300693202636523,Medium,Low environment satisfaction; Low work-life balance
EMP-0098,28,0,Non-Travel,120,Sales,4,3,Medical,2,Male,43,3,2,Sales Executive,3,Married,4221,8863,1,No,15,3,2,0,5,3,4,5,4,0,4,Stayed,0.1795952596305363,Low,Low environment satisfaction; No stock options; Income below workforce median
EMP-0099,58,0,Travel_Rarely,682,Sales,10,4,Medical,4,Male,37,3,4,Sales Executive,3,Single,13872,24409,0,No,13,3,3,0,38,1,2,37,10,1,8,Stayed,0.03989517357225213,Low,Low work-life balance; No stock options
EMP-0100,44,0,Non-Travel,489,Research & Development,23,3,Medical,2,Male,67,3,2,Laboratory Technician,2,Married,2042,25043,4,No,12,3,3,1,17,3,4,3,2,1,2,Stayed,0.26989550653135685,Low,Low job satisfaction; Low environment satisfaction; Long distance from home; Income below workforce median
EMP-0101,37,1,Travel_Rarely,807,Human Resources,6,4,Human Resources,3,Male,63,3,1,Human Resources,1,Divorced,2073,23648,4,Yes,22,4,4,0,7,3,3,3,2,0,2,Left,0.7777830446081717,High,Works overtime; Low job satisfaction; No stock options; Income below workforce median
EMP-0102,32,0,Travel_Rarely,827,Research & Development,1,1,Life Sciences,4,Male,71,3,1,Research Scientist,1,Single,2956,15178,1,No,13,3,4,0,1,2,3,1,0,0,0,Stayed,0.3415315383804163,Medium,Low job satisfaction; No stock options; Income below workforce median
EMP-0103,20,1,Travel_Frequently,871,Research & Development,6,3,Life Sciences,4,Female,66,2,1,Laboratory Technician,4,Single,2926,19783,1,Yes,18,3,2,0,1,5,3,1,0,1,0,Left,0.9322046636806715,High,Works overtime; Frequent business travel; No stock options; Income below workforce median
EMP-0104,34,0,Travel_Rarely,665,Research & Development,6,4,Other,1,Female,41,3,2,Research Scientist,3,Single,4809,12482,1,No,14,3,3,0,16,3,3,16,13,2,10,Stayed,0.045653108569964754,Low,Low environment satisfaction; No stock options; Income below workforce median
EMP-0105,37,0,Non-Travel,1040,Research & Development,2,2,Life Sciences,3,Male,100,2,2,Healthcare Representative,4,Divorced,5163,15850,5,No,14,3,4,1,17,2,4,1,0,0,0,Stayed,0.009546936270854523,Low,No prominent rule-based indicators
EMP-0106,59,0,Non-Travel,1420,Human Resources,2,4,Human Resources,3,Female,32,2,5,Manager,4,Married,18844,21922,9,No,21,4,4,1,30,3,3,3,2,2,2,Stayed,0.027758648381167473,Low,No prominent rule-based indicators
EMP-0107,50,0,Travel_Frequently,1115,Research & Development,1,3,Life Sciences,1,Female,73,3,5,Research Director,2,Married,18172,9755,3,Yes,19,3,1,0,28,1,2,8,3,0,7,Stayed,0.2578590329544936,Low,Works overtime; Low job satisfaction; Low environment satisfaction; Low work-life balance
EMP-0108,25,1,Travel_Rarely,240,Sales,5,3,Marketing,3,Male,46,2,2,Sales Executive,3,Single,5744,26959,1,Yes,11,3,4,0,6,1,3,6,4,0,3,Left,0.8491394003082603,High,Works overtime; No stock options
EMP-0109,25,0,Travel_Rarely,1280,Research & Development,7,1,Medical,4,Male,64,2,1,Research Scientist,4,Married,2889,26897,1,No,11,3,3,2,2,2,3,2,2,2,1,Stayed,0.08755280015057233,Low,Income below workforce median
EMP-0110,22,0,Travel_Rarely,534,Research & Development,15,3,Medical,2,Female,59,3,1,Laboratory Technician,4,Single,2871,23785,1,No,15,3,3,0,1,5,3,0,0,0,0,Stayed,0.7603233265592854,High,Low environment satisfaction; Long distance from home; No stock options; Income below workforce median
EMP-0111,51,0,Travel_Frequently,1456,Research & Development,1,4,Medical,1,Female,30,2,3,Healthcare Representative,1,Single,7484,25796,3,No,20,4,3,0,23,1,2,13,12,12,8,Stayed,0.569591403895655,Medium,Low job satisfaction; Low environment satisfaction; Low work-life balance; Long period since promotion
EMP-0112,34,1,Travel_Frequently,658,Research & Development,7,3,Life Sciences,1,Male,66,1,2,Laboratory Technician,3,Single,6074,22887,1,Yes,24,4,4,0,9,3,3,9,7,0,6,Left,0.8977511018794575,High,Works overtime; Low environment satisfaction; Frequent business travel; No stock options
EMP-0113,54,0,Non-Travel,142,Human Resources,26,3,Human Resources,4,Female,30,4,4,Manager,4,Single,17328,13871,2,Yes,12,3,3,0,23,3,3,5,3,4,4,Stayed,0.16073654074944146,Low,Works overtime; Long period since promotion; Long distance from home; No stock options
EMP-0114,24,0,Travel_Rarely,1127,Research & Development,18,1,Life Sciences,2,Male,52,3,1,Laboratory Technician,3,Married,2774,13257,0,No,12,3,3,1,6,2,3,5,3,1,2,Stayed,0.3585414241049832,Medium,Low environment satisfaction; Long distance from home; Income below workforce median
EMP-0115,34,0,Travel_Rarely,1031,Research & Development,6,4,Life Sciences,3,Female,45,2,2,Research Scientist,2,Divorced,4505,15000,6,No,15,3,3,1,12,3,3,1,0,0,0,Stayed,0.28905623873498104,Low,Low job satisfaction; Income below workforce median
EMP-0116,37,0,Travel_Rarely,1189,Sales,3,3,Life Sciences,3,Male,87,3,3,Sales Executive,4,Single,7428,14506,2,No,12,3,1,0,12,3,3,5,3,1,3,Stayed,0.20875440770830977,Low,No stock options
EMP-0117,34,0,Travel_Rarely,1354,Research & Development,5,3,Medical,3,Female,45,2,3,Manager,1,Single,11631,5615,2,No,12,3,4,0,14,6,3,11,10,5,8,Stayed,0.1046053470460053,Low,Low job satisfaction; Long period since promotion; No stock options
EMP-0118,36,0,Travel_Frequently,1467,Sales,11,2,Technical Degree,2,Female,92,3,3,Sales Executive,4,Married,9738,22952,0,No,14,3,3,1,10,6,3,9,7,2,8,Stayed,0.16537429756593308,Low,Low environment satisfaction; Frequent business travel
EMP-0119,36,0,Travel_Rarely,922,Research & Development,3,2,Life Sciences,1,Female,39,3,1,Laboratory Technician,4,Divorced,2835,2561,5,No,22,4,1,1,7,2,3,1,0,0,0,Stayed,0.5026369142817805,Medium,Low environment satisfaction; Income below workforce median
EMP-0120,43,0,Travel_Frequently,394,Sales,26,2,Life Sciences,3,Male,92,3,4,Manager,4,Married,16959,19494,1,Yes,12,3,4,2,25,3,4,25,12,4,12,Stayed,0.13418668819988108,Low,Works overtime; Long period since promotion; Frequent business travel; Long distance from home
EMP-0121,30,0,Travel_Frequently,1312,Research & Development,23,3,Life Sciences,1,Male,96,1,1,Research Scientist,3,Divorced,2613,22310,1,No,25,4,3,3,10,2,2,10,7,0,9,Stayed,0.1049013077734133,Low,Low environment satisfaction; Low work-life balance; Frequent business travel; Long distance from home
EMP-0122,33,0,Non-Travel,750,Sales,22,2,Marketing,3,Male,95,3,2,Sales Executive,2,Married,6146,15480,0,No,13,3,1,1,8,2,4,7,7,0,7,Stayed,0.07982016922162957,Low,Low job satisfaction; Long distance from home
EMP-0123,56,1,Travel_Rarely,441,Research & Development,14,4,Life Sciences,2,Female,72,3,1,Research Scientist,2,Married,4963,4510,9,Yes,18,3,1,3,7,2,3,5,4,4,3,Left,0.6296538883123103,High,Works overtime; Low job satisfaction; Low environment satisfaction; Long period since promotion
EMP-0124,51,0,Travel_Rarely,684,Research & Development,6,3,Life Sciences,1,Male,51,3,5,Research Director,3,Single,19537,6462,7,No,13,3,3,0,23,5,3,20,18,15,15,Stayed,0.13080124344459354,Low,Low environment satisfaction; Long period since promotion; No stock options
EMP-0125,31,1,Travel_Rarely,249,Sales,6,4,Life Sciences,2,Male,76,1,2,Sales Executive,3,Married,6172,20739,4,Yes,18,3,2,0,12,3,2,7,7,7,7,Left,0.9192110670529074,High,Works overtime; Low environment satisfaction; Low work-life balance; Long period since promotion
EMP-0126,26,0,Travel_Rarely,841,Research & Development,6,3,Other,3,Female,46,2,1,Research Scientist,2,Married,2368,23300,1,No,19,3,3,0,5,3,2,5,4,4,3,Stayed,0.1698755203839422,Low,Low job satisfaction; Low work-life balance; Long period since promotion; No stock options
EMP-0127,58,1,Travel_Rarely,147,Research & Development,23,4,Medical,4,Female,94,3,3,Healthcare Representative,4,Married,10312,3465,1,No,12,3,4,1,40,3,2,40,10,15,6,Left,0.1012828126277185,Low,Low work-life balance; Long period since promotion; Long distance from home
EMP-0128,19,1,Travel_Rarely,528,Sales,22,1,Marketing,4,Male,50,3,1,Sales Representative,3,Single,1675,26820,1,Yes,19,3,4,0,0,2,2,0,0,0,0,Left,0.97836856569656,High,Works overtime; Low work-life balance; Long distance from home; No stock options
EMP-0129,22,0,Travel_Rarely,594,Research & Development,2,1,Technical Degree,3,Male,100,3,1,Laboratory Technician,4,Married,2523,19299,0,No,14,3,3,1,3,2,3,2,1,2,1,Stayed,0.3432066710739774,Medium,Income below workforce median
EMP-0130,49,0,Travel_Rarely,470,Research & Development,20,4,Medical,3,Female,96,3,2,Manufacturing Director,1,Married,6567,5549,1,No,14,3,3,0,16,2,2,15,11,5,11,Stayed,0.12475326507979256,Low,Low job satisfaction; Low work-life balance; Long period since promotion; Long distance from home
EMP-0131,43,0,Travel_Frequently,957,Research & Development,28,3,Medical,2,Female,72,4,1,Research Scientist,3,Single,4739,16090,4,No,12,3,4,0,18,2,3,3,2,1,2,Stayed,0.21315449515226095,Low,Low environment satisfaction; Frequent business travel; Long distance from home; No stock options
EMP-0132,50,0,Travel_Frequently,809,Sales,12,3,Marketing,3,Female,77,3,3,Sales Executive,4,Single,9208,6645,4,No,11,3,4,0,16,3,3,2,2,2,1,Stayed,0.3354209283704312,Medium,Frequent business travel; No stock options
EMP-0133,31,1,Travel_Rarely,542,Sales,20,3,Life Sciences,2,Female,71,1,2,Sales Executive,3,Married,4559,24788,3,Yes,11,3,3,1,4,2,3,2,2,2,2,Left,0.9532147544477697,High,Works overtime; Low environment satisfaction; Long distance from home; Income below workforce median
EMP-0134,41,0,Travel_Rarely,802,Sales,9,1,Life Sciences,3,Male,96,3,3,Sales Executive,3,Divorced,8189,21196,3,Yes,13,3,3,1,12,2,3,9,7,0,7,Stayed,0.3707424969113112,Medium,Works overtime
EMP-0135,26,0,Travel_Rarely,1355,Human Resources,25,1,Life Sciences,3,Female,61,3,1,Human Resources,3,Married,2942,8916,1,No,23,4,4,1,8,3,3,8,7,5,7,Stayed,0.0727978256243527,Low,Long period since promotion; Long distance from home; Income below workforce median
EMP-0136,36,0,Travel_Rarely,216,Research & Development,6,2,Medical,2,Male,84,3,2,Manufacturing Director,2,Divorced,4941,2819,6,No,20,4,4,2,7,0,3,3,2,0,1,Stayed,0.25911455264327776,Low,Low job satisfaction; Low environment satisfaction
EMP-0137,51,1,Travel_Frequently,1150,Research & Development,8,4,Life Sciences,1,Male,53,1,3,Manufacturing Director,4,Single,10650,25150,2,No,15,3,4,0,18,2,3,4,2,0,3,Left,0.18062315674059057,Low,Low environment satisfaction; Frequent business travel; No stock options
EMP-0138,39,0,Travel_Rarely,1329,Sales,4,4,Life Sciences,4,Female,47,2,2,Sales Executive,3,Married,5902,14590,4,No,14,3,3,1,17,1,4,15,11,5,9,Stayed,0.05899828755357209,Low,Long period since promotion
EMP-0139,25,0,Travel_Rarely,959,Sales,28,3,Life Sciences,1,Male,41,2,2,Sales Executive,3,Married,8639,24835,2,No,18,3,4,0,6,3,3,2,2,2,2,Stayed,0.7085999062074723,High,Low environment satisfaction; Long distance from home; No stock options
EMP-0140,30,0,Travel_Rarely,1240,Human Resources,9,3,Human Resources,3,Male,48,3,2,Human Resources,4,Married,6347,13982,0,Yes,19,3,4,0,12,2,1,11,9,4,7,Stayed,0.5075666411332816,Medium,Works overtime; Low work-life balance; Long period since promotion; No stock options
EMP-0141,32,1,Travel_Rarely,1033,Research & Development,9,3,Medical,1,Female,41,3,1,Laboratory Technician,1,Single,4200,10224,7,No,22,4,1,0,10,2,4,5,4,0,4,Left,0.7516781271804143,High,Low job satisfaction; Low environment satisfaction; No stock options; Income below workforce median
EMP-0142,45,0,Travel_Rarely,1316,Research & Development,29,3,Medical,3,Male,83,3,1,Research Scientist,4,Single,3452,9752,5,No,13,3,2,0,9,2,2,6,5,0,3,Stayed,0.22443901308999048,Low,Low work-life balance; Long distance from home; No stock options; Income below workforce median
EMP-0143,38,0,Travel_Rarely,364,Research & Development,3,5,Technical Degree,4,Female,32,3,2,Research Scientist,3,Single,4317,2302,3,Yes,20,4,2,0,19,2,3,3,2,2,2,Stayed,0.5578363157057615,Medium,Works overtime; No stock options; Income below workforce median
EMP-0144,30,0,Travel_Rarely,438,Research & Development,18,3,Life Sciences,1,Female,75,3,1,Research Scientist,3,Single,2632,23910,1,No,14,3,3,0,5,4,2,5,4,0,4,Stayed,0.3309363188112471,Medium,Low environment satisfaction; Low work-life balance; Long distance from home; No stock options
EMP-0145,32,0,Travel_Frequently,689,Sales,9,2,Medical,4,Male,35,1,2,Sales Executive,4,Divorced,4668,22812,0,No,17,3,4,3,9,2,4,8,7,0,7,Stayed,0.032693534592962974,Low,Frequent business travel; Income below workforce median
EMP-0146,30,0,Travel_Rarely,201,Research & Development,5,3,Technical Degree,4,Female,84,3,1,Research Scientist,1,Divorced,3204,10415,5,No,14,3,4,1,8,3,3,3,2,2,2,Stayed,0.2634023373320233,Low,Low job satisfaction; Income below workforce median
EMP-0147,30,0,Travel_Rarely,1427,Research & Development,2,1,Medical,2,Male,35,2,1,Laboratory Technician,4,Single,2720,11162,0,No,13,3,4,0,6,3,3,5,3,1,2,Stayed,0.2319741761465571,Low,Low environment satisfaction; No stock options; Income below workforce median
EMP-0148,41,0,Travel_Frequently,857,Research & Development,10,3,Life Sciences,4,Male,91,2,4,Manager,1,Divorced,17181,12888,4,No,13,3,2,1,21,2,2,7,6,7,7,Stayed,0.3113334807298629,Medium,Low job satisfaction; Low work-life balance; Long period since promotion; Frequent business travel
EMP-0149,41,0,Travel_Rarely,933,Research & Development,9,4,Life Sciences,3,Male,94,3,1,Laboratory Technician,1,Married,2238,6961,2,No,21,4,4,1,7,2,3,5,0,1,4,Stayed,0.23686346677329284,Low,Low job satisfaction; Income below workforce median
EMP-0150,19,0,Travel_Rarely,1181,Research & Development,3,1,Medical,2,Female,79,3,1,Laboratory Technician,2,Single,1483,16102,1,No,14,3,4,0,1,3,3,1,0,0,0,Stayed,0.6124102445405349,High,Low job satisfaction; Low environment satisfaction; No stock options; Income below workforce median
EMP-0151,40,0,Travel_Frequently,1395,Research & Development,26,3,Medical,2,Female,54,3,2,Research Scientist,2,Divorced,5605,8504,1,No,11,3,1,1,20,2,3,20,7,2,13,Stayed,0.19110259651311623,Low,Low job satisfaction; Low environment satisfaction; Frequent business travel; Long distance from home
EMP-0152,35,0,Travel_Rarely,662,Sales,1,5,Marketing,3,Male,94,3,3,Sales Executive,2,Married,7295,11439,1,No,13,3,1,2,10,3,3,10,8,0,6,Stayed,0.14802559286121522,Low,Low job satisfaction
EMP-0153,53,0,Travel_Rarely,1436,Sales,6,2,Marketing,2,Male,34,3,2,Sales Representative,3,Married,2306,16047,2,Yes,20,4,4,1,13,3,1,7,7,4,5,Stayed,0.7186623707605129,High,Works overtime; Low environment satisfaction; Low work-life balance; Long period since promotion
EMP-0154,45,0,Travel_Rarely,194,Research & Development,9,3,Life Sciences,2,Male,60,3,2,Laboratory Technician,2,Divorced,2348,10901,8,No,18,3,3,1,20,2,1,17,9,0,15,Stayed,0.345072093847776,Medium,Low job satisfaction; Low environment satisfaction; Low work-life balance; Income below workforce median
EMP-0155,32,0,Travel_Frequently,967,Sales,8,3,Marketing,2,Female,43,3,3,Sales Executive,4,Single,8998,15589,1,No,14,3,4,0,9,2,3,9,8,3,7,Stayed,0.40569320780204937,Medium,Low environment satisfaction; Frequent business travel; No stock options
EMP-0156,29,0,Non-Travel,1496,Research & Development,1,1,Technical Degree,4,Male,41,3,2,Manufacturing Director,3,Married,4319,26283,1,No,13,3,1,1,10,1,3,10,7,0,9,Stayed,0.012002172740942384,Low,Income below workforce median
EMP-0157,51,0,Travel_Rarely,1169,Research & Development,7,4,Medical,2,Male,34,2,2,Manufacturing Director,3,Married,6132,13983,2,No,17,3,3,0,10,2,3,1,0,0,0,Stayed,0.14251921527916306,Low,Low environment satisfaction; No stock options
EMP-0158,58,0,Travel_Rarely,1145,Research & Development,9,3,Medical,2,Female,75,2,1,Research Scientist,2,Married,3346,11873,4,Yes,20,4,2,1,9,3,2,1,0,0,0,Stayed,0.6090991596643962,High,Works overtime; Low job satisfaction; Low environment satisfaction; Low work-life balance
EMP-0159,40,0,Travel_Rarely,630,Sales,4,4,Marketing,3,Male,67,2,3,Sales Executive,4,Married,10855,8552,7,No,11,3,1,1,15,2,2,12,11,2,11,Stayed,0.31399138290009204,Medium,Low work-life balance
EMP-0160,34,0,Travel_Frequently,303,Sales,2,4,Marketing,3,Female,75,3,1,Sales Representative,3,Married,2231,11314,6,No,18,3,4,1,6,3,3,4,3,1,2,Stayed,0.6160454132814142,High,Frequent business travel; Income below workforce median
EMP-0161,22,0,Travel_Rarely,1256,Research & Development,19,1,Medical,3,Male,80,3,1,Research Scientist,4,Married,2323,11992,1,No,24,4,1,2,2,6,3,2,2,2,2,Stayed,0.07729695416135032,Low,Long distance from home; Income below workforce median
EMP-0162,27,0,Non-Travel,691,Research & Development,9,3,Medical,4,Male,57,3,1,Research Scientist,2,Divorced,2024,5970,6,No,18,3,4,1,6,1,1,2,2,2,2,Stayed,0.1080918290297042,Low,Low job satisfaction; Low work-life balance; Income below workforce median
EMP-0163,28,0,Travel_Rarely,440,Research & Development,21,3,Medical,3,Male,42,3,1,Research Scientist,4,Married,2713,6672,1,No,11,3,3,1,5,2,1,5,2,0,2,Stayed,0.2798635808042831,Low,Low work-life balance; Long distance from home; Income below workforce median
EMP-0164,57,0,Travel_Rarely,334,Research & Development,24,2,Life Sciences,3,Male,83,4,3,Healthcare Representative,4,Divorced,9439,23402,3,Yes,16,3,2,1,12,2,1,5,3,1,4,Stayed,0.2957183572388023,Low,Works overtime; Low work-life balance; Long distance from home
EMP-0165,27,0,Non-Travel,1450,Research & Development,3,3,Medical,3,Male,79,2,1,Research Scientist,3,Divorced,2566,25326,1,Yes,15,3,4,1,1,2,2,1,1,0,1,Stayed,0.3489272424407941,Medium,Works overtime; Low work-life balance; Income below workforce median
EMP-0166,50,0,Travel_Rarely,1452,Research & Development,11,3,Life Sciences,3,Female,53,3,5,Manager,2,Single,19926,17053,3,No,15,3,2,0,21,5,3,5,4,4,4,Stayed,0.07699925452770791,Low,Low job satisfaction; Long period since promotion; No stock options
EMP-0167,41,0,Travel_Rarely,465,Research & Development,14,3,Life Sciences,1,Male,56,3,1,Research Scientist,3,Divorced,2451,4609,4,No,12,3,1,1,13,2,3,9,8,1,8,Stayed,0.17116759245826116,Low,Low environment satisfaction; Income below workforce median
EMP-0168,30,0,Travel_Rarely,1339,Sales,5,3,Life Sciences,2,Female,41,3,3,Sales Executive,4,Married,9419,8053,2,No,12,3,3,1,12,2,3,10,9,7,4,Stayed,0.26561973722945237,Low,Low environment satisfaction; Long period since promotion
EMP-0169,38,0,Travel_Rarely,702,Sales,1,4,Life Sciences,1,Female,59,2,2,Sales Executive,4,Single,8686,12930,4,No,22,4,3,0,12,2,4,8,3,0,7,Stayed,0.18218057424995307,Low,Low environment satisfaction; No stock options
EMP-0170,32,0,Travel_Rarely,120,Research & Development,6,5,Life Sciences,3,Male,43,3,1,Research Scientist,3,Single,3038,12430,3,No,20,4,1,0,8,2,3,5,4,1,4,Stayed,0.2444967873588129,Low,No stock options; Income below workforce median
EMP-0171,27,0,Travel_Rarely,1157,Research & Development,17,3,Technical Degree,3,Male,51,3,1,Research Scientist,2,Married,3058,13364,0,Yes,16,3,4,1,6,3,2,5,2,1,1,Stayed,0.5613412209393442,Medium,Works overtime; Low job satisfaction; Low work-life balance; Long distance from home
EMP-0172,19,1,Travel_Frequently,602,Sales,1,1,Technical Degree,3,Female,100,1,1,Sales Representative,1,Single,2325,20989,0,No,21,4,1,0,1,5,4,0,0,0,0,Left,0.9678645746998711,High,Low job satisfaction; Frequent business travel; No stock options; Income below workforce median
EMP-0173,36,0,Travel_Frequently,1480,Research & Development,3,2,Medical,4,Male,30,3,1,Laboratory Technician,2,Single,2088,15062,4,No,12,3,3,0,13,3,2,8,7,7,2,Stayed,0.6095550737142048,High,Low job satisfaction; Low work-life balance; Long period since promotion; Frequent business travel
EMP-0174,30,0,Non-Travel,111,Research & Development,9,3,Medical,3,Male,66,3,2,Laboratory Technician,1,Divorced,3072,11012,1,No,11,3,3,2,12,4,3,12,9,6,10,Stayed,0.1484487177121861,Low,Low job satisfaction; Long period since promotion; Income below workforce median
EMP-0175,45,0,Travel_Rarely,1268,Sales,4,2,Life Sciences,3,Female,30,3,2,Sales Executive,1,Divorced,5006,6319,4,Yes,11,3,1,1,9,3,4,5,4,0,3,Stayed,0.5945797275750125,Medium,Works overtime; Low job satisfaction
EMP-0176,56,0,Travel_Rarely,713,Research & Development,8,3,Life Sciences,3,Female,67,3,1,Research Scientist,1,Divorced,4257,13939,4,Yes,18,3,3,1,19,3,3,2,2,2,2,Stayed,0.17086545277242135,Low,Works overtime; Low job satisfaction; Income below workforce median
EMP-0177,33,0,Travel_Rarely,134,Research & Development,2,3,Life Sciences,3,Male,90,3,1,Research Scientist,4,Single,2500,10515,0,No,14,3,1,0,4,2,4,3,1,0,2,Stayed,0.11527074233288759,Low,No stock options; Income below workforce median
EMP-0178,19,1,Travel_Rarely,303,Research & Development,2,3,Life Sciences,2,Male,47,2,1,Laboratory Technician,4,Single,1102,9241,1,No,22,4,3,0,1,3,2,1,0,1,0,Left,0.7192938729313934,High,Low environment satisfaction; Low work-life balance; No stock options; Income below workforce median
EMP-0179,46,0,Travel_Rarely,526,Sales,1,2,Marketing,2,Female,92,3,3,Sales Executive,1,Divorced,10453,2137,1,No,25,4,3,3,24,2,3,24,13,15,7,Stayed,0.21415607481242183,Low,Low job satisfaction; Low environment satisfaction; Long period since promotion
EMP-0180,38,0,Travel_Rarely,1380,Research & Development,9,2,Life Sciences,3,Female,75,3,1,Laboratory Technician,4,Single,2288,6319,1,No,12,3,3,0,2,3,3,2,2,2,1,Stayed,0.29094038482449147,Low,No stock options; Income below workforce median
EMP-0181,31,0,Travel_Rarely,140,Research & Development,12,1,Medical,3,Female,95,3,1,Research Scientist,4,Married,3929,6984,8,Yes,23,4,3,1,7,0,3,4,2,0,2,Stayed,0.6419407800471105,High,Works overtime; Income below workforce median
EMP-0182,34,0,Travel_Rarely,629,Research & Development,27,2,Medical,4,Female,95,3,1,Research Scientist,2,Single,2311,5711,2,No,15,3,4,0,9,3,3,3,2,1,2,Stayed,0.1510143202895089,Low,Low job satisfaction; Long distance from home; No stock options; Income below workforce median
EMP-0183,41,1,Travel_Rarely,1356,Sales,20,2,Marketing,2,Female,70,3,1,Sales Representative,2,Single,3140,21728,1,Yes,22,4,4,0,4,5,2,4,3,0,2,Left,0.8725093447644886,High,Works overtime; Low job satisfaction; Low environment satisfaction; Low work-life balance
EMP-0184,50,0,Travel_Rarely,328,Research & Development,1,3,Medical,3,Male,86,2,1,Laboratory Technician,3,Married,3690,3425,2,No,15,3,4,1,5,2,2,3,2,0,2,Stayed,0.26733421059925105,Low,Low work-life balance; Income below workforce median
EMP-0185,53,0,Travel_Rarely,1084,Research & Development,13,2,Medical,4,Female,57,4,2,Manufacturing Director,1,Divorced,4450,26250,1,No,11,3,3,2,5,3,3,4,2,1,3,Stayed,0.03945185461638066,Low,Low job satisfaction; Income below workforce median
EMP-0186,33,0,Travel_Rarely,931,Research & Development,14,3,Medical,4,Female,72,3,1,Research Scientist,2,Married,2756,4673,1,No,13,3,4,1,8,5,3,8,7,1,6,Stayed,0.029427914571993733,Low,Low job satisfaction; Income below workforce median
EMP-0187,40,0,Travel_Rarely,989,Research & Development,4,1,Medical,4,Female,46,3,5,Manager,3,Married,19033,6499,1,No,14,3,2,1,21,2,3,20,8,9,9,Stayed,0.06652342592274775,Low,Long period since promotion
EMP-0188,55,0,Travel_Rarely,692,Research & Development,14,4,Medical,3,Male,61,4,5,Research Director,2,Single,18722,13339,8,No,11,3,4,0,36,3,3,24,15,2,15,Stayed,0.007588556784119618,Low,Low job satisfaction; No stock options
EMP-0189,34,0,Travel_Frequently,1069,Research & Development,2,1,Life Sciences,4,Male,45,2,2,Manufacturing Director,3,Married,9547,14074,1,No,17,3,3,0,10,2,2,10,9,1,9,Stayed,0.05569798350773037,Low,Low work-life balance; Frequent business travel; No stock options
EMP-0190,51,0,Travel_Rarely,313,Research & Development,3,3,Medical,4,Female,98,3,4,Healthcare Representative,2,Single,13734,7192,3,No,18,3,3,0,21,6,3,7,7,1,0,Stayed,0.032103609171339066,Low,Low job satisfaction; No stock options
EMP-0191,52,0,Travel_Rarely,699,Research & Development,1,4,Life Sciences,3,Male,65,2,5,Manager,3,Married,19999,5678,0,No,14,3,1,1,34,5,3,33,18,11,9,Stayed,0.040696213043618465,Low,Long period since promotion
EMP-0192,27,0,Travel_Rarely,894,Research & Development,9,3,Medical,4,Female,99,3,1,Research Scientist,2,Single,2279,11781,1,No,16,3,4,0,7,2,2,7,7,0,3,Stayed,0.08352911596849562,Low,Low job satisfaction; Low work-life balance; No stock options; Income below workforce median
EMP-0193,35,1,Travel_Rarely,556,Research & Development,23,2,Life Sciences,2,Male,50,2,2,Manufacturing Director,3,Married,5916,15497,3,Yes,13,3,1,0,8,1,3,1,0,0,1,Left,0.8973653965457209,High,Works overtime; Low environment satisfaction; Long distance from home; No stock options
EMP-0194,43,0,Non-Travel,1344,Research & Development,7,3,Medical,4,Male,37,4,1,Research Scientist,4,Divorced,2089,5228,4,No,14,3,4,3,7,3,4,5,4,2,2,Stayed,0.00197646726209537,Low,Income below workforce median
EMP-0195,45,0,Non-Travel,1195,Research & Development,2,2,Medical,1,Male,65,2,4,Manager,4,Married,16792,20462,9,No,23,4,4,1,22,1,3,20,8,11,8,Stayed,0.13997898232764036,Low,Low environment satisfaction; Long period since promotion
EMP-0196,37,0,Travel_Rarely,290,Research & Development,21,3,Life Sciences,2,Male,65,4,1,Research Scientist,1,Married,3564,22977,1,Yes,12,3,1,1,8,3,2,8,7,1,7,Stayed,0.5957670525720572,Medium,Works overtime; Low job satisfaction; Low environment satisfaction; Low work-life balance
EMP-0197,35,0,Travel_Frequently,138,Research & Development,2,3,Medical,2,Female,37,3,2,Laboratory Technician,2,Single,4425,15986,5,No,11,3,4,0,10,5,3,6,2,1,2,Stayed,0.8254497051203665,High,Low job satisfaction; Low environment satisfaction; Frequent business travel; No stock options
EMP-0198,42,0,Non-Travel,926,Research & Development,21,2,Medical,3,Female,36,3,2,Manufacturing Director,3,Divorced,5265,16439,2,No,16,3,2,1,11,5,3,5,3,0,2,Stayed,0.02487627922562503,Low,Long distance from home
EMP-0199,38,0,Travel_Rarely,1261,Research & Development,2,4,Life Sciences,4,Male,88,3,2,Manufacturing Director,3,Married,6553,7259,9,No,14,3,2,0,14,3,3,1,0,0,0,Stayed,0.14307332729787114,Low,No stock options
EMP-0200,38,0,Travel_Rarely,1084,Research & Development,29,3,Technical Degree,4,Male,54,3,2,Manufacturing Director,4,Married,6261,4185,3,No,18,3,1,1,9,3,1,7,7,1,7,Stayed,0.1450088087115771,Low,Low work-life balance; Long distance from home
EMP-0201,27,0,Travel_Frequently,472,Research & Development,1,1,Technical Degree,3,Male,60,2,2,Manufacturing Director,1,Married,4298,9679,5,No,19,3,3,1,6,1,3,2,2,2,0,Stayed,0.7006295762732053,High,Low job satisfaction; Frequent business travel; Income below workforce median
EMP-0202,49,0,Non-Travel,1002,Research & Development,18,4,Life Sciences,4,Male,92,3,2,Manufacturing Director,4,Divorced,6804,23793,1,Yes,15,3,1,2,7,0,3,7,7,1,7,Stayed,0.03701481246626004,Low,Works overtime; Long distance from home
EMP-0203,34,0,Travel_Frequently,878,Research & Development,10,4,Medical,4,Male,43,3,1,Research Scientist,3,Divorced,3815,5972,1,Yes,17,3,4,1,5,4,4,5,3,2,0,Stayed,0.31988523009372644,Medium,Works overtime; Frequent business travel; Income below workforce median
EMP-0204,40,0,Travel_Rarely,905,Research & Development,19,2,Medical,3,Male,99,3,2,Laboratory Technician,4,Married,2741,16523,8,Yes,15,3,3,1,15,2,4,7,2,3,7,Stayed,0.71269047119057,High,Works overtime; Long distance from home; Income below workforce median
EMP-0205,38,1,Travel_Rarely,1180,Research & Development,29,1,Medical,2,Male,70,3,2,Healthcare Representative,1,Married,6673,11354,7,Yes,19,3,2,0,17,2,3,1,0,0,0,Left,0.772850032147599,High,Works overtime; Low job satisfaction; Low environment satisfaction; Long distance from home
EMP-0206,29,1,Travel_Rarely,121,Sales,27,3,Marketing,2,Female,35,3,3,Sales Executive,4,Married,7639,24525,1,No,22,4,4,3,10,3,2,10,4,1,9,Left,0.17236591285526942,Low,Low environment satisfaction; Low work-life balance; Long distance from home
EMP-0207,22,0,Travel_Rarely,1136,Research & Development,5,3,Life Sciences,4,Male,60,4,1,Research Scientist,2,Divorced,2328,12392,1,Yes,16,3,1,1,4,2,2,4,2,2,2,Stayed,0.407195739387765,Medium,Works overtime; Low job satisfaction; Low work-life balance; Income below workforce median
EMP-0208,36,0,Travel_Frequently,635,Research & Development,18,1,Medical,2,Female,73,3,1,Laboratory Technician,4,Single,2153,7703,1,No,13,3,1,0,8,2,3,8,1,1,7,Stayed,0.598673193018556,Medium,Low environment satisfaction; Frequent business travel; Long distance from home; No stock options
EMP-0209,40,0,Non-Travel,1151,Research & Development,9,5,Life Sciences,4,Male,63,2,2,Healthcare Representative,4,Married,4876,14242,9,No,14,3,4,1,5,5,1,3,2,0,2,Stayed,0.07757405466183534,Low,Low work-life balance; Income below workforce median
EMP-0210,46,0,Travel_Rarely,644,Research & Development,1,4,Medical,4,Male,97,3,3,Healthcare Representative,1,Divorced,9396,12368,7,No,16,3,3,1,17,3,3,4,2,0,3,Stayed,0.0631515499638466,Low,Low job satisfaction
EMP-0211,32,1,Travel_Rarely,1045,Sales,4,4,Medical,4,Male,32,1,3,Sales Executive,4,Married,10400,25812,1,No,11,3,3,0,14,2,2,14,8,9,8,Left,0.4508289464391875,Medium,Low work-life balance; Long period since promotion; No stock options
EMP-0212,30,0,Non-Travel,829,Research & Development,1,1,Life Sciences,3,Male,88,2,3,Manufacturing Director,3,Single,8474,20925,1,No,22,4,3,0,12,2,3,11,8,5,8,Stayed,0.04052396287108957,Low,Long period since promotion; No stock options
EMP-0213,27,0,Travel_Frequently,1242,Sales,20,3,Life Sciences,4,Female,90,3,2,Sales Executive,3,Single,9981,12916,1,No,14,3,4,0,7,2,3,7,7,0,7,Stayed,0.20032614549817554,Low,Frequent business travel; Long distance from home; No stock options
EMP-0214,51,0,Travel_Rarely,1469,Research & Development,8,4,Life Sciences,2,Male,81,2,3,Research Director,2,Married,12490,15736,5,No,16,3,4,2,16,5,1,10,9,4,7,Stayed,0.019098795965972554,Low,Low job satisfaction; Low environment satisfaction; Low work-life balance; Long period since promotion
EMP-0215,30,1,Travel_Rarely,1005,Research & Development,3,3,Technical Degree,4,Female,88,3,1,Research Scientist,1,Single,2657,8556,5,Yes,11,3,3,0,8,5,3,5,2,0,4,Left,0.6110345298543443,High,Works overtime; Low job satisfaction; No stock options; Income below workforce median
EMP-0216,41,0,Travel_Rarely,896,Sales,6,3,Life Sciences,4,Female,75,3,3,Manager,4,Single,13591,14674,3,Yes,18,3,3,0,16,3,3,1,0,0,0,Stayed,0.21666451990213081,Low,Works overtime; No stock options
EMP-0217,30,1,Travel_Frequently,334,Sales,26,4,Marketing,3,Female,52,2,2,Sales Executive,1,Single,6696,22967,5,No,15,3,3,0,9,5,2,6,3,0,1,Left,0.9293461296506049,High,Low job satisfaction; Low work-life balance; Frequent business travel; Long distance from home
EMP-0218,29,1,Travel_Rarely,992,Research & Development,1,3,Technical Degree,3,Male,85,3,1,Research Scientist,3,Single,2058,19757,0,No,14,3,4,0,7,1,2,6,2,1,5,Left,0.12045874090146465,Low,Low work-life balance; No stock options; Income below workforce median
EMP-0219,45,0,Non-Travel,1052,Sales,6,3,Medical,4,Female,57,2,3,Sales Executive,4,Single,8865,16840,6,No,12,3,4,0,23,2,3,19,7,12,8,Stayed,0.19049638172681824,Low,Long period since promotion; No stock options
EMP-0220,54,0,Travel_Rarely,1147,Sales,3,3,Marketing,4,Female,52,3,2,Sales Executive,1,Married,5940,17011,2,No,14,3,4,1,16,4,3,6,2,0,5,Stayed,0.03513917820489609,Low,Low job satisfaction
EMP-0221,36,0,Travel_Rarely,1396,Research & Development,5,2,Life Sciences,4,Male,62,3,2,Laboratory Technician,2,Single,5914,9945,8,No,16,3,4,0,16,3,4,13,11,3,7,Stayed,0.16792174461982773,Low,Low job satisfaction; No stock options
EMP-0222,33,0,Travel_Rarely,147,Research & Development,4,4,Medical,3,Female,47,2,1,Research Scientist,2,Married,2622,13248,6,No,21,4,4,0,7,3,3,3,2,1,1,Stayed,0.4223818468678248,Medium,Low job satisfaction; No stock options; Income below workforce median
EMP-0223,37,0,Travel_Frequently,663,Research & Development,11,3,Other,2,Male,47,3,3,Research Director,4,Divorced,12185,10056,1,Yes,14,3,3,3,10,1,3,10,8,0,7,Stayed,0.03642600787672628,Low,Works overtime; Low environment satisfaction; Frequent business travel
EMP-0224,38,0,Travel_Rarely,119,Sales,3,3,Life Sciences,1,Male,76,3,3,Sales Executive,3,Divorced,10609,9647,0,No,12,3,3,2,17,6,2,16,10,5,13,Stayed,0.07254267043878272,Low,Low environment satisfaction; Low work-life balance; Long period since promotion
EMP-0225,31,0,Non-Travel,979,Research & Development,1,4,Medical,3,Male,90,1,2,Manufacturing Director,3,Married,4345,4381,0,No,12,3,4,1,6,2,3,5,4,1,4,Stayed,0.036060988608026624,Low,Income below workforce median
EMP-0226,59,0,Travel_Rarely,142,Research & Development,3,3,Life Sciences,3,Male,70,2,1,Research Scientist,4,Married,2177,8456,3,No,17,3,1,1,7,6,3,1,0,0,0,Stayed,0.07246950047565544,Low,Income below workforce median
EMP-0227,37,0,Travel_Frequently,319,Sales,4,4,Marketing,1,Male,41,3,1,Sales Representative,4,Divorced,2793,2539,4,No,17,3,3,1,13,2,3,9,8,5,8,Stayed,0.5778760771146122,Medium,Low environment satisfaction; Long period since promotion; Frequent business travel; Income below workforce median
EMP-0228,29,0,Travel_Frequently,1413,Sales,1,1,Medical,2,Female,42,3,3,Sales Executive,4,Married,7918,6599,1,No,14,3,4,1,11,5,3,11,10,4,1,Stayed,0.21918796651432826,Low,Low environment satisfaction; Long period since promotion; Frequent business travel
EMP-0229,35,0,Travel_Frequently,944,Sales,1,3,Marketing,3,Female,92,3,3,Sales Executive,3,Single,8789,9096,1,No,14,3,1,0,10,3,4,10,7,0,8,Stayed,0.23759724542912952,Low,Frequent business travel; No stock options
EMP-0230,29,1,Travel_Rarely,896,Research & Development,18,1,Medical,3,Male,86,2,1,Research Scientist,4,Single,2389,14961,1,Yes,13,3,3,0,4,3,2,4,3,0,1,Left,0.6482210006755482,High,Works overtime; Low work-life balance; Long distance from home; No stock options
EMP-0231,52,0,Travel_Rarely,1323,Research & Development,2,3,Life Sciences,3,Female,89,2,1,Laboratory Technician,4,Single,3212,3300,7,No,15,3,2,0,6,3,2,2,2,2,2,Stayed,0.42632685678462756,Medium,Low work-life balance; No stock options; Income below workforce median
EMP-0232,42,0,Travel_Rarely,532,Research & Development,4,2,Technical Degree,3,Male,58,3,5,Manager,4,Married,19232,4933,1,No,11,3,4,0,22,3,3,22,17,11,15,Stayed,0.07270743505343451,Low,Long period since promotion; No stock options
EMP-0233,59,0,Travel_Rarely,818,Human Resources,6,2,Medical,2,Male,52,3,1,Human Resources,3,Married,2267,25657,8,No,17,3,4,0,7,2,2,2,2,2,2,Stayed,0.28395972171817224,Low,Low environment satisfaction; Low work-life balance; No stock options; Income below workforce median
EMP-0234,50,0,Travel_Rarely,854,Sales,1,4,Medical,4,Female,68,3,5,Manager,4,Divorced,19517,24118,3,No,11,3,3,1,32,3,2,7,0,0,6,Stayed,0.01780891941608502,Low,Low work-life balance
EMP-0235,33,1,Travel_Rarely,813,Research & Development,14,3,Medical,3,Male,58,3,1,Laboratory Technician,4,Married,2436,22149,5,Yes,13,3,3,1,8,2,1,5,4,0,4,Left,0.7621722528683962,High,Works overtime; Low work-life balance; Income below workforce median
EMP-0236,43,0,Travel_Rarely,1034,Sales,16,3,Marketing,4,Female,80,3,4,Manager,4,Married,16064,7744,5,Yes,22,4,3,1,22,3,3,17,13,1,9,Stayed,0.11646160869744702,Low,Works overtime; Long distance from home
EMP-0237,33,1,Travel_Rarely,465,Research & Development,2,2,Life Sciences,1,Female,39,3,1,Laboratory Technician,1,Married,2707,21509,7,No,20,4,1,0,13,3,4,9,7,1,7,Left,0.6584393926979116,High,Low job satisfaction; Low environment satisfaction; No stock options; Income below workforce median
EMP-0238,52,0,Non-Travel,771,Sales,2,4,Life Sciences,1,Male,79,2,5,Manager,3,Single,19068,21030,1,Yes,18,3,4,0,33,2,4,33,7,15,12,Stayed,0.41422384629568737,Medium,Works overtime; Low environment satisfaction; Long period since promotion; No stock options
EMP-0239,32,0,Travel_Rarely,1401,Sales,4,2,Life Sciences,3,Female,56,3,1,Sales Representative,2,Married,3931,20990,2,No,11,3,1,1,6,5,3,4,3,1,2,Stayed,0.3906353632263379,Medium,Low job satisfaction; Income below workforce median
EMP-0240,32,1,Travel_Rarely,515,Research & Development,1,3,Life Sciences,4,Male,62,2,1,Laboratory Technician,3,Single,3730,9571,0,Yes,14,3,4,0,4,2,1,3,2,1,2,Left,0.7798309669627114,High,Works overtime; Low work-life balance; No stock options; Income below workforce median
EMP-0241,39,0,Travel_Rarely,1431,Research & Development,1,4,Medical,3,Female,96,3,1,Laboratory Technician,3,Divorced,2232,15417,7,No,14,3,3,3,7,1,3,3,2,1,2,Stayed,0.12727765644593061,Low,Income below workforce median
EMP-0242,32,0,Non-Travel,976,Sales,26,4,Marketing,3,Male,100,3,2,Sales Executive,4,Married,4465,12069,0,No,18,3,1,0,4,2,3,3,2,2,2,Stayed,0.2651337211244779,Low,Long distance from home; No stock options; Income below workforce median
EMP-0243,41,0,Travel_Rarely,1411,Research & Development,19,2,Life Sciences,3,Male,36,3,2,Research Scientist,1,Divorced,3072,19877,2,No,16,3,1,2,17,2,2,1,0,0,0,Stayed,0.16462628357002965,Low,Low job satisfaction; Low work-life balance; Long distance from home; Income below workforce median
EMP-0244,40,0,Travel_Rarely,1300,Research & Development,24,2,Technical Degree,1,Male,62,3,2,Research Scientist,4,Divorced,3319,24447,1,No,17,3,1,2,9,3,3,9,8,4,7,Stayed,0.17219749009387827,Low,Low environment satisfaction; Long period since promotion; Long distance from home; Income below workforce median
EMP-0245,45,0,Travel_Rarely,252,Research & Development,1,3,Other,3,Male,70,4,5,Manager,4,Married,19202,15970,0,No,11,3,3,1,25,2,3,24,0,1,7,Stayed,0.009445239039301844,Low,No prominent rule-based indicators
EMP-0246,31,0,Travel_Frequently,1327,Research & Development,3,4,Medical,2,Male,73,3,3,Research Director,3,Divorced,13675,13523,9,No,12,3,1,1,9,3,3,2,2,2,2,Stayed,0.3450847789096531,Medium,Low environment satisfaction; Frequent business travel
EMP-0247,33,0,Travel_Rarely,832,Research & Development,5,4,Life Sciences,3,Female,63,2,1,Research Scientist,4,Married,2911,14776,1,No,13,3,3,1,2,2,2,2,2,0,2,Stayed,0.19129896332229696,Low,Low work-life balance; Income below workforce median
EMP-0248,34,0,Travel_Rarely,470,Research & Development,2,4,Life Sciences,4,Male,84,2,2,Manufacturing Director,1,Married,5957,23687,6,No,13,3,2,1,13,3,3,11,9,5,9,Stayed,0.17729070016470455,Low,Low job satisfaction; Long period since promotion
EMP-0249,37,0,Travel_Rarely,1017,Research & Development,1,2,Medical,3,Female,83,2,1,Research Scientist,1,Married,3920,18697,2,No,14,3,1,1,17,2,2,3,1,0,2,Stayed,0.14480110072053895,Low,Low job satisfaction; Low work-life balance; Income below workforce median
EMP-0250,45,0,Travel_Frequently,1199,Research & Development,7,4,Life Sciences,1,Male,77,4,2,Manufacturing Director,3,Married,6434,5118,4,No,17,3,4,1,9,1,3,3,2,0,2,Stayed,0.12071330910685941,Low,Low environment satisfaction; Frequent business travel
EMP-0251,37,1,Travel_Frequently,504,Research & Development,10,3,Medical,1,Male,61,3,3,Manufacturing Director,3,Divorced,10048,22573,6,No,11,3,2,2,17,5,3,1,0,0,0,Left,0.3693231746826338,Medium,Low environment satisfaction; Frequent business travel
EMP-0252,39,0,Travel_Frequently,505,Research & Development,2,4,Technical Degree,3,Female,64,3,3,Healthcare Representative,3,Single,10938,6420,0,No,25,4,4,0,20,1,3,19,6,11,8,Stayed,0.22147826031806156,Low,Long period since promotion; Frequent business travel; No stock options
EMP-0253,29,0,Travel_Rarely,665,Research & Development,15,3,Life Sciences,3,Male,60,3,1,Research Scientist,4,Single,2340,22673,1,No,19,3,1,0,6,1,3,6,5,1,5,Stayed,0.11918998191943884,Low,Long distance from home; No stock options; Income below workforce median
EMP-0254,42,0,Travel_Rarely,916,Research & Development,17,2,Life Sciences,4,Female,82,4,2,Research Scientist,1,Single,6545,23016,3,Yes,13,3,3,0,10,1,3,3,2,0,2,Stayed,0.502428642255473,Medium,Works overtime; Low job satisfaction; Long distance from home; No stock options
EMP-0255,29,0,Travel_Rarely,1247,Sales,20,2,Marketing,4,Male,45,3,2,Sales Executive,4,Divorced,6931,10732,2,No,14,3,4,1,10,2,3,3,2,0,2,Stayed,0.10118984470103758,Low,Long distance from home
EMP-0256,25,0,Travel_Rarely,685,Research & Development,1,3,Life Sciences,1,Female,62,3,2,Manufacturing Director,3,Married,4898,7505,0,No,12,3,4,2,5,3,3,4,2,1,2,Stayed,0.10311649784979804,Low,Low environment satisfaction; Income below workforce median
EMP-0257,42,0,Travel_Rarely,269,Research & Development,2,3,Medical,4,Female,56,2,1,Laboratory Technician,1,Divorced,2593,8007,0,Yes,11,3,3,1,10,4,3,9,6,7,8,Stayed,0.6369474404028941,High,Works overtime; Low job satisfaction; Long period since promotion; Income below workforce median
EMP-0258,40,0,Travel_Rarely,1416,Research & Development,2,2,Medical,1,Male,49,3,5,Research Director,3,Divorced,19436,5949,0,No,19,3,4,1,22,5,3,21,7,3,9,Stayed,0.005641982875447401,Low,Low environment satisfaction
EMP-0259,51,0,Travel_Rarely,833,Research & Development,1,3,Life Sciences,3,Male,96,3,1,Research Scientist,4,Married,2723,23231,1,No,11,3,2,0,1,0,2,1,0,0,0,Stayed,0.327315685730747,Medium,Low work-life balance; No stock options; Income below workforce median
EMP-0260,31,1,Travel_Frequently,307,Research & Development,29,2,Medical,3,Male,71,2,1,Laboratory Technician,2,Single,3479,11652,0,No,11,3,2,0,6,2,4,5,4,1,4,Left,0.8151737903542841,High,Low job satisfaction; Frequent business travel; Long distance from home; No stock options
EMP-0261,32,0,Travel_Frequently,1311,Research & Development,7,3,Life Sciences,2,Male,100,4,1,Laboratory Technician,2,Married,2794,26062,1,No,20,4,3,0,5,3,1,5,1,0,3,Stayed,0.5898961217133676,Medium,Low job satisfaction; Low environment satisfaction; Low work-life balance; Frequent business travel
EMP-0262,38,0,Non-Travel,1327,Sales,2,2,Life Sciences,4,Male,39,2,2,Sales Executive,4,Married,5249,19682,3,No,18,3,4,1,13,0,3,8,7,7,5,Stayed,0.02727559690888239,Low,Long period since promotion
EMP-0263,32,0,Travel_Rarely,128,Research & Development,2,1,Technical Degree,4,Male,84,2,2,Laboratory Technician,1,Single,2176,19737,4,No,13,3,4,0,9,5,3,6,2,0,4,Stayed,0.6777736315931729,High,Low job satisfaction; No stock options; Income below workforce median
EMP-0264,46,0,Travel_Rarely,488,Sales,2,3,Technical Degree,3,Female,75,1,4,Manager,2,Married,16872,14977,3,Yes,12,3,2,1,28,2,2,7,7,7,7,Stayed,0.7176677266817506,High,Works overtime; Low job satisfaction; Low work-life balance; Long period since promotion
EMP-0265,28,1,Travel_Rarely,529,Research & Development,2,4,Life Sciences,1,Male,79,3,1,Laboratory Technician,3,Single,3485,14935,2,No,11,3,3,0,5,5,1,0,0,0,0,Left,0.7382747921007636,High,Low environment satisfaction; Low work-life balance; No stock options; Income below workforce median
EMP-0266,29,0,Travel_Rarely,1210,Sales,2,3,Medical,1,Male,78,2,2,Sales Executive,2,Married,6644,3687,2,No,19,3,2,2,10,2,3,0,0,0,0,Stayed,0.29121972692691334,Low,Low job satisfaction; Low environment satisfaction
EMP-0267,31,0,Travel_Rarely,1463,Research & Development,23,3,Medical,2,Male,64,2,2,Healthcare Representative,4,Married,5582,14408,0,No,21,4,2,1,10,2,3,9,0,7,8,Stayed,0.15379212541688075,Low,Low environment satisfaction; Long period since promotion; Long distance from home
EMP-0268,25,0,Non-Travel,675,Research & Development,5,2,Life Sciences,2,Male,85,4,2,Healthcare Representative,1,Divorced,4000,18384,1,No,12,3,4,2,6,2,3,6,3,1,5,Stayed,0.02223433581356666,Low,Low job satisfaction; Low environment satisfaction; Income below workforce median
EMP-0269,45,0,Travel_Rarely,1385,Research & Development,20,2,Medical,3,Male,79,3,4,Healthcare Representative,4,Married,13496,7501,0,Yes,14,3,2,0,21,2,3,20,7,4,10,Stayed,0.15871688288779912,Low,Works overtime; Long period since promotion; Long distance from home; No stock options
EMP-0270,36,0,Travel_Rarely,1403,Research & Development,6,3,Life Sciences,4,Male,47,3,1,Laboratory Technician,4,Married,3210,20251,0,No,11,3,3,1,16,4,3,15,13,10,11,Stayed,0.03986199267643267,Low,Long period since promotion; Income below workforce median
EMP-0271,55,0,Travel_Rarely,452,Research & Development,1,3,Medical,4,Male,81,3,5,Manager,1,Single,19045,18938,0,Yes,14,3,3,0,37,2,3,36,10,4,13,Stayed,0.07446471387883628,Low,Works overtime; Low job satisfaction; Long period since promotion; No stock options
EMP-0272,47,1,Non-Travel,666,Research & Development,29,4,Life Sciences,1,Male,88,3,3,Manager,2,Married,11849,10268,1,Yes,12,3,4,1,10,2,2,10,7,9,9,Left,0.5876231000528988,Medium,Works overtime; Low job satisfaction; Low environment satisfaction; Low work-life balance
EMP-0273,28,0,Travel_Rarely,1158,Research & Development,9,3,Medical,4,Male,94,3,1,Research Scientist,4,Married,2070,2613,1,No,23,4,4,1,5,3,2,5,2,0,4,Stayed,0.027081238175300837,Low,Low work-life balance; Income below workforce median
EMP-0274,37,0,Travel_Rarely,228,Sales,6,4,Medical,3,Male,98,3,2,Sales Executive,4,Married,6502,22825,4,No,14,3,2,1,7,5,4,5,4,0,1,Stayed,0.18349322943428414,Low,No prominent rule-based indicators
EMP-0275,21,0,Travel_Rarely,996,Research & Development,3,2,Medical,4,Male,100,2,1,Research Scientist,3,Single,3230,10531,1,No,17,3,1,0,3,4,4,3,2,1,0,Stayed,0.18601894415966114,Low,No stock options; Income below workforce median
EMP-0276,37,0,Non-Travel,728,Research & Development,1,4,Medical,1,Female,80,3,3,Research Director,4,Divorced,13603,11677,2,Yes,18,3,1,2,15,2,3,5,2,0,2,Stayed,0.029290609452036494,Low,Works overtime; Low environment satisfaction
EMP-0277,35,0,Travel_Rarely,1315,Research & Development,22,3,Life Sciences,2,Female,71,4,3,Manager,2,Divorced,11996,19100,7,No,18,3,2,1,10,6,2,7,7,6,2,Stayed,0.41008209702127835,Medium,Low job satisfaction; Low environment satisfaction; Low work-life balance; Long period since promotion
EMP-0278,38,0,Travel_Rarely,322,Sales,7,2,Medical,1,Female,44,4,2,Sales Executive,1,Divorced,5605,19191,1,Yes,24,4,3,1,8,3,3,8,0,7,7,Stayed,0.7986912930418034,High,Works overtime; Low job satisfaction; Low environment satisfaction; Long period since promotion
EMP-0279,26,0,Travel_Frequently,1479,Research & Development,1,3,Life Sciences,3,Female,84,3,2,Manufacturing Director,2,Divorced,6397,26767,1,No,20,4,1,1,6,6,1,6,5,1,4,Stayed,0.21509332964436703,Low,Low job satisfaction; Low work-life balance; Frequent business travel
EMP-0280,50,0,Travel_Rarely,797,Research & Development,4,1,Life Sciences,1,Male,96,3,5,Research Director,2,Divorced,19144,15815,3,No,14,3,1,2,28,4,2,10,4,1,6,Stayed,0.018049727781369738,Low,Low job satisfaction; Low environment satisfaction; Low work-life balance
EMP-0281,53,0,Travel_Rarely,1070,Research & Development,3,4,Medical,3,Male,45,3,4,Research Director,3,Married,17584,21016,3,Yes,16,3,4,3,21,5,2,5,3,1,3,Stayed,0.009716653464218064,Low,Works overtime; Low work-life balance
EMP-0282,42,0,Travel_Rarely,635,Sales,1,1,Life Sciences,2,Male,99,3,2,Sales Executive,3,Married,4907,24532,1,No,25,4,3,0,20,3,3,20,16,11,6,Stayed,0.17169781453814215,Low,Low environment satisfaction; Long period since promotion; No stock options; Income below workforce median
EMP-0283,29,0,Travel_Frequently,442,Sales,2,2,Life Sciences,2,Male,44,3,2,Sales Executive,4,Single,4554,20260,1,No,18,3,1,0,10,3,2,10,7,0,9,Stayed,0.272098155926059,Low,Low environment satisfaction; Low work-life balance; Frequent business travel; No stock options
EMP-0284,55,0,Travel_Rarely,147,Research & Development,20,2,Technical Degree,2,Male,37,3,2,Laboratory Technician,4,Married,5415,15972,3,Yes,19,3,4,1,12,4,3,10,7,0,8,Stayed,0.5182963254117626,Medium,Works overtime; Low environment satisfaction; Long distance from home
EMP-0285,26,0,Travel_Frequently,496,Research & Development,11,2,Medical,1,Male,60,3,2,Healthcare Representative,1,Married,4741,22722,1,Yes,13,3,3,1,5,3,3,5,3,3,3,Stayed,0.876903789971977,High,Works overtime; Low job satisfaction; Low environment satisfaction; Frequent business travel
EMP-0286,37,0,Travel_Rarely,1372,Research & Development,1,3,Life Sciences,4,Female,42,3,1,Research Scientist,4,Single,2115,15881,1,No,12,3,2,0,17,3,3,17,12,5,7,Stayed,0.022514629312331908,Low,Long period since promotion; No stock options; Income below workforce median
EMP-0287,44,1,Travel_Frequently,920,Research & Development,24,3,Life Sciences,4,Male,43,3,1,Laboratory Technician,3,Divorced,3161,19920,3,Yes,22,4,4,1,19,0,1,1,0,0,0,Left,0.7375944828139446,High,Works overtime; Low work-life balance; Frequent business travel; Long distance from home
EMP-0288,38,0,Travel_Rarely,688,Research & Development,23,4,Life Sciences,4,Male,82,3,2,Healthcare Representative,4,Divorced,5745,18899,9,No,14,3,2,1,10,2,3,2,2,1,2,Stayed,0.17115415730910005,Low,Long distance from home
EMP-0289,26,1,Travel_Rarely,1449,Research & Development,16,4,Medical,1,Male,45,3,1,Laboratory Technician,2,Divorced,2373,14180,2,Yes,13,3,4,1,5,2,3,3,2,0,2,Left,0.8429666794875286,High,Works overtime; Low job satisfaction; Low environment satisfaction; Long distance from home
EMP-0290,28,0,Travel_Rarely,1117,Research & Development,8,2,Life Sciences,4,Female,66,3,1,Research Scientist,4,Single,3310,4488,1,No,21,4,4,0,5,3,3,5,3,0,2,Stayed,0.042675934697154964,Low,No stock options; Income below workforce median
EMP-0291,49,0,Travel_Frequently,636,Research & Development,10,4,Life Sciences,3,Female,35,3,5,Research Director,1,Single,18665,25594,9,Yes,11,3,4,0,22,4,3,3,2,1,2,Stayed,0.6230239259178038,High,Works overtime; Low job satisfaction; Frequent business travel; No stock options
EMP-0292,36,0,Travel_Rarely,506,Research & Development,3,3,Technical Degree,3,Male,30,3,2,Research Scientist,2,Single,4485,26285,4,No,12,3,4,0,10,2,3,8,0,7,7,Stayed,0.538639553156501,Medium,Low job satisfaction; Long period since promotion; No stock options; Income below workforce median
EMP-0293,31,0,Travel_Frequently,444,Sales,5,3,Marketing,4,Female,84,3,1,Sales Representative,2,Divorced,2789,3909,1,No,11,3,3,1,2,5,2,2,2,2,2,Stayed,0.7407110425498503,High,Low job satisfaction; Low work-life balance; Frequent business travel; Income below workforce median
EMP-0294,26,1,Travel_Rarely,950,Sales,4,4,Marketing,4,Male,48,2,2,Sales Executive,4,Single,5828,8450,1,Yes,12,3,2,0,8,0,3,8,7,7,4,Left,0.8231056269136547,High,Works overtime; Long period since promotion; No stock options
EMP-0295,37,0,Travel_Frequently,889,Research & Development,9,3,Medical,2,Male,53,3,1,Research Scientist,4,Married,2326,11411,1,Yes,12,3,3,3,4,3,2,4,2,1,2,Stayed,0.37070008017156947,Medium,Works overtime; Low environment satisfaction; Low work-life balance; Frequent business travel
EMP-0296,42,0,Travel_Frequently,555,Sales,26,3,Marketing,3,Female,77,3,4,Sales Executive,2,Married,13525,14864,5,No,14,3,4,1,23,2,4,20,4,4,8,Stayed,0.521355807315685,Medium,Low job satisfaction; Long period since promotion; Frequent business travel; Long distance from home
EMP-0297,18,1,Travel_Rarely,230,Research & Development,3,3,Life Sciences,3,Male,54,3,1,Laboratory Technician,3,Single,1420,25233,1,No,13,3,3,0,0,2,3,0,0,0,0,Left,0.8145146422246782,High,No stock options; Income below workforce median
EMP-0298,35,0,Travel_Rarely,1232,Sales,16,3,Marketing,3,Male,96,3,3,Sales Executive,2,Married,8020,5100,0,No,15,3,3,2,12,3,2,11,9,6,9,Stayed,0.15139770607204842,Low,Low job satisfaction; Low work-life balance; Long period since promotion; Long distance from home
EMP-0299,36,0,Travel_Frequently,566,Research & Development,18,4,Life Sciences,3,Male,81,4,1,Laboratory Technician,4,Married,3688,7122,4,No,18,3,4,2,4,2,3,1,0,0,0,Stayed,0.30719591532413365,Medium,Frequent business travel; Long distance from home; Income below workforce median
EMP-0300,51,0,Travel_Rarely,1302,Research & Development,2,3,Medical,4,Male,84,1,2,Manufacturing Director,2,Divorced,5482,16321,5,No,18,3,4,1,13,3,3,4,1,1,2,Stayed,0.053118376892417114,Low,Low job satisfaction
EMP-0301,41,0,Travel_Rarely,334,Sales,2,4,Life Sciences,4,Male,88,3,4,Manager,2,Single,16015,15896,1,No,19,3,2,0,22,2,3,22,10,0,4,Stayed,0.05986849570561799,Low,Low job satisfaction; No stock options
EMP-0302,18,0,Travel_Rarely,812,Sales,10,3,Medical,4,Female,69,2,1,Sales Representative,3,Single,1200,9724,1,No,12,3,1,0,0,2,3,0,0,0,0,Stayed,0.9095022546423234,High,No stock options; Income below workforce median
EMP-0303,28,0,Travel_Rarely,1476,Research & Development,16,2,Medical,2,Male,68,4,2,Healthcare Representative,1,Single,5661,4824,0,No,19,3,3,0,9,2,3,8,3,0,7,Stayed,0.059692318983292185,Low,Low job satisfaction; Low environment satisfaction; Long distance from home; No stock options
EMP-0304,31,0,Travel_Rarely,218,Sales,7,3,Technical Degree,2,Male,100,4,2,Sales Executive,4,Married,6929,12241,4,No,11,3,2,1,10,3,2,8,7,7,7,Stayed,0.5104702144588243,Medium,Low environment satisfaction; Low work-life balance; Long period since promotion
EMP-0305,39,0,Travel_Rarely,1132,Research & Development,1,3,Medical,3,Male,48,4,3,Healthcare Representative,4,Divorced,9613,10942,0,No,17,3,1,3,19,5,2,18,10,3,7,Stayed,0.0032734779553528276,Low,Low work-life balance
EMP-0306,36,0,Non-Travel,1105,Research & Development,24,4,Life Sciences,2,Female,47,3,2,Laboratory Technician,2,Married,5674,6927,7,No,15,3,3,1,11,3,3,9,8,0,8,Stayed,0.24842651377862962,Low,Low job satisfaction; Low environment satisfaction; Long distance from home
EMP-0307,32,0,Travel_Rarely,906,Sales,7,3,Life Sciences,4,Male,91,2,2,Sales Executive,3,Married,5484,16985,1,No,14,3,3,1,13,3,2,13,8,4,8,Stayed,0.1033536711805634,Low,Low work-life balance; Long period since promotion
EMP-0308,38,0,Travel_Rarely,849,Research & Development,25,2,Life Sciences,1,Female,81,2,3,Research Director,2,Married,12061,26707,3,No,17,3,3,1,19,2,3,10,8,0,1,Stayed,0.08193972571742272,Low,Low job satisfaction; Low environment satisfaction; Long distance from home
EMP-0309,58,0,Non-Travel,390,Research & Development,1,4,Life Sciences,4,Male,32,1,2,Healthcare Representative,3,Divorced,5660,17056,2,Yes,13,3,4,1,12,2,3,5,3,1,2,Stayed,0.06360853654095075,Low,Works overtime
EMP-0310,31,0,Travel_Rarely,691,Research & Development,5,4,Technical Degree,3,Male,86,3,1,Research Scientist,4,Married,4821,10077,0,Yes,12,3,3,1,6,4,3,5,2,0,3,Stayed,0.29168984855021235,Low,Works overtime; Income below workforce median
EMP-0311,31,0,Travel_Rarely,106,Human Resources,2,3,Human Resources,1,Male,62,2,2,Human Resources,1,Married,6410,17822,3,No,12,3,4,0,9,1,3,2,2,1,0,Stayed,0.8866518586898021,High,Low job satisfaction; Low environment satisfaction; No stock options
EMP-0312,45,0,Travel_Frequently,1249,Research & Development,7,3,Life Sciences,1,Male,97,3,3,Laboratory Technician,1,Divorced,5210,20308,1,No,18,3,1,1,24,2,3,24,9,9,11,Stayed,0.6955901328727894,High,Low job satisfaction; Low environment satisfaction; Long period since promotion; Frequent business travel
EMP-0313,31,0,Travel_Rarely,192,Research & Development,2,4,Life Sciences,3,Male,32,3,1,Research Scientist,4,Divorced,2695,7747,0,Yes,18,3,2,1,3,2,1,2,2,2,2,Stayed,0.46536952648354646,Medium,Works overtime; Low work-life balance; Income below workforce median
EMP-0314,33,0,Travel_Frequently,553,Research & Development,5,4,Life Sciences,4,Female,74,3,3,Manager,2,Married,11878,23364,6,No,11,3,2,2,12,2,3,10,6,8,8,Stayed,0.33017472873686077,Medium,Low job satisfaction; Long period since promotion; Frequent business travel
EMP-0315,39,0,Travel_Rarely,117,Research & Development,10,1,Medical,3,Male,99,3,4,Manager,1,Married,17068,5355,1,Yes,14,3,4,0,21,3,3,21,9,11,10,Stayed,0.5928406854513333,Medium,Works overtime; Low job satisfaction; Long period since promotion; No stock options
EMP-0316,43,0,Travel_Frequently,185,Research & Development,10,4,Life Sciences,3,Female,33,3,1,Laboratory Technician,4,Single,2455,10675,0,No,19,3,1,0,9,5,3,8,7,1,7,Stayed,0.19419637813568316,Low,Frequent business travel; No stock options; Income below workforce median
EMP-0317,49,0,Travel_Rarely,1091,Research & Development,1,2,Technical Degree,3,Female,90,2,4,Healthcare Representative,3,Single,13964,17810,7,Yes,12,3,4,0,25,2,3,7,1,0,7,Stayed,0.3184067401623415,Medium,Works overtime; No stock options
EMP-0318,52,1,Travel_Rarely,723,Research & Development,8,4,Medical,3,Male,85,2,2,Research Scientist,2,Married,4941,17747,2,No,15,3,1,0,11,3,2,8,2,7,7,Left,0.43530460432040874,Medium,Low job satisfaction; Low work-life balance; Long period since promotion; No stock options
EMP-0319,27,0,Travel_Rarely,1220,Research & Development,5,3,Life Sciences,3,Female,85,3,1,Research Scientist,2,Single,2478,20938,1,Yes,12,3,2,0,4,2,2,4,3,1,2,Stayed,0.6434754074832423,High,Works overtime; Low job satisfaction; Low work-life balance; No stock options
EMP-0320,32,0,Travel_Rarely,588,Sales,8,2,Technical Degree,3,Female,65,2,2,Sales Executive,2,Married,5228,24624,1,Yes,11,3,4,0,13,2,3,13,12,11,9,Stayed,0.8830702976806108,High,Works overtime; Low job satisfaction; Long period since promotion; No stock options
EMP-0321,27,0,Travel_Rarely,1377,Sales,2,3,Life Sciences,4,Male,74,3,2,Sales Executive,3,Single,4478,5242,1,Yes,11,3,1,0,5,3,3,5,4,0,4,Stayed,0.5778734818200819,Medium,Works overtime; No stock options; Income below workforce median
EMP-0322,31,0,Travel_Rarely,691,Sales,7,3,Marketing,4,Male,73,3,2,Sales Executive,4,Divorced,7547,7143,4,No,12,3,4,3,13,3,3,7,7,1,7,Stayed,0.01930904586082455,Low,No prominent rule-based indicators
EMP-0323,32,0,Travel_Rarely,1018,Research & Development,2,4,Medical,1,Female,74,4,2,Research Scientist,4,Single,5055,10557,7,No,16,3,3,0,10,0,2,7,7,0,7,Stayed,0.21843423830950848,Low,Low environment satisfaction; Low work-life balance; No stock options
EMP-0324,28,1,Travel_Rarely,1157,Research & Development,2,4,Medical,1,Male,84,1,1,Research Scientist,4,Married,3464,24737,5,Yes,13,3,4,0,5,4,2,3,2,2,2,Left,0.8310539795360246,High,Works overtime; Low environment satisfaction; Low work-life balance; No stock options
EMP-0325,30,0,Travel_Rarely,1275,Research & Development,28,2,Medical,4,Female,64,3,2,Research Scientist,4,Married,5775,11934,1,No,13,3,4,2,11,2,3,10,8,1,9,Stayed,0.01724457867756877,Low,Long distance from home
EMP-0326,31,0,Travel_Frequently,798,Research & Development,7,2,Life Sciences,3,Female,48,2,3,Manufacturing Director,3,Married,8943,14034,1,No,24,4,1,1,10,2,3,10,9,8,9,Stayed,0.3075126277474333,Medium,Long period since promotion; Frequent business travel
EMP-0327,39,0,Travel_Frequently,672,Research & Development,7,2,Medical,3,Male,54,2,5,Manager,4,Married,19272,21141,1,No,15,3,1,1,21,2,3,21,9,13,3,Stayed,0.5818182637742366,Medium,Long period since promotion; Frequent business travel
EMP-0328,39,1,Travel_Rarely,1162,Sales,3,2,Medical,4,Female,41,3,2,Sales Executive,3,Married,5238,17778,4,Yes,18,3,1,0,12,3,2,1,0,0,0,Left,0.6038505605009423,High,Works overtime; Low work-life balance; No stock options
EMP-0329,33,0,Travel_Frequently,508,Sales,10,3,Marketing,2,Male,46,2,2,Sales Executive,4,Single,4682,4317,3,No,14,3,3,0,9,6,2,7,7,0,1,Stayed,0.6510491955751463,High,Low environment satisfaction; Low work-life balance; Frequent business travel; No stock options
EMP-0330,47,0,Travel_Rarely,1482,Research & Development,5,5,Life Sciences,4,Male,42,3,5,Research Director,3,Married,18300,16375,4,No,11,3,2,1,21,2,3,3,2,1,1,Stayed,0.017979680529613382,Low,No prominent rule-based indicators
EMP-0331,43,0,Travel_Frequently,559,Research & Development,10,4,Life Sciences,3,Female,82,2,2,Laboratory Technician,3,Divorced,5257,6227,1,No,11,3,2,1,9,3,4,9,7,0,0,Stayed,0.5101591533772164,Medium,Frequent business travel
EMP-0332,27,0,Non-Travel,210,Sales,1,1,Marketing,3,Male,73,3,2,Sales Executive,2,Married,6349,22107,0,Yes,13,3,4,1,6,0,3,5,4,1,4,Stayed,0.37700728529123745,Medium,Works overtime; Low job satisfaction
EMP-0333,54,0,Travel_Frequently,928,Research & Development,20,4,Life Sciences,4,Female,31,3,2,Research Scientist,3,Single,4869,16885,3,No,12,3,4,0,20,4,2,4,3,0,3,Stayed,0.11267737813197436,Low,Low work-life balance; Frequent business travel; Long distance from home; No stock options
EMP-0334,43,0,Travel_Rarely,1001,Research & Development,7,3,Life Sciences,3,Female,43,3,3,Healthcare Representative,1,Married,9985,9262,8,No,16,3,1,1,10,1,2,1,0,0,0,Stayed,0.4924639207123875,Medium,Low job satisfaction; Low work-life balance
EMP-0335,45,0,Travel_Rarely,549,Research & Development,8,4,Other,4,Male,75,3,2,Research Scientist,4,Married,3697,9278,9,No,14,3,1,2,12,3,3,10,9,9,8,Stayed,0.10188656367965655,Low,Long period since promotion; Income below workforce median
EMP-0336,40,0,Travel_Rarely,1124,Sales,1,2,Medical,2,Male,57,1,2,Sales Executive,4,Married,7457,13273,2,Yes,22,4,3,3,6,2,2,4,3,0,2,Stayed,0.46938981985941136,Medium,Works overtime; Low environment satisfaction; Low work-life balance
EMP-0337,29,1,Travel_Rarely,318,Research & Development,8,4,Other,2,Male,77,1,1,Laboratory Technician,1,Married,2119,4759,1,Yes,11,3,4,0,7,4,2,7,7,0,7,Left,0.8268737823748729,High,Works overtime; Low job satisfaction; Low environment satisfaction; Low work-life balance
EMP-0338,29,0,Travel_Rarely,738,Research & Development,9,5,Other,2,Male,30,2,1,Laboratory Technician,4,Single,3983,7621,0,No,17,3,3,0,4,2,3,3,2,2,2,Stayed,0.3477484672586166,Medium,Low environment satisfaction; No stock options; Income below workforce median
EMP-0339,30,0,Travel_Rarely,570,Sales,5,3,Marketing,4,Female,30,2,2,Sales Executive,3,Divorced,6118,5431,1,No,13,3,3,3,10,2,3,10,9,1,2,Stayed,0.07517015224457092,Low,No prominent rule-based indicators
EMP-0340,27,0,Travel_Rarely,1130,Sales,8,4,Marketing,2,Female,56,3,2,Sales Executive,2,Married,6214,3415,1,No,18,3,1,1,8,3,3,8,7,0,7,Stayed,0.20841614030500155,Low,Low job satisfaction; Low environment satisfaction
EMP-0341,37,0,Travel_Rarely,1192,Research & Development,5,2,Medical,4,Male,61,3,2,Manufacturing Director,4,Divorced,6347,23177,7,No,16,3,3,2,8,2,2,6,2,0,4,Stayed,0.04590993965158519,Low,Low work-life balance
EMP-0342,38,0,Travel_Rarely,343,Research & Development,15,2,Life Sciences,3,Male,92,2,3,Research Director,4,Divorced,11510,15682,0,Yes,14,3,2,1,12,3,3,11,10,2,9,Stayed,0.07364323130765535,Low,Works overtime; Long distance from home
EMP-0343,31,0,Travel_Rarely,1232,Research & Development,7,4,Medical,3,Female,39,3,3,Manufacturing Director,4,Single,7143,25713,1,Yes,14,3,3,0,11,2,2,11,9,4,10,Stayed,0.29931127302612914,Low,Works overtime; Low work-life balance; Long period since promotion; No stock options
EMP-0344,29,0,Travel_Rarely,144,Sales,10,1,Marketing,4,Female,39,2,2,Sales Executive,2,Divorced,8268,11866,1,Yes,14,3,1,2,7,2,3,7,7,1,7,Stayed,0.626958884451117,High,Works overtime; Low job satisfaction
EMP-0345,35,0,Travel_Rarely,1296,Research & Development,5,4,Technical Degree,3,Male,62,3,3,Manufacturing Director,2,Single,8095,18264,0,No,13,3,4,0,17,5,3,16,6,0,13,Stayed,0.025486609570292255,Low,Low job satisfaction; No stock options
EMP-0346,23,0,Travel_Rarely,1309,Research & Development,26,1,Life Sciences,3,Male,83,3,1,Research Scientist,4,Divorced,2904,16092,1,No,12,3,3,2,4,2,2,4,2,0,2,Stayed,0.10893747210950622,Low,Low work-life balance; Long distance from home; Income below workforce median
EMP-0347,41,0,Travel_Rarely,483,Research & Development,6,3,Medical,4,Male,95,2,2,Manufacturing Director,2,Single,6032,10110,6,Yes,15,3,4,0,8,3,3,5,4,1,2,Stayed,0.5897748420180895,Medium,Works overtime; Low job satisfaction; No stock options
EMP-0348,47,0,Travel_Frequently,1309,Sales,4,1,Medical,2,Male,99,3,2,Sales Representative,3,Single,2976,25751,3,No,19,3,1,0,5,3,3,0,0,0,0,Stayed,0.7631332231828513,High,Low environment satisfaction; Frequent business travel; No stock options; Income below workforce median
EMP-0349,42,0,Travel_Rarely,810,Research & Development,23,5,Life Sciences,1,Female,44,3,4,Research Director,4,Single,15992,15901,2,No,14,3,2,0,16,2,3,1,0,0,0,Stayed,0.133254628712498,Low,Low environment satisfaction; Long distance from home; No stock options
EMP-0350,29,0,Non-Travel,746,Sales,2,3,Life Sciences,4,Male,61,3,2,Sales Executive,3,Married,4649,16928,1,No,14,3,1,1,4,3,2,4,3,0,2,Stayed,0.12147275552707029,Low,Low work-life balance; Income below workforce median
EMP-0351,42,0,Travel_Rarely,544,Human Resources,2,1,Technical Degree,3,Male,52,3,1,Human Resources,3,Divorced,2696,24017,0,Yes,11,3,3,1,4,5,3,3,2,1,0,Stayed,0.4669735398751546,Medium,Works overtime; Income below workforce median
EMP-0352,32,0,Travel_Rarely,1062,Research & Development,2,3,Medical,3,Female,75,3,1,Laboratory Technician,2,Married,2370,3956,1,No,13,3,3,1,8,4,3,8,0,0,7,Stayed,0.1217531694981865,Low,Low job satisfaction; Income below workforce median
EMP-0353,48,0,Travel_Rarely,530,Sales,29,1,Medical,1,Female,91,3,3,Manager,3,Married,12504,23978,3,No,21,4,2,1,15,3,1,0,0,0,0,Stayed,0.5303105508028202,Medium,Low environment satisfaction; Low work-life balance; Long distance from home
EMP-0354,37,0,Travel_Rarely,1319,Research & Development,6,3,Medical,3,Male,51,4,2,Research Scientist,1,Divorced,5974,17001,4,Yes,13,3,1,2,13,2,3,7,7,6,7,Stayed,0.36302282378681516,Medium,Works overtime; Low job satisfaction; Long period since promotion
EMP-0355,30,0,Non-Travel,641,Sales,25,2,Technical Degree,4,Female,85,3,2,Sales Executive,3,Married,4736,6069,7,Yes,12,3,2,1,4,2,4,2,2,2,2,Stayed,0.8476081444301969,High,Works overtime; Long distance from home; Income below workforce median
EMP-0356,26,0,Travel_Rarely,933,Sales,1,3,Life Sciences,3,Male,57,3,2,Sales Executive,3,Married,5296,20156,1,No,17,3,2,1,8,3,3,8,7,7,7,Stayed,0.1588202693972817,Low,Long period since promotion
EMP-0357,42,0,Travel_Rarely,1332,Research & Development,2,4,Other,1,Male,98,2,2,Healthcare Representative,4,Single,6781,17078,3,No,23,4,2,0,14,6,3,1,0,0,0,Stayed,0.036354014296433985,Low,Low environment satisfaction; No stock options
EMP-0358,21,1,Travel_Frequently,756,Sales,1,1,Technical Degree,1,Female,99,2,1,Sales Representative,2,Single,2174,9150,1,Yes,11,3,3,0,3,3,3,3,2,1,2,Left,0.9889611749208499,High,Works overtime; Low job satisfaction; Low environment satisfaction; Frequent business travel
EMP-0359,36,0,Non-Travel,845,Sales,1,5,Medical,4,Female,45,3,2,Sales Executive,4,Single,6653,15276,4,No,15,3,2,0,7,6,3,1,0,0,0,Stayed,0.08096778656550906,Low,No stock options
EMP-0360,36,0,Travel_Frequently,541,Sales,3,4,Medical,1,Male,48,2,3,Sales Executive,4,Married,9699,7246,4,No,11,3,1,1,16,2,3,13,9,1,12,Stayed,0.4226141309236949,Medium,Low environment satisfaction; Frequent business travel
EMP-0361,57,0,Travel_Rarely,593,Research & Development,1,4,Medical,4,Male,88,3,2,Healthcare Representative,3,Married,6755,2967,2,No,11,3,3,0,15,2,3,3,2,1,2,Stayed,0.024131037159634987,Low,No stock options
EMP-0362,40,0,Travel_Rarely,1171,Research & Development,10,4,Life Sciences,4,Female,46,4,1,Laboratory Technician,3,Married,2213,22495,3,Yes,13,3,3,1,10,3,3,7,7,1,7,Stayed,0.20158355319813087,Low,Works overtime; Income below workforce median
EMP-0363,21,0,Non-Travel,895,Sales,9,2,Medical,1,Male,39,3,1,Sales Representative,4,Single,2610,2851,1,No,24,4,3,0,3,3,2,3,2,2,2,Stayed,0.4784162379640352,Medium,Low environment satisfaction; Low work-life balance; No stock options; Income below workforce median
EMP-0364,33,1,Travel_Rarely,350,Sales,5,3,Marketing,4,Female,34,3,1,Sales Representative,3,Single,2851,9150,1,Yes,13,3,2,0,1,2,3,1,0,0,0,Left,0.9597992363272065,High,Works overtime; No stock options; Income below workforce median
EMP-0365,37,0,Travel_Rarely,921,Research & Development,10,3,Medical,3,Female,98,3,1,Laboratory Technician,1,Married,3452,17663,6,No,20,4,2,1,17,3,3,5,4,0,3,Stayed,0.3282666385278298,Medium,Low job satisfaction; Income below workforce median
EMP-0366,46,0,Non-Travel,1144,Research & Development,7,4,Medical,3,Female,30,3,2,Manufacturing Director,3,Married,5258,16044,2,No,14,3,3,0,7,2,4,1,0,0,0,Stayed,0.0365411984759663,Low,No stock options
EMP-0367,41,1,Travel_Frequently,143,Sales,4,3,Marketing,1,Male,56,3,2,Sales Executive,2,Single,9355,9558,1,No,18,3,3,0,8,5,3,8,7,7,7,Left,0.6326153889571561,High,Low job satisfaction; Low environment satisfaction; Long period since promotion; Frequent business travel
EMP-0368,50,0,Travel_Rarely,1046,Research & Development,10,3,Technical Degree,4,Male,100,2,3,Healthcare Representative,4,Single,10496,2755,6,No,15,3,4,0,20,2,3,4,3,1,3,Stayed,0.059999362852277034,Low,No stock options
EMP-0369,40,1,Travel_Rarely,575,Sales,22,2,Marketing,3,Male,68,2,2,Sales Executive,3,Married,6380,6110,2,Yes,12,3,1,2,8,6,3,6,4,1,0,Left,0.769761823559032,High,Works overtime; Long distance from home
EMP-0370,31,0,Travel_Rarely,408,Research & Development,9,4,Life Sciences,3,Male,42,2,1,Research Scientist,2,Single,2657,7551,0,Yes,16,3,4,0,3,5,3,2,2,2,2,Stayed,0.5714687645552298,Medium,Works overtime; Low job satisfaction; No stock options; Income below workforce median
EMP-0371,21,1,Travel_Rarely,156,Sales,12,3,Life Sciences,3,Female,90,4,1,Sales Representative,2,Single,2716,25422,1,No,15,3,4,0,1,0,3,1,0,0,0,Left,0.8453187860210023,High,Low job satisfaction; No stock options; Income below workforce median
EMP-0372,29,0,Travel_Rarely,1283,Research & Development,23,3,Life Sciences,4,Male,54,3,1,Research Scientist,4,Single,2201,18168,9,No,16,3,4,0,6,4,3,3,2,1,2,Stayed,0.20687542583422167,Low,Long distance from home; No stock options; Income below workforce median
EMP-0373,35,0,Travel_Rarely,755,Research & Development,9,4,Life Sciences,3,Male,97,2,2,Healthcare Representative,2,Single,6540,19394,9,No,19,3,3,0,10,5,3,1,1,0,0,Stayed,0.3106304998818376,Medium,Low job satisfaction; No stock options
EMP-0374,27,0,Travel_Rarely,1469,Research & Development,1,2,Medical,4,Male,82,3,1,Laboratory Technician,2,Divorced,3816,17881,1,No,11,3,2,1,5,2,3,5,2,0,4,Stayed,0.18009792130797148,Low,Low job satisfaction; Income below workforce median
EMP-0375,28,0,Travel_Rarely,304,Sales,9,4,Life Sciences,2,Male,92,3,2,Sales Executive,4,Single,5253,20750,1,No,16,3,4,0,7,1,3,7,5,0,7,Stayed,0.18552845331241097,Low,Low environment satisfaction; No stock options
EMP-0376,49,0,Travel_Rarely,1261,Research & Development,7,3,Other,2,Male,31,2,3,Healthcare Representative,3,Single,10965,12066,8,No,24,4,3,0,26,2,3,5,2,0,0,Stayed,0.06430449019965637,Low,Low environment satisfaction; No stock options
EMP-0377,51,0,Travel_Rarely,1178,Sales,14,2,Life Sciences,3,Female,87,3,2,Sales Executive,4,Married,4936,14862,4,No,11,3,3,1,18,2,2,7,7,0,7,Stayed,0.048737334407739266,Low,Low work-life balance
EMP-0378,36,0,Travel_Rarely,329,Research & Development,2,3,Life Sciences,4,Female,96,3,1,Research Scientist,3,Married,2543,11868,4,No,13,3,2,1,6,3,3,2,2,2,2,Stayed,0.09455394860090734,Low,Income below workforce median
EMP-0379,34,1,Non-Travel,1362,Sales,19,3,Marketing,1,Male,67,4,2,Sales Executive,4,Single,5304,4652,8,Yes,13,3,2,0,9,3,2,5,2,0,4,Left,0.7760729678312652,High,Works overtime; Low environment satisfaction; Low work-life balance; Long distance from home
EMP-0380,55,0,Travel_Rarely,1311,Research & Development,2,3,Life Sciences,3,Female,97,3,4,Manager,4,Single,16659,23258,2,Yes,13,3,3,0,30,2,3,5,4,1,2,Stayed,0.0468985459139973,Low,Works overtime; No stock options
EMP-0381,24,0,Travel_Rarely,1371,Sales,10,4,Marketing,4,Female,77,3,2,Sales Executive,3,Divorced,4260,5915,1,Yes,12,3,4,1,5,2,4,5,2,0,3,Stayed,0.4249142978348532,Medium,Works overtime; Income below workforce median
EMP-0382,30,0,Travel_Rarely,202,Sales,2,1,Technical Degree,3,Male,72,3,1,Sales Representative,2,Married,2476,17434,1,No,18,3,1,1,1,3,3,1,0,0,0,Stayed,0.8426135597223441,High,Low job satisfaction; Income below workforce median
EMP-0383,26,1,Travel_Frequently,575,Research & Development,3,1,Technical Degree,3,Male,73,3,1,Research Scientist,1,Single,3102,6582,0,No,22,4,3,0,7,2,3,6,4,0,4,Left,0.3321212060395789,Medium,Low job satisfaction; Frequent business travel; No stock options; Income below workforce median
EMP-0384,22,0,Travel_Rarely,253,Research & Development,11,3,Medical,1,Female,43,3,1,Research Scientist,2,Married,2244,24440,1,No,13,3,4,1,2,1,3,2,1,1,2,Stayed,0.4965658201466279,Medium,Low job satisfaction; Low environment satisfaction; Income below workforce median
EMP-0385,36,0,Travel_Rarely,164,Sales,2,2,Medical,2,Male,61,2,3,Sales Executive,3,Married,7596,3809,1,No,13,3,2,2,10,2,3,10,9,9,0,Stayed,0.6517537612929863,High,Low environment satisfaction; Long period since promotion
EMP-0386,30,1,Travel_Frequently,464,Research & Development,4,3,Technical Degree,3,Male,40,3,1,Research Scientist,4,Single,2285,3427,9,Yes,23,4,3,0,3,4,3,1,0,0,0,Left,0.9277650211198513,High,Works overtime; Frequent business travel; No stock options; Income below workforce median
EMP-0387,37,0,Travel_Rarely,1107,Research & Development,14,3,Life Sciences,4,Female,95,3,1,Laboratory Technician,1,Divorced,3034,26914,1,No,12,3,3,1,18,2,2,18,7,12,17,Stayed,0.23606786093804571,Low,Low job satisfaction; Low work-life balance; Long period since promotion; Income below workforce median
EMP-0388,40,0,Travel_Rarely,759,Sales,2,2,Marketing,4,Female,46,3,2,Sales Executive,2,Divorced,5715,22553,7,No,12,3,3,2,8,5,3,5,4,1,3,Stayed,0.1779599515072219,Low,Low job satisfaction
EMP-0389,42,0,Travel_Rarely,201,Research & Development,1,4,Life Sciences,2,Female,95,3,1,Laboratory Technician,1,Divorced,2576,20490,3,No,16,3,2,1,8,5,3,5,2,1,2,Stayed,0.4031622780361248,Medium,Low job satisfaction; Low environment satisfaction; Income below workforce median
EMP-0390,37,0,Travel_Rarely,1305,Research & Development,10,4,Life Sciences,3,Male,49,3,2,Manufacturing Director,2,Single,4197,21123,2,Yes,12,3,4,0,18,2,2,1,0,0,1,Stayed,0.35809307299653254,Medium,Works overtime; Low job satisfaction; Low work-life balance; No stock options
EMP-0391,43,0,Travel_Rarely,982,Research & Development,12,3,Life Sciences,1,Male,59,2,4,Research Director,2,Divorced,14336,4345,1,No,11,3,3,1,25,3,3,25,10,3,9,Stayed,0.03841295804762476,Low,Low job satisfaction; Low environment satisfaction
EMP-0392,40,0,Travel_Rarely,555,Research & Development,2,3,Medical,2,Female,78,2,2,Laboratory Technician,3,Married,3448,13436,6,No,22,4,2,1,20,3,3,1,0,0,0,Stayed,0.5043691470201473,Medium,Low environment satisfaction; Income below workforce median
EMP-0393,54,0,Travel_Rarely,821,Research & Development,5,2,Medical,1,Male,86,3,5,Research Director,1,Married,19406,8509,4,No,11,3,3,1,24,4,2,4,2,1,2,Stayed,0.0699304652111358,Low,Low job satisfaction; Low environment satisfaction; Low work-life balance
EMP-0394,34,0,Non-Travel,1381,Sales,4,4,Marketing,3,Female,72,3,2,Sales Executive,3,Married,6538,12740,9,No,15,3,1,1,6,3,3,3,2,1,2,Stayed,0.3044819292165475,Medium,No prominent rule-based indicators
EMP-0395,31,0,Travel_Rarely,480,Research & Development,7,2,Medical,2,Female,31,3,2,Manufacturing Director,1,Married,4306,4156,1,No,12,3,2,1,13,5,1,13,10,3,12,Stayed,0.14627429210623755,Low,Low job satisfaction; Low environment satisfaction; Low work-life balance; Income below workforce median
EMP-0396,43,0,Travel_Frequently,313,Research & Development,21,3,Medical,4,Male,61,3,1,Laboratory Technician,4,Married,2258,15238,7,No,20,4,1,1,8,1,3,3,2,1,2,Stayed,0.6848057724100707,High,Frequent business travel; Long distance from home; Income below workforce median
EMP-0397,43,0,Travel_Rarely,1473,Research & Development,8,4,Other,3,Female,74,3,2,Healthcare Representative,3,Divorced,4522,2227,4,Yes,14,3,4,0,8,3,3,5,2,0,2,Stayed,0.1540251761170292,Low,Works overtime; No stock options; Income below workforce median
EMP-0398,25,0,Travel_Rarely,891,Sales,4,2,Life Sciences,2,Female,99,2,2,Sales Executive,4,Single,4487,12090,1,Yes,11,3,2,0,5,3,3,5,4,1,3,Stayed,0.8163374675320947,High,Works overtime; Low environment satisfaction; No stock options; Income below workforce median
EMP-0399,37,0,Non-Travel,1063,Research & Development,25,5,Medical,2,Female,72,3,2,Research Scientist,3,Married,4449,23866,3,Yes,15,3,1,2,15,2,3,13,11,10,7,Stayed,0.4573002275365467,Medium,Works overtime; Low environment satisfaction; Long period since promotion; Long distance from home
EMP-0400,31,0,Travel_Rarely,329,Research & Development,1,2,Life Sciences,4,Male,98,2,1,Laboratory Technician,1,Married,2218,16193,1,No,12,3,3,1,4,3,3,4,2,3,2,Stayed,0.44375171050771334,Medium,Low job satisfaction; Income below workforce median
EMP-0401,39,0,Travel_Frequently,1218,Research & Development,1,1,Life Sciences,2,Male,52,3,5,Manager,3,Divorced,19197,8213,1,Yes,14,3,3,1,21,3,3,21,8,1,6,Stayed,0.24348044603138538,Low,Works overtime; Low environment satisfaction; Frequent business travel
EMP-0402,56,0,Travel_Frequently,906,Sales,6,3,Life Sciences,3,Female,86,4,4,Sales Executive,1,Married,13212,18256,9,No,11,3,4,3,36,0,2,7,7,7,7,Stayed,0.14854865474945578,Low,Low job satisfaction; Low work-life balance; Long period since promotion; Frequent business travel
EMP-0403,30,0,Travel_Rarely,1082,Sales,12,3,Technical Degree,2,Female,83,3,2,Sales Executive,3,Single,6577,19558,0,No,11,3,2,0,6,6,3,5,4,4,4,Stayed,0.5300541270294838,Medium,Low environment satisfaction; Long period since promotion; No stock options
EMP-0404,41,0,Travel_Rarely,645,Sales,1,3,Marketing,2,Male,49,4,3,Sales Executive,1,Married,8392,19566,1,No,16,3,3,1,10,2,3,10,7,0,7,Stayed,0.15281759419639304,Low,Low job satisfaction; Low environment satisfaction
EMP-0405,28,0,Travel_Rarely,1300,Research & Development,17,2,Medical,3,Male,79,3,2,Laboratory Technician,1,Divorced,4558,13535,1,No,12,3,4,1,10,2,3,10,0,1,8,Stayed,0.3374695652685926,Medium,Low job satisfaction; Long distance from home; Income below workforce median
EMP-0406,25,1,Travel_Rarely,688,Research & Development,3,3,Medical,1,Male,91,3,1,Laboratory Technician,1,Married,4031,9396,5,No,13,3,3,1,6,5,3,2,2,0,2,Left,0.6610377416941099,High,Low job satisfaction; Low environment satisfaction; Income below workforce median
EMP-0407,52,0,Travel_Rarely,319,Research & Development,3,3,Medical,4,Male,39,2,3,Manufacturing Director,3,Married,7969,19609,2,Yes,14,3,3,0,28,4,3,5,4,0,4,Stayed,0.11870138832871274,Low,Works overtime; No stock options
EMP-0408,45,0,Travel_Rarely,192,Research & Development,10,2,Life Sciences,1,Male,69,3,1,Research Scientist,4,Married,2654,9655,3,No,21,4,4,2,8,3,2,2,2,0,2,Stayed,0.07901703918660256,Low,Low environment satisfaction; Low work-life balance; Income below workforce median
EMP-0409,52,0,Travel_Rarely,1490,Research & Development,4,2,Life Sciences,4,Female,30,3,4,Manager,4,Married,16555,10310,2,No,13,3,4,0,31,2,1,5,2,1,4,Stayed,0.009411923557678292,Low,Low work-life balance; No stock options
EMP-0410,42,0,Travel_Frequently,532,Research & Development,29,2,Life Sciences,1,Female,92,3,2,Research Scientist,3,Divorced,4556,12932,2,No,11,3,2,1,19,3,3,5,4,0,2,Stayed,0.39753106427403045,Medium,Low environment satisfaction; Frequent business travel; Long distance from home; Income below workforce median
EMP-0411,30,0,Travel_Rarely,317,Research & Development,2,3,Life Sciences,3,Female,43,1,2,Manufacturing Director,4,Single,6091,24793,2,No,20,4,3,0,11,2,3,5,4,0,2,Stayed,0.16330718642295763,Low,No stock options
EMP-0412,60,0,Travel_Rarely,422,Research & Development,7,3,Life Sciences,1,Female,41,3,5,Manager,1,Married,19566,3854,5,No,11,3,4,0,33,5,1,29,8,11,10,Stayed,0.5132433206554274,Medium,Low job satisfaction; Low environment satisfaction; Low work-life balance; Long period since promotion
EMP-0413,46,0,Travel_Rarely,1485,Research & Development,18,3,Medical,3,Female,87,3,2,Manufacturing Director,3,Divorced,4810,26314,2,No,14,3,3,1,19,5,2,10,7,0,8,Stayed,0.01378195980097688,Low,Low work-life balance; Long distance from home; Income below workforce median
EMP-0414,42,0,Travel_Frequently,1368,Research & Development,28,4,Technical Degree,4,Female,88,2,2,Healthcare Representative,4,Married,4523,4386,0,No,11,3,4,3,7,4,4,6,5,0,4,Stayed,0.026378300232587536,Low,Frequent business travel; Long distance from home; Income below workforce median
EMP-0415,24,1,Travel_Rarely,1448,Sales,1,1,Technical Degree,1,Female,62,3,1,Sales Representative,2,Single,3202,21972,1,Yes,16,3,2,0,6,4,3,5,3,1,4,Left,0.9038743179357716,High,Works overtime; Low job satisfaction; Low environment satisfaction; No stock options
EMP-0416,34,1,Travel_Frequently,296,Sales,6,2,Marketing,4,Female,33,1,1,Sales Representative,3,Divorced,2351,12253,0,No,16,3,4,1,3,3,2,2,2,1,0,Left,0.722203746456593,High,Low work-life balance; Frequent business travel; Income below workforce median
EMP-0417,38,0,Travel_Frequently,1490,Research & Development,2,2,Life Sciences,4,Male,42,3,1,Laboratory Technician,4,Married,1702,12106,1,Yes,23,4,3,1,1,3,3,1,0,0,0,Stayed,0.5817819934479395,Medium,Works overtime; Frequent business travel; Income below workforce median
EMP-0418,40,0,Travel_Rarely,1398,Sales,2,4,Life Sciences,3,Female,79,3,5,Manager,3,Married,18041,13022,0,No,14,3,4,0,21,2,3,20,15,1,12,Stayed,0.015560762917029777,Low,No stock options
EMP-0419,26,0,Travel_Rarely,1349,Research & Development,23,3,Life Sciences,1,Female,90,3,1,Research Scientist,4,Divorced,2886,3032,1,No,22,4,2,2,3,3,1,3,2,0,2,Stayed,0.24637357337758514,Low,Low environment satisfaction; Low work-life balance; Long distance from home; Income below workforce median
EMP-0420,30,0,Non-Travel,1400,Research & Development,3,3,Life Sciences,3,Male,53,3,1,Laboratory Technician,4,Married,2097,16734,4,No,15,3,3,1,9,3,1,5,3,1,4,Stayed,0.07324654661005624,Low,Low work-life balance; Income below workforce median
EMP-0421,29,0,Travel_Rarely,986,Research & Development,3,4,Medical,2,Male,93,2,3,Research Director,3,Married,11935,21526,1,No,18,3,3,0,10,2,3,10,2,0,7,Stayed,0.04681027051943858,Low,Low environment satisfaction; No stock options
EMP-0422,29,1,Travel_Rarely,408,Research & Development,25,5,Technical Degree,3,Female,71,2,1,Research Scientist,2,Married,2546,18300,5,No,16,3,2,0,6,2,4,2,2,1,1,Left,0.7272043940841081,High,Low job satisfaction; Long distance from home; No stock options; Income below workforce median
EMP-0423,19,1,Travel_Rarely,489,Human Resources,2,2,Technical Degree,1,Male,52,2,1,Human Resources,4,Single,2564,18437,1,No,12,3,3,0,1,3,4,1,0,0,0,Left,0.7690644220362262,High,Low environment satisfaction; No stock options; Income below workforce median
EMP-0424,30,0,Non-Travel,1398,Sales,22,4,Other,3,Female,69,3,3,Sales Executive,1,Married,8412,2890,0,No,11,3,3,0,10,3,3,9,8,7,8,Stayed,0.1641017889786075,Low,Low job satisfaction; Long period since promotion; Long distance from home; No stock options
EMP-0425,57,0,Travel_Rarely,210,Sales,29,3,Marketing,1,Male,56,2,4,Manager,4,Divorced,14118,22102,3,No,12,3,3,1,32,3,2,1,0,0,0,Stayed,0.3418506195446926,Medium,Low environment satisfaction; Low work-life balance; Long distance from home
EMP-0426,50,0,Travel_Rarely,1099,Research & Development,29,4,Life Sciences,2,Male,88,2,4,Manager,3,Married,17046,9314,0,No,15,3,2,1,28,2,3,27,10,15,7,Stayed,0.33852344916954763,Medium,Low environment satisfaction; Long period since promotion; Long distance from home
EMP-0427,30,0,Non-Travel,1116,Research & Development,2,3,Medical,3,Female,49,3,1,Laboratory Technician,4,Single,2564,7181,0,No,14,3,3,0,12,2,2,11,7,6,7,Stayed,0.07405119162968736,Low,Low work-life balance; Long period since promotion; No stock options; Income below workforce median
EMP-0428,60,0,Travel_Frequently,1499,Sales,28,3,Marketing,3,Female,80,2,3,Sales Executive,1,Married,10266,2845,4,No,19,3,4,0,22,5,4,18,13,13,11,Stayed,0.4873009010960663,Medium,Low job satisfaction; Long period since promotion; Frequent business travel; Long distance from home
EMP-0429,47,0,Travel_Rarely,983,Research & Development,2,2,Medical,1,Female,65,3,2,Manufacturing Director,4,Divorced,5070,7389,5,No,13,3,3,3,20,2,3,5,0,0,4,Stayed,0.019755730484602992,Low,Low environment satisfaction
EMP-0430,46,0,Travel_Rarely,1009,Research & Development,2,3,Life Sciences,1,Male,51,3,4,Research Director,3,Married,17861,2288,6,No,13,3,3,0,26,2,1,3,2,0,1,Stayed,0.07243683193123364,Low,Low environment satisfaction; Low work-life balance; No stock options
EMP-0431,35,0,Travel_Rarely,144,Research & Development,22,3,Life Sciences,4,Male,46,1,1,Laboratory Technician,3,Single,4230,19225,0,No,15,3,3,0,6,2,3,5,4,4,3,Stayed,0.618363530381598,High,Long period since promotion; Long distance from home; No stock options; Income below workforce median
EMP-0432,54,0,Travel_Rarely,548,Research & Development,8,4,Life Sciences,3,Female,42,3,2,Laboratory Technician,3,Single,3780,23428,7,No,11,3,3,0,19,3,3,1,0,0,0,Stayed,0.47591773518704156,Medium,No stock options; Income below workforce median
EMP-0433,34,0,Travel_Rarely,1303,Research & Development,2,4,Life Sciences,4,Male,62,2,1,Research Scientist,3,Divorced,2768,8416,3,No,12,3,3,1,14,3,3,7,3,5,7,Stayed,0.0453097696108476,Low,Long period since promotion; Income below workforce median
EMP-0434,46,0,Travel_Rarely,1125,Sales,10,3,Marketing,3,Female,94,2,3,Sales Executive,4,Married,9071,11563,2,Yes,19,3,3,1,15,3,3,3,2,1,2,Stayed,0.341107604600434,Medium,Works overtime
EMP-0435,31,0,Travel_Rarely,1274,Research & Development,9,1,Life Sciences,3,Male,33,3,3,Manufacturing Director,2,Divorced,10648,14394,1,No,25,4,4,1,13,6,4,13,8,0,8,Stayed,0.009887951237171996,Low,Low job satisfaction
EMP-0436,33,1,Travel_Rarely,1277,Research & Development,15,1,Medical,2,Male,56,3,3,Manager,3,Married,13610,24619,7,Yes,12,3,4,0,15,2,4,7,6,7,7,Left,0.5954406387186398,Medium,Works overtime; Low environment satisfaction; Long period since promotion; Long distance from home
EMP-0437,33,1,Travel_Rarely,587,Research & Development,10,1,Medical,1,Male,38,1,1,Laboratory Technician,4,Divorced,3408,6705,7,No,13,3,1,3,8,2,3,4,3,1,3,Left,0.6434682132822473,High,Low environment satisfaction; Income below workforce median
EMP-0438,30,0,Travel_Rarely,413,Sales,7,1,Marketing,4,Male,57,3,1,Sales Representative,2,Single,2983,18398,0,No,14,3,1,0,4,3,3,3,2,1,2,Stayed,0.61667529212321,High,Low job satisfaction; No stock options; Income below workforce median
EMP-0439,35,0,Travel_Rarely,1276,Research & Development,16,3,Life Sciences,4,Male,72,3,3,Healthcare Representative,3,Married,7632,14295,4,Yes,12,3,3,0,10,2,3,8,7,0,0,Stayed,0.47547546256701145,Medium,Works overtime; Long distance from home; No stock options
EMP-0440,31,1,Travel_Frequently,534,Research & Development,20,3,Life Sciences,1,Male,66,3,3,Healthcare Representative,3,Married,9824,22908,3,No,12,3,1,0,12,2,3,1,0,0,0,Left,0.7256542070270661,High,Low environment satisfaction; Frequent business travel; Long distance from home; No stock options
EMP-0441,34,1,Travel_Frequently,988,Human Resources,23,3,Human Resources,2,Female,43,3,3,Human Resources,1,Divorced,9950,11533,9,Yes,15,3,3,3,11,2,3,3,2,0,2,Left,0.9672658136415264,High,Works overtime; Low job satisfaction; Low environment satisfaction; Frequent business travel
EMP-0442,42,0,Travel_Frequently,1474,Research & Development,5,2,Other,2,Male,97,3,1,Laboratory Technician,3,Married,2093,9260,4,No,17,3,4,1,8,4,3,2,2,2,0,Stayed,0.14762792866803004,Low,Low environment satisfaction; Frequent business travel; Income below workforce median
EMP-0443,36,0,Non-Travel,635,Sales,10,4,Medical,2,Male,32,3,3,Sales Executive,4,Single,9980,15318,1,No,14,3,4,0,10,3,2,10,3,9,7,Stayed,0.3043644976724351,Medium,Low environment satisfaction; Low work-life balance; Long period since promotion; No stock options
EMP-0444,22,1,Travel_Frequently,1368,Research & Development,4,1,Technical Degree,3,Male,99,2,1,Laboratory Technician,3,Single,3894,9129,5,No,16,3,3,0,4,3,3,2,2,1,2,Left,0.8053843290918835,High,Frequent business travel; No stock options; Income below workforce median
EMP-0445,48,0,Travel_Rarely,163,Sales,2,5,Marketing,2,Female,37,3,2,Sales Executive,4,Married,4051,19658,2,No,14,3,1,1,14,2,3,9,7,6,7,Stayed,0.23680741764377172,Low,Low environment satisfaction; Long period since promotion; Income below workforce median
EMP-0446,55,0,Travel_Rarely,1117,Sales,18,5,Life Sciences,1,Female,83,3,4,Manager,2,Single,16835,9873,3,No,23,4,4,0,37,2,3,10,9,7,7,Stayed,0.08928130070565156,Low,Low job satisfaction; Low environment satisfaction; Long period since promotion; Long distance from home
EMP-0447,41,0,Non-Travel,267,Sales,10,2,Life Sciences,4,Male,56,3,2,Sales Executive,4,Single,6230,13430,7,No,14,3,4,0,16,3,3,14,3,1,10,Stayed,0.039193804572080285,Low,No stock options
EMP-0448,35,0,Travel_Rarely,619,Sales,1,3,Marketing,2,Male,85,3,2,Sales Executive,3,Married,4717,18659,9,No,11,3,3,0,15,2,3,11,9,6,9,Stayed,0.5682282567112755,Medium,Low environment satisfaction; Long period since promotion; No stock options; Income below workforce median
EMP-0449,40,0,Travel_Rarely,302,Research & Development,6,3,Life Sciences,2,Female,75,3,4,Manufacturing Director,3,Single,13237,20364,7,No,15,3,3,0,22,3,3,20,6,5,13,Stayed,0.20037345129326872,Low,Low environment satisfaction; Long period since promotion; No stock options
EMP-0450,39,0,Travel_Frequently,443,Research & Development,8,1,Life Sciences,3,Female,48,3,1,Laboratory Technician,3,Married,3755,17872,1,No,11,3,1,1,8,3,3,8,3,0,7,Stayed,0.31236272886283567,Medium,Frequent business travel; Income below workforce median
EMP-0451,31,0,Travel_Rarely,828,Sales,2,1,Life Sciences,2,Male,77,3,2,Sales Executive,4,Single,6582,8346,4,Yes,13,3,3,0,10,2,4,6,5,0,5,Stayed,0.4714792257456778,Medium,Works overtime; Low environment satisfaction; No stock options
EMP-0452,42,0,Travel_Rarely,319,Research & Development,24,3,Medical,4,Male,56,3,3,Manufacturing Director,1,Married,7406,6950,1,Yes,21,4,4,1,10,5,2,10,9,5,8,Stayed,0.4693107204234983,Medium,Works overtime; Low job satisfaction; Low work-life balance; Long period since promotion
EMP-0453,45,0,Travel_Rarely,561,Sales,2,3,Other,4,Male,61,3,2,Sales Executive,2,Married,4805,16177,0,No,19,3,2,1,9,3,4,8,7,3,7,Stayed,0.01981585728188763,Low,Low job satisfaction; Income below workforce median
EMP-0454,26,1,Travel_Frequently,426,Human Resources,17,4,Life Sciences,2,Female,58,3,1,Human Resources,3,Divorced,2741,22808,0,Yes,11,3,2,1,8,2,2,7,7,1,0,Left,0.8479686048346007,High,Works overtime; Low environment satisfaction; Low work-life balance; Frequent business travel
EMP-0455,29,0,Travel_Rarely,232,Research & Development,19,3,Technical Degree,4,Male,34,3,2,Manufacturing Director,4,Divorced,4262,22645,4,No,12,3,2,2,8,2,4,3,2,1,2,Stayed,0.16493413572550117,Low,Long distance from home; Income below workforce median
EMP-0456,33,0,Travel_Rarely,922,Research & Development,1,5,Medical,1,Female,95,4,4,Research Director,3,Divorced,16184,22578,4,No,19,3,3,1,10,2,3,6,1,0,5,Stayed,0.04873533834474604,Low,Low environment satisfaction
EMP-0457,31,0,Travel_Rarely,688,Sales,7,3,Life Sciences,3,Male,44,2,3,Manager,4,Divorced,11557,25291,9,No,21,4,3,1,10,3,2,5,4,0,1,Stayed,0.5150681111427026,Medium,Low work-life balance
EMP-0458,18,1,Travel_Frequently,1306,Sales,5,3,Marketing,2,Male,69,3,1,Sales Representative,2,Single,1878,8059,1,Yes,14,3,4,0,0,3,3,0,0,0,0,Left,0.9910577334275985,High,Works overtime; Low job satisfaction; Low environment satisfaction; Frequent business travel
EMP-0459,40,0,Non-Travel,1094,Sales,28,3,Other,3,Male,58,1,3,Sales Executive,1,Divorced,10932,11373,3,No,15,3,3,1,20,2,3,1,0,0,1,Stayed,0.1436849346248008,Low,Low job satisfaction; Long distance from home
EMP-0460,41,0,Non-Travel,509,Research & Development,2,4,Other,1,Female,62,2,2,Healthcare Representative,3,Single,6811,2112,2,Yes,17,3,1,0,10,3,3,8,7,0,7,Stayed,0.11539571141406561,Low,Works overtime; Low environment satisfaction; No stock options
EMP-0461,26,0,Travel_Rarely,775,Sales,29,2,Medical,1,Male,45,3,2,Sales Executive,3,Divorced,4306,4267,5,No,12,3,1,2,8,5,3,0,0,0,0,Stayed,0.7198157503103456,High,Low environment satisfaction; Long distance from home; Income below workforce median
EMP-0462,35,0,Travel_Rarely,195,Sales,1,3,Medical,1,Female,80,3,2,Sales Executive,3,Single,4859,6698,1,No,16,3,4,0,5,3,3,5,4,0,3,Stayed,0.3640065775886019,Medium,Low environment satisfaction; No stock options; Income below workforce median
EMP-0463,34,0,Travel_Rarely,258,Sales,21,4,Life Sciences,4,Male,74,4,2,Sales Executive,4,Single,5337,19921,1,No,12,3,4,0,10,3,3,10,7,5,7,Stayed,0.13153735089314,Low,Long period since promotion; Long distance from home; No stock options
EMP-0464,26,1,Travel_Rarely,471,Research & Development,24,3,Technical Degree,3,Male,66,1,1,Laboratory Technician,4,Single,2340,23213,1,Yes,18,3,2,0,1,3,1,1,0,0,0,Left,0.9907174979442567,High,Works overtime; Low work-life balance; Long distance from home; No stock options
EMP-0465,37,0,Travel_Rarely,799,Research & Development,1,3,Technical Degree,2,Female,59,3,3,Manufacturing Director,4,Single,7491,23848,4,No,17,3,4,0,12,3,4,6,5,1,2,Stayed,0.12694116085009463,Low,Low environment satisfaction; No stock options
EMP-0466,46,0,Travel_Frequently,1034,Research & Development,18,1,Medical,1,Female,86,3,3,Healthcare Representative,3,Married,10527,8984,5,No,11,3,4,0,28,3,2,2,2,1,2,Stayed,0.21199487985405155,Low,Low environment satisfaction; Low work-life balance; Frequent business travel; Long distance from home
EMP-0467,41,0,Travel_Rarely,1276,Sales,2,5,Life Sciences,2,Female,91,3,4,Manager,1,Married,16595,5626,7,No,16,3,2,1,22,2,3,18,16,11,8,Stayed,0.39156587368351753,Medium,Low job satisfaction; Low environment satisfaction; Long period since promotion
EMP-0468,37,0,Non-Travel,142,Sales,9,4,Medical,1,Male,69,3,3,Sales Executive,2,Divorced,8834,24666,1,No,13,3,4,1,9,6,3,9,5,7,7,Stayed,0.26834536874372045,Low,Low job satisfaction; Low environment satisfaction; Long period since promotion
EMP-0469,52,0,Travel_Rarely,956,Research & Development,6,2,Technical Degree,4,Male,78,3,2,Research Scientist,1,Divorced,5577,22087,3,Yes,12,3,2,2,18,3,3,10,9,6,9,Stayed,0.23297338527706532,Low,Works overtime; Low job satisfaction; Long period since promotion
EMP-0470,32,1,Non-Travel,1474,Sales,11,4,Other,4,Male,60,4,2,Sales Executive,3,Married,4707,23914,8,No,12,3,4,0,6,2,3,4,2,1,2,Left,0.08910803945554928,Low,No stock options; Income below workforce median
EMP-0471,24,0,Travel_Frequently,535,Sales,24,3,Medical,4,Male,38,3,1,Sales Representative,4,Married,2400,5530,0,No,13,3,3,2,3,3,3,2,2,2,1,Stayed,0.5017969512568634,Medium,Frequent business travel; Long distance from home; Income below workforce median
EMP-0472,38,0,Travel_Rarely,1495,Research & Development,10,3,Medical,3,Female,76,3,2,Healthcare Representative,3,Married,9824,22174,3,No,19,3,3,1,18,4,3,1,0,0,0,Stayed,0.014023328972875037,Low,No prominent rule-based indicators
EMP-0473,37,0,Travel_Rarely,446,Research & Development,1,4,Life Sciences,2,Female,65,3,2,Manufacturing Director,2,Married,6447,15701,6,No,12,3,2,1,8,2,2,6,5,4,3,Stayed,0.4689075638298617,Medium,Low job satisfaction; Low environment satisfaction; Low work-life balance; Long period since promotion
EMP-0474,49,0,Travel_Rarely,1245,Research & Development,18,4,Life Sciences,4,Male,58,2,5,Research Director,3,Divorced,19502,2125,1,Yes,17,3,3,1,31,5,3,31,9,0,9,Stayed,0.013655924206629295,Low,Works overtime; Long distance from home
EMP-0475,24,0,Travel_Rarely,691,Research & Development,23,3,Medical,2,Male,89,4,1,Research Scientist,4,Married,2725,21630,1,Yes,11,3,2,2,6,3,3,6,5,1,4,Stayed,0.32349014453301655,Medium,Works overtime; Low environment satisfaction; Long distance from home; Income below workforce median
EMP-0476,26,0,Travel_Rarely,703,Sales,28,2,Marketing,1,Male,66,3,2,Sales Executive,2,Married,6272,7428,1,No,20,4,4,2,6,5,4,5,3,1,4,Stayed,0.3586533300900208,Medium,Low job satisfaction; Low environment satisfaction; Long distance from home
EMP-0477,24,0,Travel_Rarely,823,Research & Development,17,2,Other,4,Male,94,2,1,Laboratory Technician,2,Married,2127,9100,1,No,21,4,4,1,1,2,3,1,0,0,0,Stayed,0.4441616726659526,Medium,Low job satisfaction; Long distance from home; Income below workforce median
EMP-0478,50,0,Travel_Frequently,1246,Human Resources,3,3,Medical,1,Male,99,3,5,Manager,2,Married,18200,7999,1,No,11,3,3,1,32,2,3,32,5,10,7,Stayed,0.328191658972959,Medium,Low job satisfaction; Low environment satisfaction; Long period since promotion; Frequent business travel
EMP-0479,25,0,Travel_Rarely,622,Sales,13,1,Medical,2,Male,40,3,1,Sales Representative,3,Married,2096,26376,1,No,11,3,3,0,7,1,3,7,4,0,6,Stayed,0.5680069582550782,Medium,Low environment satisfaction; No stock options; Income below workforce median
EMP-0480,24,1,Travel_Frequently,1287,Research & Development,7,3,Life Sciences,1,Female,55,3,1,Laboratory Technician,3,Married,2886,14168,1,Yes,16,3,4,1,6,4,3,6,3,1,2,Left,0.7792165803924291,High,Works overtime; Low environment satisfaction; Frequent business travel; Income below workforce median
EMP-0481,30,1,Travel_Frequently,448,Sales,12,4,Life Sciences,2,Male,74,2,1,Sales Representative,1,Married,2033,14470,1,No,18,3,3,1,1,2,4,1,0,0,0,Left,0.914647293145113,High,Low job satisfaction; Low environment satisfaction; Frequent business travel; Income below workforce median
EMP-0482,34,0,Travel_Rarely,254,Research & Development,1,2,Life Sciences,2,Male,83,2,1,Research Scientist,4,Married,3622,22794,1,Yes,13,3,4,1,6,3,3,6,5,1,3,Stayed,0.3090688722013699,Medium,Works overtime; Low environment satisfaction; Income below workforce median
EMP-0483,31,1,Travel_Rarely,1365,Sales,13,4,Medical,2,Male,46,3,2,Sales Executive,1,Divorced,4233,11512,2,No,17,3,3,0,9,2,1,3,1,1,2,Left,0.6367578480466376,High,Low job satisfaction; Low environment satisfaction; Low work-life balance; No stock options
EMP-0484,35,0,Travel_Rarely,538,Research & Development,25,2,Other,1,Male,54,2,2,Laboratory Technician,4,Single,3681,14004,4,No,14,3,4,0,9,3,3,3,2,0,2,Stayed,0.6388513988615062,High,Low environment satisfaction; Long distance from home; No stock options; Income below workforce median
EMP-0485,31,0,Travel_Rarely,525,Sales,6,4,Medical,1,Male,66,4,2,Sales Executive,4,Divorced,5460,6219,4,No,22,4,4,2,13,4,4,7,7,5,7,Stayed,0.05897672309317584,Low,Low environment satisfaction; Long period since promotion
EMP-0486,27,0,Travel_Rarely,798,Research & Development,6,4,Medical,1,Female,66,2,1,Research Scientist,3,Divorced,2187,5013,0,No,12,3,3,2,6,5,2,5,3,0,3,Stayed,0.13626652676526785,Low,Low environment satisfaction; Low work-life balance; Income below workforce median
EMP-0487,37,0,Travel_Rarely,558,Sales,2,3,Marketing,4,Male,75,3,2,Sales Executive,3,Married,9602,3010,4,Yes,11,3,3,1,17,3,2,3,0,1,0,Stayed,0.47025778843506766,Medium,Works overtime; Low work-life balance
EMP-0488,20,0,Travel_Rarely,959,Research & Development,1,3,Life Sciences,4,Female,83,2,1,Research Scientist,2,Single,2836,11757,1,No,13,3,4,0,1,0,4,1,0,0,0,Stayed,0.3896538746249157,Medium,Low job satisfaction; No stock options; Income below workforce median
EMP-0489,42,0,Travel_Rarely,622,Research & Development,2,4,Life Sciences,3,Female,81,3,2,Healthcare Representative,4,Married,4089,5718,1,No,13,3,2,2,10,4,3,10,2,2,2,Stayed,0.024933934369738276,Low,Income below workforce median
EMP-0490,43,0,Travel_Rarely,782,Research & Development,6,4,Other,2,Male,50,2,4,Research Director,4,Divorced,16627,2671,4,Yes,14,3,3,1,21,3,2,1,0,0,0,Stayed,0.09736142765322411,Low,Works overtime; Low environment satisfaction; Low work-life balance
EMP-0491,38,0,Travel_Rarely,362,Research & Development,1,1,Life Sciences,3,Female,43,3,1,Research Scientist,1,Single,2619,14561,3,No,17,3,4,0,8,3,2,0,0,0,0,Stayed,0.20685914155730706,Low,Low job satisfaction; Low work-life balance; No stock options; Income below workforce median
EMP-0492,43,0,Travel_Frequently,1001,Research & Development,9,5,Medical,4,Male,72,3,2,Laboratory Technician,3,Divorced,5679,19627,3,Yes,13,3,2,1,10,3,3,8,7,4,7,Stayed,0.7172082866451863,High,Works overtime; Long period since promotion; Frequent business travel
EMP-0493,48,0,Travel_Rarely,1236,Research & Development,1,4,Life Sciences,4,Female,40,2,4,Manager,1,Married,15402,17997,7,No,11,3,1,1,21,3,1,3,2,0,2,Stayed,0.2542869742634035,Low,Low job satisfaction; Low work-life balance
EMP-0494,44,0,Travel_Rarely,1112,Human Resources,1,4,Life Sciences,1,Female,50,2,2,Human Resources,3,Single,5985,26894,4,No,11,3,2,0,10,1,4,2,2,0,2,Stayed,0.40814895000682505,Medium,Low environment satisfaction; No stock options
EMP-0495,34,0,Travel_Rarely,204,Sales,14,3,Technical Degree,3,Female,31,3,1,Sales Representative,3,Divorced,2579,2912,1,Yes,18,3,4,2,8,3,3,8,2,0,6,Stayed,0.5959437677051933,Medium,Works overtime; Income below workforce median
EMP-0496,27,1,Travel_Rarely,1420,Sales,2,1,Marketing,3,Male,85,3,1,Sales Representative,1,Divorced,3041,16346,0,No,11,3,2,1,5,3,3,4,3,0,2,Left,0.4178983661504529,Medium,Low job satisfaction; Income below workforce median
EMP-0497,21,0,Travel_Rarely,1343,Sales,22,1,Technical Degree,3,Male,49,3,1,Sales Representative,3,Single,3447,24444,1,No,11,3,3,0,3,2,3,3,2,1,2,Stayed,0.8182749782888774,High,Long distance from home; No stock options; Income below workforce median
EMP-0498,44,0,Travel_Rarely,1315,Research & Development,3,4,Other,4,Male,35,3,5,Manager,4,Married,19513,9358,4,Yes,12,3,1,1,26,2,4,2,2,0,1,Stayed,0.05364345320069461,Low,Works overtime
EMP-0499,22,0,Travel_Rarely,604,Research & Development,6,1,Medical,1,Male,69,3,1,Research Scientist,3,Married,2773,12145,0,No,20,4,4,0,3,3,3,2,2,2,2,Stayed,0.27209511580581164,Low,Low environment satisfaction; No stock options; Income below workforce median
EMP-0500,33,0,Travel_Rarely,1216,Sales,8,4,Marketing,3,Male,39,3,2,Sales Executive,3,Divorced,7104,20431,0,No,12,3,4,0,6,3,3,5,0,1,2,Stayed,0.28115578638464356,Low,No stock options
EMP-0501,32,0,Travel_Rarely,646,Research & Development,9,4,Life Sciences,1,Female,92,3,2,Research Scientist,4,Married,6322,18089,1,Yes,12,3,4,1,6,2,2,6,4,0,5,Stayed,0.5295924553431017,Medium,Works overtime; Low environment satisfaction; Low work-life balance
EMP-0502,30,0,Travel_Frequently,160,Research & Development,3,3,Medical,3,Female,71,3,1,Research Scientist,3,Divorced,2083,22653,1,No,20,4,3,1,1,2,3,1,0,0,0,Stayed,0.4341660380865104,Medium,Frequent business travel; Income below workforce median
EMP-0503,53,0,Travel_Rarely,238,Sales,1,1,Medical,4,Female,34,3,2,Sales Executive,1,Single,8381,7507,7,No,20,4,4,0,18,2,4,14,7,8,10,Stayed,0.2105962593246334,Low,Low job satisfaction; Long period since promotion; No stock options
EMP-0504,34,0,Travel_Rarely,1397,Research & Development,1,5,Life Sciences,2,Male,42,3,1,Research Scientist,4,Married,2691,7660,1,No,12,3,4,1,10,4,2,10,9,8,8,Stayed,0.04649710449388314,Low,Low environment satisfaction; Low work-life balance; Long period since promotion; Income below workforce median
EMP-0505,45,1,Travel_Frequently,306,Sales,26,4,Life Sciences,1,Female,100,3,2,Sales Executive,1,Married,4286,5630,2,No,14,3,4,2,5,4,3,1,1,0,0,Left,0.7115781452307601,High,Low job satisfaction; Low environment satisfaction; Frequent business travel; Long distance from home
EMP-0506,26,0,Travel_Rarely,991,Research & Development,6,3,Life Sciences,3,Female,71,3,1,Laboratory Technician,4,Married,2659,17759,1,Yes,13,3,3,1,3,2,3,3,2,0,2,Stayed,0.598443937488502,Medium,Works overtime; Income below workforce median
EMP-0507,37,0,Travel_Rarely,482,Research & Development,3,3,Other,3,Male,36,3,3,Manufacturing Director,3,Married,9434,9606,1,No,15,3,3,1,10,2,3,10,7,7,8,Stayed,0.054258877990594985,Low,Long period since promotion
EMP-0508,29,0,Travel_Rarely,1176,Sales,3,2,Medical,2,Female,62,3,2,Sales Executive,3,Married,5561,3487,1,No,14,3,1,1,6,5,2,6,0,1,2,Stayed,0.37775938346759314,Medium,Low environment satisfaction; Low work-life balance
EMP-0509,35,0,Travel_Rarely,1017,Research & Development,6,4,Life Sciences,2,Male,82,1,2,Research Scientist,4,Single,6646,19368,1,No,13,3,2,0,17,3,3,17,11,11,8,Stayed,0.3436470757059745,Medium,Low environment satisfaction; Long period since promotion; No stock options
EMP-0510,33,0,Travel_Frequently,1296,Research & Development,6,3,Life Sciences,3,Male,30,3,2,Healthcare Representative,4,Divorced,7725,5335,3,No,23,4,3,1,15,2,1,13,11,4,7,Stayed,0.05386174382143944,Low,Low work-life balance; Long period since promotion; Frequent business travel
EMP-0511,54,0,Travel_Rarely,397,Human Resources,19,4,Medical,3,Male,88,3,3,Human Resources,2,Married,10725,6729,2,No,15,3,3,1,16,1,4,9,7,7,1,Stayed,0.276951837520945,Low,Low job satisfaction; Long period since promotion; Long distance from home
EMP-0512,36,0,Travel_Rarely,913,Research & Development,9,2,Medical,2,Male,48,2,2,Manufacturing Director,2,Divorced,8847,13934,2,Yes,11,3,3,1,13,2,3,3,2,0,2,Stayed,0.46277412233225074,Medium,Works overtime; Low job satisfaction; Low environment satisfaction
EMP-0513,27,0,Travel_Rarely,1115,Research & Development,3,4,Medical,1,Male,54,2,1,Research Scientist,4,Single,2045,15174,0,No,13,3,4,0,5,0,3,4,2,1,1,Stayed,0.24747972317560973,Low,Low environment satisfaction; No stock options; Income below workforce median
EMP-0514,20,1,Travel_Rarely,1362,Research & Development,10,1,Medical,4,Male,32,3,1,Research Scientist,3,Single,1009,26999,1,Yes,11,3,4,0,1,5,3,1,0,1,1,Left,0.42745482495109616,Medium,Works overtime; No stock options; Income below workforce median
EMP-0515,33,1,Travel_Frequently,1076,Research & Development,3,3,Life Sciences,1,Male,70,3,1,Research Scientist,1,Single,3348,3164,1,Yes,11,3,1,0,10,3,3,10,8,9,7,Left,0.8965215284985424,High,Works overtime; Low job satisfaction; Low environment satisfaction; Long period since promotion
EMP-0516,35,0,Non-Travel,727,Research & Development,3,3,Life Sciences,3,Male,41,2,1,Laboratory Technician,3,Married,1281,16900,1,No,18,3,3,2,1,3,3,1,0,0,0,Stayed,0.10855568445742517,Low,Income below workforce median
EMP-0517,23,0,Travel_Rarely,885,Research & Development,4,3,Medical,1,Male,58,4,1,Research Scientist,1,Married,2819,8544,2,No,16,3,1,1,5,3,4,3,2,0,2,Stayed,0.23856782659848905,Low,Low job satisfaction; Low environment satisfaction; Income below workforce median
EMP-0518,25,0,Travel_Rarely,810,Sales,8,3,Life Sciences,4,Male,57,4,2,Sales Executive,2,Married,4851,15678,0,No,22,4,3,1,4,4,3,3,2,1,2,Stayed,0.1420105116497679,Low,Low job satisfaction; Income below workforce median
EMP-0519,38,0,Travel_Rarely,243,Sales,7,4,Marketing,4,Female,46,2,2,Sales Executive,4,Single,4028,7791,0,No,20,4,1,0,8,2,3,7,7,0,5,Stayed,0.21732247990848688,Low,No stock options; Income below workforce median
EMP-0520,29,0,Travel_Frequently,806,Research & Development,1,4,Life Sciences,2,Male,76,1,1,Research Scientist,4,Divorced,2720,18959,1,No,18,3,4,1,10,5,3,10,7,2,8,Stayed,0.06367273196460402,Low,Low environment satisfaction; Frequent business travel; Income below workforce median
EMP-0521,48,0,Travel_Rarely,817,Sales,2,1,Marketing,2,Male,56,4,2,Sales Executive,2,Married,8120,18597,3,No,12,3,4,0,12,3,3,2,2,2,2,Stayed,0.1618001232368626,Low,Low job satisfaction; Low environment satisfaction; No stock options
EMP-0522,27,0,Travel_Frequently,1410,Sales,3,1,Medical,4,Female,71,4,2,Sales Executive,4,Divorced,4647,16673,1,Yes,20,4,2,2,6,3,3,6,5,0,4,Stayed,0.2141222545969077,Low,Works overtime; Frequent business travel; Income below workforce median
EMP-0523,37,0,Travel_Rarely,1225,Research & Development,10,2,Life Sciences,4,Male,80,4,1,Research Scientist,4,Single,4680,15232,3,No,17,3,1,0,4,2,3,1,0,0,0,Stayed,0.10232512007891024,Low,No stock options; Income below workforce median
EMP-0524,50,0,Travel_Rarely,1207,Research & Development,28,1,Medical,4,Male,74,4,1,Laboratory Technician,3,Married,3221,3297,1,Yes,11,3,3,3,20,3,3,20,8,3,8,Stayed,0.0884114723886836,Low,Works overtime; Long distance from home; Income below workforce median
EMP-0525,34,0,Travel_Rarely,1442,Research & Development,9,3,Medical,4,Female,46,2,3,Healthcare Representative,2,Single,8621,17654,1,No,14,3,2,0,9,3,4,8,7,7,7,Stayed,0.14188576408951348,Low,Low job satisfaction; Long period since promotion; No stock options
EMP-0526,24,1,Travel_Rarely,693,Sales,3,2,Life Sciences,1,Female,65,3,2,Sales Executive,3,Single,4577,24785,9,No,14,3,1,0,4,3,3,2,2,2,0,Left,0.9157441428530827,High,Low environment satisfaction; No stock options; Income below workforce median
EMP-0527,39,0,Travel_Rarely,408,Research & Development,2,4,Technical Degree,4,Female,80,2,2,Healthcare Representative,3,Single,4553,20978,1,No,11,3,1,0,20,4,3,20,7,11,10,Stayed,0.24244994525365282,Low,Long period since promotion; No stock options; Income below workforce median
EMP-0528,32,0,Travel_Rarely,929,Sales,10,3,Marketing,4,Male,55,3,2,Sales Executive,4,Single,5396,21703,1,No,12,3,4,0,10,2,2,10,7,0,8,Stayed,0.08327169552092853,Low,Low work-life balance; No stock options
EMP-0529,50,1,Travel_Frequently,562,Sales,8,2,Technical Degree,2,Male,50,3,2,Sales Executive,3,Married,6796,23452,3,Yes,14,3,1,1,18,4,3,4,3,1,3,Left,0.7403744058963792,High,Works overtime; Low environment satisfaction; Frequent business travel
EMP-0530,38,0,Travel_Rarely,827,Research & Development,1,4,Life Sciences,2,Female,33,4,2,Healthcare Representative,4,Single,7625,19383,0,No,13,3,3,0,10,4,2,9,7,1,8,Stayed,0.018294188464605985,Low,Low environment satisfaction; Low work-life balance; No stock options
EMP-0531,27,0,Travel_Rarely,608,Research & Development,1,2,Life Sciences,3,Female,68,3,3,Manufacturing Director,1,Married,7412,6009,1,No,11,3,4,0,9,3,3,9,7,0,7,Stayed,0.1320439536898042,Low,Low job satisfaction; No stock options
EMP-0532,32,0,Travel_Rarely,1018,Research & Development,3,2,Life Sciences,3,Female,39,3,3,Research Director,4,Single,11159,19373,3,No,15,3,4,0,10,6,3,7,7,7,7,Stayed,0.022370838343738403,Low,Long period since promotion; No stock options
EMP-0533,47,0,Travel_Rarely,703,Sales,14,4,Marketing,4,Male,42,3,2,Sales Executive,1,Single,4960,11825,2,No,12,3,4,0,20,2,3,7,7,1,7,Stayed,0.10973055658091255,Low,Low job satisfaction; No stock options
EMP-0534,40,0,Travel_Frequently,580,Sales,5,4,Life Sciences,4,Male,48,2,3,Sales Executive,1,Married,10475,23772,5,Yes,21,4,3,1,20,2,3,18,13,1,12,Stayed,0.496892490465883,Medium,Works overtime; Low job satisfaction; Frequent business travel
EMP-0535,53,0,Travel_Rarely,970,Research & Development,7,3,Life Sciences,3,Male,59,4,4,Research Director,3,Married,14814,13514,3,No,19,3,3,0,32,3,3,5,1,1,3,Stayed,0.003945308733167333,Low,No stock options
EMP-0536,41,0,Travel_Rarely,427,Human Resources,10,4,Human Resources,2,Male,73,2,5,Manager,4,Divorced,19141,8861,3,No,15,3,2,3,23,2,2,21,6,12,6,Stayed,0.5161852071982198,Medium,Low environment satisfaction; Low work-life balance; Long period since promotion
EMP-0537,60,0,Travel_Rarely,1179,Sales,16,4,Marketing,1,Male,84,3,2,Sales Executive,1,Single,5405,11924,8,No,14,3,4,0,10,1,3,2,2,2,2,Stayed,0.7044933200188235,High,Low job satisfaction; Low environment satisfaction; Long distance from home; No stock options
EMP-0538,27,0,Travel_Frequently,294,Research & Development,10,2,Life Sciences,4,Male,32,3,3,Manufacturing Director,1,Divorced,8793,4809,1,No,21,4,3,2,9,4,2,9,7,1,7,Stayed,0.15709860939577963,Low,Low job satisfaction; Low work-life balance; Frequent business travel
EMP-0539,41,0,Travel_Rarely,314,Human Resources,1,3,Human Resources,4,Male,59,2,5,Manager,3,Married,19189,19562,1,No,12,3,2,1,22,3,3,22,7,2,10,Stayed,0.08783223362936968,Low,No prominent rule-based indicators
EMP-0540,50,0,Travel_Rarely,316,Sales,8,4,Marketing,4,Male,54,3,1,Sales Representative,2,Married,3875,9983,7,No,15,3,4,1,4,2,3,2,2,2,2,Stayed,0.5934086421757685,Medium,Low job satisfaction; Income below workforce median
EMP-0541,28,1,Travel_Rarely,654,Research & Development,1,2,Life Sciences,1,Female,67,1,1,Research Scientist,2,Single,2216,3872,7,Yes,13,3,4,0,10,4,3,7,7,3,7,Left,0.8212722214375462,High,Works overtime; Low job satisfaction; Low environment satisfaction; No stock options
EMP-0542,36,0,Non-Travel,427,Research & Development,8,3,Life Sciences,1,Female,63,4,3,Research Director,1,Married,11713,20335,9,No,14,3,1,1,10,2,3,8,7,0,5,Stayed,0.12400542504349918,Low,Low job satisfaction; Low environment satisfaction
EMP-0543,38,0,Travel_Rarely,168,Research & Development,1,3,Life Sciences,3,Female,81,3,3,Manufacturing Director,3,Single,7861,15397,4,Yes,14,3,4,0,10,4,4,1,0,0,0,Stayed,0.4620371455355375,Medium,Works overtime; No stock options
EMP-0544,44,0,Non-Travel,381,Research & Development,24,3,Medical,1,Male,49,1,1,Laboratory Technician,3,Single,3708,2104,2,No,14,3,3,0,9,5,3,5,2,1,4,Stayed,0.47482721108535303,Medium,Low environment satisfaction; Long distance from home; No stock options; Income below workforce median
EMP-0545,47,0,Travel_Frequently,217,Sales,3,3,Medical,4,Female,49,3,4,Sales Executive,3,Divorced,13770,10225,9,Yes,12,3,4,2,28,2,2,22,2,11,13,Stayed,0.8222385610325368,High,Works overtime; Low work-life balance; Long period since promotion; Frequent business travel
EMP-0546,30,0,Travel_Rarely,501,Sales,27,5,Marketing,3,Male,99,3,2,Sales Executive,4,Divorced,5304,25275,7,No,23,4,4,1,10,2,2,8,7,7,7,Stayed,0.5584716562075507,Medium,Low work-life balance; Long period since promotion; Long distance from home
EMP-0547,29,0,Travel_Rarely,1396,Sales,10,3,Life Sciences,3,Male,99,3,1,Sales Representative,3,Single,2642,2755,1,No,11,3,3,0,1,6,3,1,0,0,0,Stayed,0.6586391456332186,High,No stock options; Income below workforce median
EMP-0548,42,1,Travel_Frequently,933,Research & Development,19,3,Medical,3,Male,57,4,1,Research Scientist,3,Divorced,2759,20366,6,Yes,12,3,4,0,7,2,3,2,2,2,2,Left,0.7046542513221788,High,Works overtime; Frequent business travel; Long distance from home; No stock options
EMP-0549,43,0,Travel_Frequently,775,Sales,15,3,Life Sciences,4,Male,47,2,2,Sales Executive,4,Married,6804,23683,3,No,18,3,3,1,7,5,3,2,2,2,2,Stayed,0.21817378135705062,Low,Frequent business travel; Long distance from home
EMP-0550,34,0,Travel_Rarely,970,Research & Development,8,2,Medical,2,Female,96,3,2,Healthcare Representative,3,Single,6142,7360,3,No,11,3,4,0,10,2,3,5,1,4,3,Stayed,0.1716156753253701,Low,Low environment satisfaction; Long period since promotion; No stock options
EMP-0551,23,0,Travel_Rarely,650,Research & Development,9,1,Medical,2,Male,37,3,1,Laboratory Technician,1,Married,2500,4344,1,No,14,3,4,1,5,2,4,4,3,0,2,Stayed,0.4072093653098752,Medium,Low job satisfaction; Low environment satisfaction; Income below workforce median
EMP-0552,39,0,Travel_Rarely,141,Human Resources,3,3,Human Resources,3,Female,44,4,2,Human Resources,2,Married,6389,18767,9,No,15,3,3,1,12,3,1,8,3,3,6,Stayed,0.6473386038664233,High,Low job satisfaction; Low work-life balance
EMP-0553,56,0,Travel_Rarely,832,Research & Development,9,3,Medical,3,Male,81,3,4,Healthcare Representative,4,Married,11103,20420,7,No,11,3,3,0,30,1,2,10,7,1,1,Stayed,0.10258770740356381,Low,Low work-life balance; No stock options
EMP-0554,40,0,Travel_Rarely,804,Research & Development,2,1,Medical,4,Female,86,2,1,Research Scientist,4,Single,2342,22929,0,Yes,20,4,4,0,5,2,2,4,2,2,3,Stayed,0.24679867206501505,Low,Works overtime; Low work-life balance; No stock options; Income below workforce median
EMP-0555,27,0,Travel_Rarely,975,Research & Development,7,3,Medical,4,Female,55,2,2,Healthcare Representative,1,Single,6811,23398,8,No,19,3,1,0,9,2,1,7,6,0,7,Stayed,0.42696420761278625,Medium,Low job satisfaction; Low work-life balance; No stock options
EMP-0556,29,0,Travel_Rarely,1090,Sales,10,3,Marketing,4,Male,83,3,1,Sales Representative,2,Divorced,2297,17967,1,No,14,3,4,2,2,2,3,2,2,2,2,Stayed,0.3016036861097191,Medium,Low job satisfaction; Income below workforce median
EMP-0557,53,0,Travel_Rarely,346,Research & Development,6,3,Life Sciences,4,Male,86,3,2,Laboratory Technician,4,Single,2450,10919,2,No,17,3,4,0,19,4,3,2,2,2,2,Stayed,0.06467770184946085,Low,No stock options; Income below workforce median
EMP-0558,35,0,Non-Travel,1225,Research & Development,2,4,Life Sciences,4,Female,61,3,2,Healthcare Representative,1,Divorced,5093,4761,2,No,11,3,1,1,16,2,4,1,0,0,0,Stayed,0.01811118474014981,Low,Low job satisfaction
EMP-0559,32,0,Travel_Frequently,430,Research & Development,24,4,Life Sciences,1,Male,80,3,2,Laboratory Technician,4,Married,5309,21146,1,No,15,3,4,2,10,2,3,10,8,4,7,Stayed,0.4604768733712692,Medium,Low environment satisfaction; Long period since promotion; Frequent business travel; Long distance from home
EMP-0560,38,0,Travel_Rarely,268,Research & Development,2,5,Medical,4,Male,92,3,1,Research Scientist,3,Married,3057,20471,6,Yes,13,3,2,1,6,0,1,1,0,0,1,Stayed,0.7150210093565792,High,Works overtime; Low work-life balance; Income below workforce median
EMP-0561,34,0,Travel_Rarely,167,Research & Development,8,5,Life Sciences,2,Female,32,3,2,Manufacturing Director,1,Divorced,5121,4187,3,No,14,3,3,1,7,3,3,0,0,0,0,Stayed,0.38771883667764406,Medium,Low job satisfaction; Low environment satisfaction
EMP-0562,52,0,Travel_Rarely,621,Sales,3,4,Marketing,3,Male,31,2,4,Manager,1,Married,16856,10084,1,No,11,3,1,0,34,3,4,34,6,1,16,Stayed,0.05804142902129064,Low,Low job satisfaction; No stock options
EMP-0563,33,1,Travel_Rarely,527,Research & Development,1,4,Other,4,Male,63,3,1,Research Scientist,4,Single,2686,5207,1,Yes,13,3,3,0,10,2,2,10,9,7,8,Left,0.1568131904799889,Low,Works overtime; Low work-life balance; Long period since promotion; No stock options
EMP-0564,25,0,Travel_Rarely,883,Sales,26,1,Medical,3,Female,32,3,2,Sales Executive,4,Single,6180,22807,1,No,23,4,2,0,6,5,2,6,5,1,4,Stayed,0.38486000909876045,Medium,Low work-life balance; Long distance from home; No stock options
EMP-0565,45,0,Travel_Rarely,954,Sales,2,2,Technical Degree,2,Male,46,1,2,Sales Representative,3,Single,6632,12388,0,No,13,3,1,0,9,3,3,8,7,3,1,Stayed,0.8386984525773781,High,Low environment satisfaction; No stock options
EMP-0566,23,0,Travel_Rarely,310,Research & Development,10,1,Medical,1,Male,79,4,1,Research Scientist,3,Single,3505,19630,1,No,18,3,4,0,2,3,3,2,2,0,2,Stayed,0.30995721222313466,Medium,Low environment satisfaction; No stock options; Income below workforce median
EMP-0567,47,1,Travel_Frequently,719,Sales,27,2,Life Sciences,2,Female,77,4,2,Sales Executive,3,Single,6397,10339,4,Yes,12,3,4,0,8,2,3,5,4,1,3,Left,0.8657941133319352,High,Works overtime; Low environment satisfaction; Frequent business travel; Long distance from home
EMP-0568,34,0,Travel_Rarely,304,Sales,2,3,Other,4,Male,60,3,2,Sales Executive,4,Single,6274,18686,1,No,22,4,3,0,6,5,3,6,5,1,4,Stayed,0.05365864975072141,Low,No stock options
EMP-0569,55,1,Travel_Rarely,725,Research & Development,2,3,Medical,4,Male,78,3,5,Manager,1,Married,19859,21199,5,Yes,13,3,4,1,24,2,3,5,2,1,4,Left,0.1678202225292906,Low,Works overtime; Low job satisfaction
EMP-0570,36,0,Non-Travel,1434,Sales,8,4,Life Sciences,1,Male,76,2,3,Sales Executive,1,Single,7587,14229,1,No,15,3,2,0,10,1,3,10,7,0,9,Stayed,0.2426824103008738,Low,Low job satisfaction; Low environment satisfaction; No stock options
EMP-0571,52,0,Non-Travel,715,Research & Development,19,4,Medical,4,Male,41,3,1,Research Scientist,4,Married,4258,26589,0,No,18,3,1,1,5,3,3,4,3,1,2,Stayed,0.017511234516468445,Low,Long distance from home; Income below workforce median
EMP-0572,26,0,Travel_Frequently,575,Research & Development,1,2,Life Sciences,1,Female,71,1,1,Laboratory Technician,4,Divorced,4364,5288,3,No,14,3,1,1,5,2,3,2,2,2,0,Stayed,0.8690236949654743,High,Low environment satisfaction; Frequent business travel; Income below workforce median
EMP-0573,29,0,Travel_Rarely,657,Research & Development,27,3,Medical,2,Female,66,3,2,Healthcare Representative,3,Married,4335,25549,4,No,12,3,1,1,11,3,2,8,7,1,1,Stayed,0.4242224034460344,Medium,Low environment satisfaction; Low work-life balance; Long distance from home; Income below workforce median
EMP-0574,26,1,Travel_Rarely,1146,Sales,8,3,Technical Degree,4,Male,38,2,2,Sales Executive,1,Single,5326,3064,6,No,17,3,3,0,6,2,2,4,3,1,2,Left,0.8232372463322188,High,Low job satisfaction; Low work-life balance; No stock options
EMP-0575,34,0,Travel_Rarely,182,Research & Development,1,4,Life Sciences,2,Female,72,4,1,Research Scientist,4,Single,3280,13551,2,No,16,3,3,0,10,2,3,4,2,1,3,Stayed,0.06830836958315382,Low,Low environment satisfaction; No stock options; Income below workforce median
EMP-0576,54,0,Travel_Rarely,376,Research & Development,19,4,Medical,4,Female,95,3,2,Manufacturing Director,1,Divorced,5485,22670,9,Yes,11,3,2,2,9,4,3,5,3,1,4,Stayed,0.6051262165987225,High,Works overtime; Low job satisfaction; Long distance from home
EMP-0577,27,0,Travel_Frequently,829,Sales,8,1,Marketing,3,Male,84,3,2,Sales Executive,4,Married,4342,24008,0,No,19,3,2,1,5,3,3,4,2,1,1,Stayed,0.30430325801044195,Medium,Frequent business travel; Income below workforce median
EMP-0578,37,0,Travel_Rarely,571,Research & Development,10,1,Life Sciences,4,Female,82,3,1,Research Scientist,1,Divorced,2782,19905,0,Yes,13,3,2,2,6,3,2,5,3,4,3,Stayed,0.36337106888110715,Medium,Works overtime; Low job satisfaction; Low work-life balance; Long period since promotion
EMP-0579,38,0,Travel_Frequently,240,Research & Development,2,4,Life Sciences,1,Female,75,4,2,Manufacturing Director,1,Single,5980,26085,6,Yes,12,3,4,0,17,2,3,15,7,4,12,Stayed,0.7014732374685883,High,Works overtime; Low job satisfaction; Low environment satisfaction; Long period since promotion
EMP-0580,34,0,Travel_Rarely,121,Research & Development,2,4,Medical,3,Female,86,2,1,Research Scientist,1,Single,4381,7530,1,No,11,3,3,0,6,3,3,6,5,1,3,Stayed,0.3273722458440228,Medium,Low job satisfaction; No stock options; Income below workforce median
EMP-0581,35,0,Travel_Rarely,384,Sales,8,4,Life Sciences,1,Female,72,3,1,Sales Representative,4,Married,2572,20317,1,No,16,3,2,1,3,1,2,3,2,0,2,Stayed,0.6605042078798337,High,Low environment satisfaction; Low work-life balance; Income below workforce median
EMP-0582,30,0,Travel_Rarely,921,Research & Development,1,3,Life Sciences,4,Male,38,1,1,Laboratory Technician,3,Married,3833,24375,3,No,21,4,3,2,7,2,3,2,2,0,2,Stayed,0.185417318310133,Low,Income below workforce median
EMP-0583,40,0,Travel_Frequently,791,Research & Development,2,2,Medical,3,Female,38,4,2,Healthcare Representative,2,Married,4244,9931,1,No,24,4,4,1,8,2,3,8,7,3,7,Stayed,0.034284313895821796,Low,Low job satisfaction; Frequent business travel; Income below workforce median
EMP-0584,34,0,Travel_Rarely,1111,Sales,8,2,Life Sciences,3,Female,93,3,2,Sales Executive,1,Married,6500,13305,5,No,17,3,2,1,6,1,3,3,2,1,2,Stayed,0.47891831115815214,Medium,Low job satisfaction
EMP-0585,42,0,Travel_Frequently,570,Research & Development,8,3,Life Sciences,2,Male,66,3,5,Manager,4,Divorced,18430,16225,1,No,13,3,2,1,24,4,2,24,7,14,9,Stayed,0.45603368041545134,Medium,Low environment satisfaction; Low work-life balance; Long period since promotion; Frequent business travel
EMP-0586,23,1,Travel_Rarely,1243,Research & Development,6,3,Life Sciences,3,Male,63,4,1,Laboratory Technician,1,Married,1601,3445,1,Yes,21,4,3,2,1,2,3,0,0,0,0,Left,0.7000803161206016,High,Works overtime; Low job satisfaction; Income below workforce median
EMP-0587,24,0,Non-Travel,1092,Research & Development,9,3,Life Sciences,3,Male,60,2,1,Laboratory Technician,2,Divorced,2694,26551,1,No,11,3,3,3,1,4,3,1,0,0,0,Stayed,0.2516477997246067,Low,Low job satisfaction; Income below workforce median
EMP-0588,52,0,Travel_Rarely,1325,Research & Development,11,4,Life Sciences,4,Female,82,3,2,Laboratory Technician,3,Married,3149,21821,8,No,20,4,2,1,9,3,3,5,2,1,4,Stayed,0.3144846241241782,Medium,Income below workforce median
EMP-0589,50,0,Travel_Rarely,691,Research & Development,2,3,Medical,3,Male,64,3,4,Research Director,3,Married,17639,6881,5,No,16,3,4,0,30,3,3,4,3,0,3,Stayed,0.006431903675429907,Low,No stock options
EMP-0590,29,1,Travel_Rarely,805,Research & Development,1,2,Life Sciences,2,Female,36,2,1,Laboratory Technician,1,Married,2319,6689,1,Yes,11,3,4,1,1,1,3,1,0,0,0,Left,0.9503804362245936,High,Works overtime; Low job satisfaction; Low environment satisfaction; Income below workforce median
EMP-0591,33,0,Travel_Rarely,213,Research & Development,7,3,Medical,3,Male,49,3,3,Research Director,3,Married,11691,25995,0,No,11,3,4,0,14,3,4,13,9,3,7,Stayed,0.018122534007862685,Low,No stock options
EMP-0592,33,1,Travel_Rarely,118,Sales,16,3,Marketing,1,Female,69,3,2,Sales Executive,1,Single,5324,26507,5,No,15,3,3,0,6,3,3,3,2,0,2,Left,0.8793959113510361,High,Low job satisfaction; Low environment satisfaction; Long distance from home; No stock options
EMP-0593,47,0,Travel_Rarely,202,Research & Development,2,2,Other,3,Female,33,3,4,Manager,4,Married,16752,12982,1,Yes,11,3,3,1,26,3,2,26,14,3,0,Stayed,0.09832028392440634,Low,Works overtime; Low work-life balance
EMP-0594,36,0,Travel_Rarely,676,Research & Development,1,3,Other,3,Female,35,3,2,Manufacturing Director,2,Married,5228,23361,0,No,15,3,1,1,10,2,3,9,7,0,5,Stayed,0.026917528771227037,Low,Low job satisfaction
EMP-0595,29,0,Travel_Rarely,1252,Research & Development,23,2,Life Sciences,3,Male,81,4,1,Research Scientist,3,Married,2700,23779,1,No,24,4,3,1,10,3,3,10,7,0,7,Stayed,0.01874285222165857,Low,Long distance from home; Income below workforce median
EMP-0596,58,1,Travel_Rarely,286,Research & Development,2,4,Life Sciences,4,Male,31,3,5,Research Director,2,Single,19246,25761,7,Yes,12,3,4,0,40,2,3,31,15,13,8,Left,0.24383983850807253,Low,Works overtime; Low job satisfaction; Long period since promotion; No stock options
EMP-0597,35,0,Travel_Rarely,1258,Research & Development,1,4,Life Sciences,4,Female,40,4,1,Research Scientist,3,Single,2506,13301,3,No,13,3,3,0,7,0,3,2,2,2,2,Stayed,0.058331411350062666,Low,No stock options; Income below workforce median
EMP-0598,42,0,Travel_Rarely,932,Research & Development,1,2,Life Sciences,4,Female,43,2,2,Manufacturing Director,4,Married,6062,4051,9,Yes,13,3,4,1,8,4,3,4,3,0,2,Stayed,0.3331336777209887,Medium,Works overtime
EMP-0599,28,1,Travel_Rarely,890,Research & Development,2,4,Medical,3,Male,46,3,1,Research Scientist,3,Single,4382,16374,6,No,17,3,4,0,5,3,2,2,2,2,1,Left,0.27442206112362816,Low,Low work-life balance; No stock options; Income below workforce median
EMP-0600,36,0,Travel_Rarely,1041,Human Resources,13,3,Human Resources,3,Male,36,3,1,Human Resources,2,Married,2143,25527,4,No,13,3,2,1,8,2,3,5,2,0,4,Stayed,0.38435959333233877,Medium,Low job satisfaction; Income below workforce median
EMP-0601,32,0,Travel_Rarely,859,Research & Development,4,3,Life Sciences,3,Female,98,2,2,Manufacturing Director,3,Married,6162,19124,1,No,12,3,3,1,14,3,3,14,13,6,8,Stayed,0.04809608017751648,Low,Long period since promotion
EMP-0602,40,0,Travel_Frequently,720,Research & Development,16,4,Medical,1,Male,51,2,2,Laboratory Technician,3,Single,5094,11983,6,No,14,3,4,0,10,6,3,1,0,0,0,Stayed,0.8870564653464188,High,Low environment satisfaction; Frequent business travel; Long distance from home; No stock options
EMP-0603,30,0,Travel_Rarely,946,Research & Development,2,3,Medical,3,Female,52,2,2,Manufacturing Director,4,Single,6877,20234,5,Yes,24,4,2,0,12,4,2,0,0,0,0,Stayed,0.5235982786791444,Medium,Works overtime; Low work-life balance; No stock options
EMP-0604,45,0,Travel_Rarely,252,Research & Development,2,3,Life Sciences,2,Female,95,2,1,Research Scientist,3,Single,2274,6153,1,No,14,3,4,0,1,3,3,1,0,0,0,Stayed,0.37567572003313976,Medium,Low environment satisfaction; No stock options; Income below workforce median
EMP-0605,42,0,Travel_Rarely,933,Research & Development,29,3,Life Sciences,2,Male,98,3,2,Manufacturing Director,2,Married,4434,11806,1,No,13,3,4,1,10,3,2,9,8,7,8,Stayed,0.1914569506496636,Low,Low job satisfaction; Low environment satisfaction; Low work-life balance; Long period since promotion
EMP-0606,38,0,Travel_Frequently,471,Research & Development,12,3,Life Sciences,1,Male,45,2,2,Healthcare Representative,1,Divorced,6288,4284,2,No,15,3,3,1,13,3,2,4,3,1,2,Stayed,0.4556280701708635,Medium,Low job satisfaction; Low environment satisfaction; Low work-life balance; Frequent business travel
EMP-0607,34,0,Travel_Frequently,702,Research & Development,16,4,Life Sciences,3,Female,100,2,1,Research Scientist,4,Single,2553,8306,1,No,16,3,3,0,6,3,3,5,2,1,3,Stayed,0.24158548402246105,Low,Frequent business travel; Long distance from home; No stock options; Income below workforce median
EMP-0608,49,1,Travel_Rarely,1184,Sales,11,3,Marketing,3,Female,43,3,3,Sales Executive,4,Married,7654,5860,1,No,18,3,1,2,9,3,4,9,8,7,7,Left,0.09054559072698262,Low,Long period since promotion
EMP-0609,55,1,Travel_Rarely,436,Sales,2,1,Medical,3,Male,37,3,2,Sales Executive,4,Single,5160,21519,4,No,16,3,3,0,12,3,2,9,7,7,3,Left,0.26756344219864375,Low,Low work-life balance; Long period since promotion; No stock options
EMP-0610,43,0,Travel_Rarely,589,Research & Development,14,2,Life Sciences,2,Male,94,3,4,Research Director,1,Married,17159,5200,6,No,24,4,3,1,22,3,3,4,1,1,0,Stayed,0.07292238098503302,Low,Low job satisfaction; Low environment satisfaction
EMP-0611,27,0,Travel_Rarely,269,Research & Development,5,1,Technical Degree,3,Male,42,2,3,Research Director,4,Divorced,12808,8842,1,Yes,16,3,2,1,9,3,3,9,8,0,8,Stayed,0.172696698029025,Low,Works overtime
EMP-0612,35,0,Travel_Rarely,950,Research & Development,7,3,Other,3,Male,59,3,3,Manufacturing Director,3,Single,10221,18869,3,No,21,4,2,0,17,3,4,8,5,1,6,Stayed,0.02639013333927682,Low,No stock options
EMP-0613,28,0,Travel_Rarely,760,Sales,2,4,Marketing,2,Female,81,3,2,Sales Executive,2,Married,4779,3698,1,Yes,20,4,1,0,8,2,3,8,7,7,5,Stayed,0.9012102500224904,High,Works overtime; Low job satisfaction; Low environment satisfaction; Long period since promotion
EMP-0614,34,0,Travel_Rarely,829,Human Resources,3,2,Human Resources,3,Male,88,3,1,Human Resources,4,Married,3737,2243,0,No,19,3,3,1,4,1,1,3,2,0,2,Stayed,0.19578127478769775,Low,Low work-life balance; Income below workforce median
EMP-0615,26,1,Travel_Frequently,887,Research & Development,5,2,Medical,3,Female,88,2,1,Research Scientist,3,Married,2366,20898,1,Yes,14,3,1,1,8,2,3,8,7,1,7,Left,0.490373032415338,Medium,Works overtime; Frequent business travel; Income below workforce median
EMP-0616,27,0,Non-Travel,443,Research & Development,3,3,Medical,4,Male,50,3,1,Research Scientist,4,Married,1706,16571,1,No,11,3,3,3,0,6,2,0,0,0,0,Stayed,0.05243196884652154,Low,Low work-life balance; Income below workforce median
EMP-0617,51,0,Travel_Rarely,1318,Sales,26,4,Marketing,1,Female,66,3,4,Manager,3,Married,16307,5594,2,No,14,3,3,1,29,2,2,20,6,4,17,Stayed,0.07318894773644645,Low,Low environment satisfaction; Low work-life balance; Long period since promotion; Long distance from home
EMP-0618,44,0,Travel_Rarely,625,Research & Development,4,3,Medical,4,Male,50,3,2,Healthcare Representative,2,Single,5933,5197,9,No,12,3,4,0,10,2,2,5,2,2,3,Stayed,0.26944481533177417,Low,Low job satisfaction; Low work-life balance; No stock options
EMP-0619,25,0,Travel_Rarely,180,Research & Development,2,1,Medical,1,Male,65,4,1,Research Scientist,1,Single,3424,21632,7,No,13,3,3,0,6,3,2,4,3,0,1,Stayed,0.6935521400438748,High,Low job satisfaction; Low environment satisfaction; Low work-life balance; No stock options
EMP-0620,33,0,Travel_Rarely,586,Sales,1,3,Medical,1,Male,48,4,2,Sales Executive,1,Divorced,4037,21816,1,No,22,4,1,1,9,5,3,9,8,0,8,Stayed,0.16493776980517472,Low,Low job satisfaction; Low environment satisfaction; Income below workforce median
EMP-0621,35,0,Travel_Rarely,1343,Research & Development,27,1,Medical,3,Female,53,2,1,Research Scientist,1,Single,2559,17852,1,No,11,3,4,0,6,3,2,6,5,1,1,Stayed,0.43203737135442916,Medium,Low job satisfaction; Low work-life balance; Long distance from home; No stock options
EMP-0622,36,0,Travel_Rarely,928,Sales,1,2,Life Sciences,2,Male,56,3,2,Sales Executive,4,Married,6201,2823,1,Yes,14,3,4,1,18,1,2,18,14,4,11,Stayed,0.15112862354059858,Low,Works overtime; Low environment satisfaction; Low work-life balance; Long period since promotion
EMP-0623,32,0,Travel_Rarely,117,Sales,13,4,Life Sciences,2,Male,73,3,2,Sales Executive,4,Divorced,4403,9250,2,No,11,3,3,1,8,3,2,5,2,0,3,Stayed,0.37872882596151225,Medium,Low environment satisfaction; Low work-life balance; Income below workforce median
EMP-0624,30,0,Travel_Frequently,1012,Research & Development,5,4,Life Sciences,2,Male,75,2,1,Research Scientist,4,Divorced,3761,2373,9,No,12,3,2,1,10,3,2,5,4,0,3,Stayed,0.5144624763213153,Medium,Low environment satisfaction; Low work-life balance; Frequent business travel; Income below workforce median
EMP-0625,53,0,Travel_Rarely,661,Sales,7,2,Marketing,1,Female,78,2,3,Sales Executive,4,Married,10934,20715,7,Yes,18,3,4,1,35,3,3,5,2,0,4,Stayed,0.3160294535154592,Medium,Works overtime; Low environment satisfaction
EMP-0626,45,0,Travel_Rarely,930,Sales,9,3,Marketing,4,Male,74,3,3,Sales Executive,1,Divorced,10761,19239,4,Yes,12,3,3,1,18,2,3,5,4,0,2,Stayed,0.5103613861574993,Medium,Works overtime; Low job satisfaction
EMP-0627,32,0,Travel_Rarely,638,Research & Development,8,2,Medical,3,Female,91,4,2,Research Scientist,3,Married,5175,22162,5,No,12,3,3,1,9,3,2,5,3,1,3,Stayed,0.1800843640554616,Low,Low work-life balance
EMP-0628,52,0,Travel_Frequently,890,Research & Development,25,4,Medical,3,Female,81,2,4,Manufacturing Director,4,Married,13826,19028,3,No,22,4,3,0,31,3,3,9,8,0,0,Stayed,0.1106687433109552,Low,Frequent business travel; Long distance from home; No stock options
EMP-0629,37,0,Travel_Rarely,342,Sales,16,4,Marketing,4,Male,66,2,2,Sales Executive,3,Divorced,6334,24558,4,No,19,3,4,2,9,2,3,1,0,0,0,Stayed,0.2111494515291067,Low,Long distance from home
EMP-0630,28,0,Travel_Rarely,1169,Human Resources,8,2,Medical,2,Male,63,2,1,Human Resources,4,Divorced,4936,23965,1,No,13,3,4,1,6,6,3,5,1,0,4,Stayed,0.07888387800590828,Low,Low environment satisfaction
EMP-0631,22,0,Travel_Rarely,1230,Research & Development,1,2,Life Sciences,4,Male,33,2,2,Manufacturing Director,4,Married,4775,19146,6,No,22,4,1,2,4,2,1,2,2,2,2,Stayed,0.2641776897283675,Low,Low work-life balance; Income below workforce median
EMP-0632,44,0,Travel_Rarely,986,Research & Development,8,4,Life Sciences,1,Male,62,4,1,Laboratory Technician,4,Married,2818,5044,2,Yes,24,4,3,1,10,2,2,3,2,0,2,Stayed,0.4469982002516124,Medium,Works overtime; Low environment satisfaction; Low work-life balance; Income below workforce median
EMP-0633,42,0,Travel_Frequently,1271,Research & Development,2,1,Medical,2,Male,35,3,1,Research Scientist,4,Single,2515,9068,5,Yes,14,3,4,0,8,2,3,2,1,2,2,Stayed,0.5397342982511614,Medium,Works overtime; Low environment satisfaction; Frequent business travel; No stock options
EMP-0634,36,0,Travel_Rarely,1278,Human Resources,8,3,Life Sciences,1,Male,77,2,1,Human Resources,1,Married,2342,8635,0,No,21,4,3,0,6,3,3,5,4,0,3,Stayed,0.30254877592519386,Medium,Low job satisfaction; Low environment satisfaction; No stock options; Income below workforce median
EMP-0635,25,0,Travel_Rarely,141,Sales,3,1,Other,3,Male,98,3,2,Sales Executive,1,Married,4194,14363,1,Yes,18,3,4,0,5,3,3,5,3,0,3,Stayed,0.5821312809492587,Medium,Works overtime; Low job satisfaction; No stock options; Income below workforce median
EMP-0636,35,0,Travel_Rarely,607,Research & Development,9,3,Life Sciences,4,Female,66,2,3,Manufacturing Director,3,Married,10685,23457,1,Yes,20,4,2,1,17,2,3,17,14,5,15,Stayed,0.11637319391408986,Low,Works overtime; Long period since promotion
EMP-0637,35,1,Travel_Frequently,130,Research & Development,25,4,Life Sciences,4,Female,96,3,1,Research Scientist,2,Divorced,2022,16612,1,Yes,19,3,1,1,10,3,2,10,2,7,8,Left,0.771567952631416,High,Works overtime; Low job satisfaction; Low work-life balance; Long period since promotion
EMP-0638,32,0,Non-Travel,300,Research & Development,1,3,Life Sciences,4,Male,61,3,1,Laboratory Technician,4,Divorced,2314,9148,0,No,12,3,2,1,4,2,3,3,0,0,2,Stayed,0.06769387352303809,Low,Income below workforce median
EMP-0639,25,0,Travel_Rarely,583,Sales,4,1,Marketing,3,Male,87,2,2,Sales Executive,1,Married,4256,18154,1,No,12,3,1,0,5,1,4,5,2,0,3,Stayed,0.7054092957360975,High,Low job satisfaction; No stock options; Income below workforce median
EMP-0640,49,0,Travel_Rarely,1418,Research & Development,1,3,Technical Degree,3,Female,36,3,1,Research Scientist,1,Married,3580,10554,2,No,16,3,2,1,7,2,3,4,2,0,2,Stayed,0.11657136683166539,Low,Low job satisfaction; Income below workforce median
EMP-0641,24,0,Non-Travel,1269,Research & Development,4,1,Life Sciences,1,Male,46,2,1,Laboratory Technician,4,Married,3162,10778,0,No,17,3,4,0,6,2,2,5,2,3,4,Stayed,0.1959266739700752,Low,Low environment satisfaction; Low work-life balance; No stock options; Income below workforce median
EMP-0642,32,0,Travel_Frequently,379,Sales,5,2,Life Sciences,2,Male,48,3,2,Sales Executive,2,Married,6524,8891,1,No,14,3,4,1,10,3,3,10,8,5,3,Stayed,0.4411635332132702,Medium,Low job satisfaction; Low environment satisfaction; Long period since promotion; Frequent business travel
EMP-0643,38,0,Travel_Rarely,395,Sales,9,3,Marketing,2,Male,98,2,1,Sales Representative,2,Married,2899,12102,0,No,19,3,4,1,3,3,3,2,2,1,2,Stayed,0.5372902132588321,Medium,Low job satisfaction; Low environment satisfaction; Income below workforce median
EMP-0644,42,0,Travel_Rarely,1265,Research & Development,3,3,Life Sciences,3,Female,95,4,2,Laboratory Technician,4,Married,5231,23726,2,Yes,13,3,2,1,17,1,2,5,3,1,3,Stayed,0.31761689305589985,Medium,Works overtime; Low work-life balance
EMP-0645,31,0,Travel_Rarely,1222,Research & Development,11,4,Life Sciences,4,Male,48,3,1,Research Scientist,4,Married,2356,14871,3,Yes,19,3,2,1,8,2,3,6,4,0,2,Stayed,0.17447950637553059,Low,Works overtime; Income below workforce median
EMP-0646,29,1,Travel_Rarely,341,Sales,1,3,Medical,2,Female,48,2,1,Sales Representative,3,Divorced,2800,23522,6,Yes,19,3,3,3,5,3,3,3,2,0,2,Left,0.7994656513304671,High,Works overtime; Low environment satisfaction; Income below workforce median
EMP-0647,53,0,Travel_Rarely,868,Sales,8,3,Marketing,1,Male,73,3,4,Sales Executive,4,Married,11836,22789,5,No,14,3,3,1,28,3,3,2,0,2,2,Stayed,0.168610585034095,Low,Low environment satisfaction
EMP-0648,35,0,Travel_Rarely,672,Research & Development,25,3,Technical Degree,4,Male,78,2,3,Manufacturing Director,2,Married,10903,9129,3,No,16,3,1,0,16,2,3,13,10,4,8,Stayed,0.3938130867720752,Medium,Low job satisfaction; Long period since promotion; Long distance from home; No stock options
EMP-0649,37,0,Travel_Frequently,1231,Sales,21,2,Medical,3,Female,54,3,1,Sales Representative,4,Married,2973,21222,5,No,15,3,2,1,10,3,3,5,4,0,0,Stayed,0.5791680336875898,Medium,Frequent business travel; Long distance from home; Income below workforce median
EMP-0650,53,0,Travel_Rarely,102,Research & Development,23,4,Life Sciences,4,Female,72,3,4,Research Director,4,Single,14275,20206,6,No,18,3,3,0,33,0,3,12,9,3,8,Stayed,0.014032234498810279,Low,Long distance from home; No stock options
EMP-0651,43,0,Travel_Frequently,422,Research & Development,1,3,Life Sciences,4,Female,33,3,2,Healthcare Representative,4,Married,5562,21782,4,No,13,3,2,1,12,2,2,5,2,2,2,Stayed,0.11024984626579724,Low,Low work-life balance; Frequent business travel
EMP-0652,47,0,Travel_Rarely,249,Sales,2,2,Marketing,3,Female,35,3,2,Sales Executive,4,Married,4537,17783,0,Yes,22,4,1,1,8,2,3,7,6,7,7,Stayed,0.49607163736116106,Medium,Works overtime; Long period since promotion; Income below workforce median
EMP-0653,37,0,Non-Travel,1252,Sales,19,2,Medical,1,Male,32,3,3,Sales Executive,2,Single,7642,4814,1,Yes,13,3,4,0,10,2,3,10,0,0,9,Stayed,0.568115941553002,Medium,Works overtime; Low job satisfaction; Low environment satisfaction; Long distance from home
EMP-0654,50,0,Non-Travel,881,Research & Development,2,4,Life Sciences,1,Male,98,3,4,Manager,1,Divorced,17924,4544,1,No,11,3,4,1,31,3,3,31,6,14,7,Stayed,0.09932687991661496,Low,Low job satisfaction; Low environment satisfaction; Long period since promotion
EMP-0655,39,0,Travel_Rarely,1383,Human Resources,2,3,Life Sciences,4,Female,42,2,2,Human Resources,4,Married,5204,7790,8,No,11,3,3,2,13,2,3,5,4,0,4,Stayed,0.0700002926115824,Low,No prominent rule-based indicators
EMP-0656,33,0,Travel_Rarely,1075,Human Resources,3,2,Human Resources,4,Male,57,3,1,Human Resources,2,Divorced,2277,22650,3,Yes,11,3,3,1,7,4,4,4,3,0,3,Stayed,0.40914639192735125,Medium,Works overtime; Low job satisfaction; Income below workforce median
EMP-0657,32,1,Travel_Rarely,374,Research & Development,25,4,Life Sciences,1,Male,87,3,1,Laboratory Technician,4,Single,2795,18016,1,Yes,24,4,3,0,1,2,1,1,0,0,1,Left,0.9795923638745799,High,Works overtime; Low environment satisfaction; Low work-life balance; Long distance from home
EMP-0658,29,0,Travel_Rarely,1086,Research & Development,7,1,Medical,1,Female,62,2,1,Laboratory Technician,4,Divorced,2532,6054,6,No,14,3,3,3,8,5,3,4,3,0,3,Stayed,0.21803658538901302,Low,Low environment satisfaction; Income below workforce median
EMP-0659,44,0,Travel_Rarely,661,Research & Development,9,2,Life Sciences,2,Male,61,3,1,Research Scientist,1,Married,2559,7508,1,Yes,13,3,4,0,8,0,3,8,7,7,1,Stayed,0.7630137273827381,High,Works overtime; Low job satisfaction; Low environment satisfaction; Long period since promotion
EMP-0660,28,0,Travel_Rarely,821,Sales,5,4,Medical,1,Male,98,3,2,Sales Executive,4,Single,4908,24252,1,No,14,3,2,0,4,3,3,4,2,0,2,Stayed,0.5215200339676261,Medium,Low environment satisfaction; No stock options; Income below workforce median
EMP-0661,58,1,Travel_Frequently,781,Research & Development,2,1,Life Sciences,4,Male,57,2,1,Laboratory Technician,4,Divorced,2380,13384,9,Yes,14,3,4,1,3,3,2,1,0,0,0,Left,0.8653346883930422,High,Works overtime; Low work-life balance; Frequent business travel; Income below workforce median
EMP-0662,43,0,Travel_Rarely,177,Research & Development,8,3,Life Sciences,1,Female,55,3,2,Manufacturing Director,2,Divorced,4765,23814,4,No,21,4,3,1,4,2,4,1,0,0,0,Stayed,0.42661188263692806,Medium,Low job satisfaction; Low environment satisfaction; Income below workforce median
EMP-0663,20,1,Travel_Rarely,500,Sales,2,3,Medical,3,Female,49,2,1,Sales Representative,3,Single,2044,22052,1,No,13,3,4,0,2,3,2,2,2,0,2,Left,0.7256389179873114,High,Low work-life balance; No stock options; Income below workforce median
EMP-0664,21,1,Travel_Rarely,1427,Research & Development,18,1,Other,4,Female,65,3,1,Research Scientist,4,Single,2693,8870,1,No,19,3,1,0,1,3,2,1,0,0,0,Left,0.22076218658048335,Low,Low work-life balance; Long distance from home; No stock options; Income below workforce median
EMP-0665,36,0,Travel_Rarely,1425,Research & Development,14,1,Life Sciences,3,Male,68,3,2,Healthcare Representative,4,Married,6586,4821,0,Yes,17,3,1,1,17,2,2,16,8,4,11,Stayed,0.06805483788062165,Low,Works overtime; Low work-life balance; Long period since promotion
EMP-0666,47,0,Travel_Rarely,1454,Sales,2,4,Life Sciences,4,Female,65,2,1,Sales Representative,4,Single,3294,13137,1,Yes,18,3,1,0,3,3,2,3,2,1,2,Stayed,0.7236031000414607,High,Works overtime; Low work-life balance; No stock options; Income below workforce median
EMP-0667,22,1,Travel_Rarely,617,Research & Development,3,1,Life Sciences,2,Female,34,3,2,Manufacturing Director,3,Married,4171,10022,0,Yes,19,3,1,1,4,3,4,3,2,0,2,Left,0.4374099184774526,Medium,Works overtime; Low environment satisfaction; Income below workforce median
EMP-0668,41,1,Travel_Rarely,1085,Research & Development,2,4,Life Sciences,2,Female,57,1,1,Laboratory Technician,4,Divorced,2778,17725,4,Yes,13,3,3,1,10,1,2,7,7,1,0,Left,0.8075479122553003,High,Works overtime; Low environment satisfaction; Low work-life balance; Income below workforce median
EMP-0669,28,0,Travel_Rarely,995,Research & Development,9,3,Medical,3,Female,77,3,1,Research Scientist,3,Divorced,2377,9834,5,No,18,3,2,1,6,2,3,2,2,2,2,Stayed,0.15667822713014162,Low,Income below workforce median
EMP-0670,39,1,Travel_Rarely,1122,Research & Development,6,3,Medical,4,Male,70,3,1,Laboratory Technician,1,Married,2404,4303,7,Yes,21,4,4,0,8,2,1,2,2,2,2,Left,0.8749113475477879,High,Works overtime; Low job satisfaction; Low work-life balance; No stock options
EMP-0671,27,0,Travel_Rarely,618,Research & Development,4,3,Life Sciences,2,Female,76,3,1,Research Scientist,3,Single,2318,17808,1,No,19,3,3,0,1,2,3,1,1,0,0,Stayed,0.3569111980624455,Medium,Low environment satisfaction; No stock options; Income below workforce median
EMP-0672,34,0,Travel_Rarely,546,Research & Development,10,3,Life Sciences,2,Male,83,3,1,Laboratory Technician,2,Divorced,2008,6896,1,No,14,3,2,2,1,3,3,1,0,1,0,Stayed,0.5749448305347514,Medium,Low job satisfaction; Low environment satisfaction; Income below workforce median
EMP-0673,42,0,Travel_Rarely,462,Sales,14,2,Medical,3,Female,68,2,2,Sales Executive,3,Single,6244,7824,7,No,17,3,1,0,10,6,3,5,4,0,3,Stayed,0.51068257322569,Medium,No stock options
EMP-0674,33,0,Travel_Rarely,1198,Research & Development,1,4,Other,3,Male,100,2,1,Research Scientist,1,Single,2799,3339,3,Yes,11,3,2,0,6,1,3,3,2,0,2,Stayed,0.5851600227627983,Medium,Works overtime; Low job satisfaction; No stock options; Income below workforce median
EMP-0675,58,0,Travel_Rarely,1272,Research & Development,5,3,Technical Degree,3,Female,37,2,3,Healthcare Representative,2,Divorced,10552,9255,2,Yes,13,3,4,1,24,3,3,6,0,0,4,Stayed,0.11893994784477123,Low,Works overtime; Low job satisfaction
EMP-0676,31,0,Travel_Rarely,154,Sales,7,4,Life Sciences,2,Male,41,2,1,Sales Representative,3,Married,2329,11737,3,No,15,3,2,0,13,2,4,7,7,5,2,Stayed,0.7425208238279359,High,Low environment satisfaction; Long period since promotion; No stock options; Income below workforce median
EMP-0677,35,0,Travel_Rarely,1137,Research & Development,21,1,Life Sciences,4,Female,51,3,2,Healthcare Representative,4,Married,4014,19170,1,Yes,25,4,4,1,10,2,1,10,6,0,7,Stayed,0.07728209196182204,Low,Works overtime; Low work-life balance; Long distance from home; Income below workforce median
EMP-0678,49,0,Travel_Rarely,527,Research & Development,8,2,Other,1,Female,51,3,3,Laboratory Technician,2,Married,7403,22477,4,No,11,3,3,1,29,3,2,26,9,1,7,Stayed,0.2681319208020751,Low,Low job satisfaction; Low environment satisfaction; Low work-life balance
EMP-0679,48,0,Travel_Rarely,1469,Research & Development,20,4,Medical,4,Male,51,3,1,Research Scientist,3,Married,2259,5543,4,No,17,3,1,2,13,2,2,0,0,0,0,Stayed,0.062006327315054593,Low,Low work-life balance; Long distance from home; Income below workforce median
EMP-0680,31,0,Non-Travel,1188,Sales,20,2,Marketing,4,Female,45,3,2,Sales Executive,3,Married,6932,24406,1,No,13,3,4,1,9,2,2,9,8,0,0,Stayed,0.07034425626230485,Low,Low work-life balance; Long distance from home
EMP-0681,36,0,Travel_Rarely,188,Research & Development,7,4,Other,2,Male,65,3,1,Research Scientist,4,Single,4678,23293,2,No,18,3,3,0,8,6,3,6,2,0,1,Stayed,0.0541224346175799,Low,Low environment satisfaction; No stock options; Income below workforce median
EMP-0682,38,0,Travel_Rarely,1333,Research & Development,1,3,Technical Degree,4,Female,80,3,3,Research Director,1,Married,13582,16292,1,No,13,3,2,1,15,3,3,15,12,5,11,Stayed,0.013059954084722535,Low,Low job satisfaction; Long period since promotion
EMP-0683,32,0,Non-Travel,1184,Research & Development,1,3,Life Sciences,3,Female,70,2,1,Laboratory Technician,2,Married,2332,3974,6,No,20,4,3,0,5,3,3,3,0,0,2,Stayed,0.35078789398710797,Medium,Low job satisfaction; No stock options; Income below workforce median
EMP-0684,25,1,Travel_Rarely,867,Sales,19,2,Marketing,3,Male,36,2,1,Sales Representative,2,Married,2413,18798,1,Yes,18,3,3,3,1,2,3,1,0,0,0,Left,0.9176768664919176,High,Works overtime; Low job satisfaction; Long distance from home; Income below workforce median
EMP-0685,40,0,Travel_Rarely,658,Sales,10,4,Marketing,1,Male,67,2,3,Sales Executive,2,Divorced,9705,20652,2,No,12,3,2,1,11,2,2,1,0,0,0,Stayed,0.7819583255107463,High,Low job satisfaction; Low environment satisfaction; Low work-life balance
EMP-0686,26,0,Travel_Frequently,1283,Sales,1,3,Medical,3,Male,52,2,2,Sales Executive,1,Single,4294,11148,1,No,12,3,2,0,7,2,3,7,7,0,7,Stayed,0.5167246725967019,Medium,Low job satisfaction; Frequent business travel; No stock options; Income below workforce median
EMP-0687,41,0,Travel_Rarely,263,Research & Development,6,3,Medical,4,Male,59,3,1,Laboratory Technician,1,Single,4721,3119,2,Yes,13,3,3,0,20,3,3,18,13,2,17,Stayed,0.2081281686496632,Low,Works overtime; Low job satisfaction; No stock options; Income below workforce median
EMP-0688,36,0,Travel_Rarely,938,Research & Development,2,4,Medical,3,Male,79,3,1,Laboratory Technician,3,Single,2519,12287,4,No,21,4,3,0,16,6,3,11,8,3,9,Stayed,0.09910934578231104,Low,No stock options; Income below workforce median
EMP-0689,19,1,Travel_Rarely,419,Sales,21,3,Other,4,Male,37,2,1,Sales Representative,2,Single,2121,9947,1,Yes,13,3,2,0,1,3,4,1,0,0,0,Left,0.9601492688136581,High,Works overtime; Low job satisfaction; Long distance from home; No stock options
EMP-0690,20,1,Travel_Rarely,129,Research & Development,4,3,Technical Degree,1,Male,84,3,1,Laboratory Technician,1,Single,2973,13008,1,No,19,3,2,0,1,2,3,1,0,0,0,Left,0.962145358203607,High,Low job satisfaction; Low environment satisfaction; No stock options; Income below workforce median
EMP-0691,31,0,Travel_Rarely,616,Research & Development,12,3,Medical,4,Female,41,3,2,Healthcare Representative,4,Married,5855,17369,0,Yes,11,3,3,2,10,2,1,9,7,8,5,Stayed,0.27167953296218117,Low,Works overtime; Low work-life balance; Long period since promotion
EMP-0692,40,0,Travel_Frequently,1469,Research & Development,9,4,Medical,4,Male,35,3,1,Research Scientist,2,Divorced,3617,25063,8,Yes,14,3,4,1,3,2,3,1,1,0,0,Stayed,0.7708405694394324,High,Works overtime; Low job satisfaction; Frequent business travel; Income below workforce median
EMP-0693,32,0,Travel_Rarely,498,Research & Development,3,4,Medical,3,Female,93,3,2,Manufacturing Director,1,Married,6725,13554,1,No,12,3,3,1,8,2,4,8,7,6,3,Stayed,0.1794344649839389,Low,Low job satisfaction; Long period since promotion
EMP-0694,36,1,Travel_Rarely,530,Sales,3,1,Life Sciences,3,Male,51,2,3,Sales Executive,4,Married,10325,5518,1,Yes,11,3,1,1,16,6,3,16,7,3,7,Left,0.43400259199735797,Medium,Works overtime
EMP-0695,33,0,Travel_Rarely,1069,Research & Development,1,3,Life Sciences,2,Female,42,2,2,Healthcare Representative,4,Single,6949,12291,0,No,14,3,1,0,6,3,3,5,0,1,4,Stayed,0.14961147704431393,Low,Low environment satisfaction; No stock options
EMP-0696,37,1,Travel_Rarely,625,Sales,1,4,Life Sciences,1,Male,46,2,3,Sales Executive,3,Married,10609,14922,5,No,11,3,3,0,17,2,1,14,1,11,7,Left,0.9166219518439874,High,Low environment satisfaction; Low work-life balance; Long period since promotion; No stock options
EMP-0697,45,0,Non-Travel,805,Research & Development,4,2,Life Sciences,3,Male,57,3,2,Laboratory Technician,2,Married,4447,23163,1,No,12,3,2,0,9,5,2,9,7,0,8,Stayed,0.0954158948005247,Low,Low job satisfaction; Low work-life balance; No stock options; Income below workforce median
EMP-0698,29,0,Travel_Frequently,1404,Sales,20,3,Technical Degree,3,Female,84,3,1,Sales Representative,4,Married,2157,18203,1,No,15,3,2,1,3,5,3,3,1,0,2,Stayed,0.6307882220014924,High,Frequent business travel; Long distance from home; Income below workforce median
EMP-0699,35,0,Travel_Rarely,1219,Sales,18,3,Medical,3,Female,86,3,2,Sales Executive,3,Married,4601,6179,1,No,16,3,2,0,5,3,3,5,2,1,0,Stayed,0.42970065891652814,Medium,Long distance from home; No stock options; Income below workforce median
EMP-0700,52,0,Travel_Rarely,1053,Research & Development,1,2,Life Sciences,4,Male,70,3,4,Manager,4,Married,17099,13829,2,No,15,3,2,1,26,2,2,9,8,7,8,Stayed,0.010077281604645683,Low,Low work-life balance; Long period since promotion
EMP-0701,58,1,Travel_Rarely,289,Research & Development,2,3,Technical Degree,4,Male,51,3,1,Research Scientist,3,Single,2479,26227,4,No,24,4,1,0,7,4,3,1,0,0,0,Left,0.16156892042129273,Low,No stock options; Income below workforce median
EMP-0702,53,0,Travel_Rarely,1376,Sales,2,2,Medical,3,Male,45,3,4,Manager,3,Divorced,14852,13938,6,No,13,3,3,1,22,3,4,17,13,15,2,Stayed,0.3000536346142776,Medium,Long period since promotion
EMP-0703,30,0,Travel_Rarely,231,Sales,8,2,Other,3,Male,62,3,3,Sales Executive,3,Divorced,7264,9977,5,No,11,3,1,1,10,2,4,8,4,7,7,Stayed,0.4614027302509184,Medium,Long period since promotion
EMP-0704,38,0,Non-Travel,152,Sales,10,3,Technical Degree,3,Female,85,3,2,Sales Executive,4,Single,5666,19899,1,Yes,13,3,2,0,6,1,3,5,3,1,3,Stayed,0.6506480114708811,High,Works overtime; No stock options
EMP-0705,35,0,Travel_Rarely,882,Sales,3,4,Life Sciences,4,Male,92,3,3,Sales Executive,4,Divorced,7823,6812,6,No,13,3,2,1,12,2,3,10,9,0,8,Stayed,0.09305833865707092,Low,No prominent rule-based indicators
EMP-0706,39,0,Travel_Rarely,903,Sales,2,5,Life Sciences,1,Male,41,4,3,Sales Executive,3,Single,7880,2560,0,No,18,3,4,0,9,3,3,8,7,0,7,Stayed,0.09564709294865792,Low,Low environment satisfaction; No stock options
EMP-0707,40,1,Non-Travel,1479,Sales,24,3,Life Sciences,2,Female,100,4,4,Sales Executive,2,Single,13194,17071,4,Yes,16,3,4,0,22,2,2,1,0,0,0,Left,0.467087395624549,Medium,Works overtime; Low job satisfaction; Low environment satisfaction; Low work-life balance
EMP-0708,47,0,Travel_Frequently,1379,Research & Development,16,4,Medical,3,Male,64,4,2,Manufacturing Director,3,Divorced,5067,6759,1,Yes,19,3,3,0,20,3,4,19,10,2,7,Stayed,0.09448793109838424,Low,Works overtime; Frequent business travel; Long distance from home; No stock options
EMP-0709,36,0,Non-Travel,1229,Sales,8,4,Technical Degree,1,Male,84,3,2,Sales Executive,4,Divorced,5079,25952,4,No,13,3,4,2,12,3,3,7,7,0,7,Stayed,0.03518086698594246,Low,Low environment satisfaction
EMP-0710,31,1,Non-Travel,335,Research & Development,9,2,Medical,3,Male,46,2,1,Research Scientist,1,Single,2321,10322,0,Yes,22,4,1,0,4,0,3,3,2,1,2,Left,0.653203754286979,High,Works overtime; Low job satisfaction; No stock options; Income below workforce median
EMP-0711,33,0,Non-Travel,722,Sales,17,3,Life Sciences,4,Male,38,3,4,Manager,3,Single,17444,20489,1,No,11,3,4,0,10,2,3,10,8,6,0,Stayed,0.2569825844043265,Low,Long period since promotion; Long distance from home; No stock options
EMP-0712,29,1,Travel_Rarely,906,Research & Development,10,3,Life Sciences,4,Female,92,2,1,Research Scientist,1,Single,2404,11479,6,Yes,20,4,3,0,3,5,3,0,0,0,0,Left,0.8283823954282004,High,Works overtime; Low job satisfaction; No stock options; Income below workforce median
EMP-0713,33,0,Travel_Rarely,461,Research & Development,13,1,Life Sciences,2,Female,53,3,1,Research Scientist,4,Single,3452,17241,3,No,18,3,1,0,5,4,3,3,2,0,2,Stayed,0.24548954861639705,Low,Low environment satisfaction; No stock options; Income below workforce median
EMP-0714,45,0,Travel_Rarely,974,Research & Development,1,4,Medical,4,Female,91,3,1,Laboratory Technician,4,Divorced,2270,11005,3,No,14,3,4,2,8,2,3,5,3,0,2,Stayed,0.036682618643878936,Low,Income below workforce median
EMP-0715,50,0,Travel_Rarely,1126,Research & Development,1,2,Medical,4,Male,66,3,4,Research Director,4,Divorced,17399,6615,9,No,22,4,3,1,32,1,2,5,4,1,3,Stayed,0.006118962337856424,Low,Low work-life balance
EMP-0716,33,0,Travel_Frequently,827,Research & Development,1,4,Other,3,Female,84,4,2,Healthcare Representative,2,Married,5488,20161,1,Yes,13,3,1,1,6,2,3,6,5,1,2,Stayed,0.3131712714319396,Medium,Works overtime; Low job satisfaction; Frequent business travel
EMP-0717,41,0,Travel_Frequently,840,Research & Development,9,3,Medical,1,Male,64,3,5,Research Director,3,Divorced,19419,3735,2,No,17,3,2,1,21,2,4,18,16,0,11,Stayed,0.015342740301363886,Low,Low environment satisfaction; Frequent business travel
EMP-0718,27,0,Travel_Rarely,1134,Research & Development,16,4,Technical Degree,3,Female,37,3,1,Laboratory Technician,2,Married,2811,12086,9,No,14,3,2,1,4,2,3,2,2,2,2,Stayed,0.875775143723738,High,Low job satisfaction; Long distance from home; Income below workforce median
EMP-0719,45,0,Non-Travel,248,Research & Development,23,2,Life Sciences,4,Male,42,3,2,Laboratory Technician,1,Married,3633,14039,1,Yes,15,3,3,1,9,2,3,9,8,0,8,Stayed,0.34826768230466915,Medium,Works overtime; Low job satisfaction; Long distance from home; Income below workforce median
EMP-0720,47,0,Travel_Rarely,955,Sales,4,2,Life Sciences,4,Female,83,3,2,Sales Executive,4,Single,4163,8571,1,Yes,17,3,3,0,9,0,3,9,0,0,7,Stayed,0.21499277854904075,Low,Works overtime; No stock options; Income below workforce median
EMP-0721,30,1,Travel_Rarely,138,Research & Development,22,3,Life Sciences,1,Female,48,3,1,Research Scientist,3,Married,2132,11539,4,Yes,11,3,2,0,7,2,3,5,2,0,1,Left,0.9203255790556202,High,Works overtime; Low environment satisfaction; Long distance from home; No stock options
EMP-0722,50,0,Travel_Rarely,939,Research & Development,24,3,Life Sciences,4,Male,95,3,4,Manufacturing Director,3,Married,13973,4161,3,Yes,18,3,4,1,22,2,3,12,11,1,5,Stayed,0.08053428413826759,Low,Works overtime; Long distance from home
EMP-0723,38,0,Travel_Frequently,1391,Research & Development,10,1,Medical,3,Male,66,3,1,Research Scientist,3,Married,2684,12127,0,No,17,3,2,1,3,0,2,2,1,0,2,Stayed,0.19887472235869585,Low,Low work-life balance; Frequent business travel; Income below workforce median
EMP-0724,46,0,Travel_Rarely,566,Research & Development,7,2,Medical,4,Male,75,3,3,Manufacturing Director,3,Divorced,10845,24208,6,No,13,3,2,1,13,3,3,8,7,0,7,Stayed,0.0506694024643473,Low,No prominent rule-based indicators
EMP-0725,24,0,Travel_Rarely,1206,Research & Development,17,1,Medical,4,Female,41,2,2,Manufacturing Director,3,Divorced,4377,24117,1,No,15,3,2,2,5,6,3,4,2,3,2,Stayed,0.09893960051736816,Low,Long distance from home; Income below workforce median
EMP-0726,35,1,Travel_Rarely,622,Research & Development,14,4,Other,3,Male,39,2,1,Laboratory Technician,2,Divorced,3743,10074,1,Yes,24,4,4,1,5,2,1,4,2,0,2,Left,0.7268364372671805,High,Works overtime; Low job satisfaction; Low work-life balance; Income below workforce median
EMP-0727,31,0,Travel_Frequently,853,Research & Development,1,1,Life Sciences,3,Female,96,3,2,Manufacturing Director,1,Married,4148,11275,1,No,12,3,3,1,4,1,3,4,3,0,3,Stayed,0.2792691841396247,Low,Low job satisfaction; Frequent business travel; Income below workforce median
EMP-0728,18,0,Non-Travel,287,Research & Development,5,2,Life Sciences,2,Male,73,3,1,Research Scientist,4,Single,1051,13493,1,No,15,3,4,0,0,2,3,0,0,0,0,Stayed,0.19953835011705376,Low,Low environment satisfaction; No stock options; Income below workforce median
EMP-0729,54,0,Travel_Rarely,1441,Research & Development,17,3,Technical Degree,3,Female,56,3,3,Manufacturing Director,3,Married,10739,13943,8,No,11,3,3,1,22,2,3,10,7,0,8,Stayed,0.0668267091794734,Low,Long distance from home
EMP-0730,35,0,Travel_Rarely,583,Research & Development,25,4,Medical,3,Female,57,3,3,Healthcare Representative,3,Divorced,10388,6975,1,Yes,11,3,3,1,16,3,2,16,10,10,1,Stayed,0.764070783418762,High,Works overtime; Low work-life balance; Long period since promotion; Long distance from home
EMP-0731,30,0,Travel_Rarely,153,Research & Development,8,2,Life Sciences,2,Female,73,4,3,Research Director,1,Married,11416,17802,0,Yes,12,3,3,3,9,4,2,8,7,1,7,Stayed,0.0905847917097751,Low,Works overtime; Low job satisfaction; Low environment satisfaction; Low work-life balance
EMP-0732,20,1,Travel_Rarely,1097,Research & Development,11,3,Medical,4,Female,98,2,1,Research Scientist,1,Single,2600,18275,1,Yes,15,3,1,0,1,2,3,1,0,0,0,Left,0.9169345079927459,High,Works overtime; Low job satisfaction; No stock options; Income below workforce median
EMP-0733,30,1,Travel_Frequently,109,Research & Development,5,3,Medical,2,Female,60,3,1,Laboratory Technician,2,Single,2422,25725,0,No,17,3,1,0,4,3,3,3,2,1,2,Left,0.7743811803246718,High,Low job satisfaction; Low environment satisfaction; Frequent business travel; No stock options
EMP-0734,26,0,Travel_Rarely,1066,Research & Development,2,2,Medical,4,Male,32,4,2,Manufacturing Director,4,Married,5472,3334,1,No,12,3,2,0,8,2,3,8,7,1,3,Stayed,0.04416742733195474,Low,No stock options
EMP-0735,22,0,Travel_Rarely,217,Research & Development,8,1,Life Sciences,2,Male,94,1,1,Laboratory Technician,1,Married,2451,6881,1,No,15,3,1,1,4,3,2,4,3,1,1,Stayed,0.8793132578579647,High,Low job satisfaction; Low environment satisfaction; Low work-life balance; Income below workforce median
EMP-0736,48,0,Travel_Rarely,277,Research & Development,6,3,Life Sciences,1,Male,97,2,2,Healthcare Representative,3,Single,4240,13119,2,No,13,3,4,0,19,0,3,2,2,2,2,Stayed,0.1270724452798146,Low,Low environment satisfaction; No stock options; Income below workforce median
EMP-0737,48,0,Travel_Rarely,1355,Research & Development,4,4,Life Sciences,3,Male,78,2,3,Healthcare Representative,3,Single,10999,22245,7,No,14,3,2,0,27,3,3,15,11,4,8,Stayed,0.04929175259067999,Low,Long period since promotion; No stock options
EMP-0738,41,0,Travel_Rarely,549,Research & Development,7,2,Medical,4,Female,42,3,2,Manufacturing Director,3,Single,5003,23371,6,No,14,3,2,0,8,6,3,2,2,2,1,Stayed,0.16955419643607178,Low,No stock options
EMP-0739,39,0,Travel_Rarely,466,Research & Development,1,1,Life Sciences,4,Female,65,2,4,Manufacturing Director,4,Married,12742,7060,1,No,16,3,3,1,21,3,3,21,6,11,8,Stayed,0.0850678222395268,Low,Long period since promotion
EMP-0740,27,0,Travel_Rarely,1055,Research & Development,2,4,Life Sciences,1,Female,47,3,2,Manufacturing Director,4,Married,4227,4658,0,No,18,3,2,1,4,2,3,3,2,2,2,Stayed,0.14365209721677138,Low,Low environment satisfaction; Income below workforce median
EMP-0741,35,0,Travel_Rarely,802,Research & Development,10,3,Other,2,Male,45,3,1,Laboratory Technician,4,Divorced,3917,9541,1,No,20,4,1,1,3,4,2,3,2,1,2,Stayed,0.3401345336397034,Medium,Low environment satisfaction; Low work-life balance; Income below workforce median
EMP-0742,42,0,Travel_Rarely,265,Sales,5,2,Marketing,4,Male,90,3,5,Manager,3,Married,18303,7770,6,No,13,3,2,0,21,3,4,1,0,0,0,Stayed,0.2701379824683005,Low,No stock options
EMP-0743,50,0,Travel_Rarely,804,Research & Development,9,3,Life Sciences,1,Male,64,3,1,Laboratory Technician,4,Married,2380,20165,4,No,18,3,2,0,8,5,3,1,0,0,0,Stayed,0.3725878214053706,Medium,Low environment satisfaction; No stock options; Income below workforce median
EMP-0744,59,0,Travel_Rarely,715,Research & Development,2,3,Life Sciences,3,Female,69,2,4,Manufacturing Director,4,Single,13726,21829,3,Yes,13,3,1,0,30,4,3,5,3,4,3,Stayed,0.21758638773614128,Low,Works overtime; Long period since promotion; No stock options
EMP-0745,37,1,Travel_Rarely,1141,Research & Development,11,2,Medical,1,Female,61,1,2,Healthcare Representative,2,Married,4777,14382,5,No,15,3,1,0,15,2,1,1,0,0,0,Left,0.7170668822057699,High,Low job satisfaction; Low environment satisfaction; Low work-life balance; No stock options
EMP-0746,55,0,Travel_Frequently,135,Research & Development,18,4,Medical,3,Male,62,3,2,Healthcare Representative,2,Married,6385,12992,3,Yes,14,3,4,2,17,3,3,8,7,6,7,Stayed,0.2542783009663345,Low,Works overtime; Low job satisfaction; Long period since promotion; Frequent business travel
EMP-0747,41,0,Non-Travel,247,Research & Development,7,1,Life Sciences,2,Female,55,1,5,Research Director,3,Divorced,19973,20284,1,No,22,4,2,2,21,3,3,21,16,5,10,Stayed,0.00831428808458395,Low,Low environment satisfaction; Long period since promotion
EMP-0748,38,0,Travel_Rarely,1035,Sales,3,4,Life Sciences,2,Male,42,3,2,Sales Executive,4,Single,6861,4981,8,Yes,12,3,3,0,19,1,3,1,0,0,0,Stayed,0.7332589632500934,High,Works overtime; Low environment satisfaction; No stock options
EMP-0749,26,1,Non-Travel,265,Sales,29,2,Medical,2,Male,79,1,2,Sales Executive,1,Single,4969,21813,8,No,18,3,4,0,7,6,3,2,2,2,2,Left,0.817909838260287,High,Low job satisfaction; Low environment satisfaction; Long distance from home; No stock options
EMP-0750,52,1,Travel_Rarely,266,Sales,2,1,Marketing,1,Female,57,1,5,Manager,4,Married,19845,25846,1,No,15,3,4,1,33,3,3,32,14,6,9,Left,0.09672221127257091,Low,Low environment satisfaction; Long period since promotion
EMP-0751,44,0,Travel_Rarely,1448,Sales,28,3,Medical,4,Female,53,4,4,Sales Executive,4,Married,13320,11737,3,Yes,18,3,3,1,23,2,3,12,11,11,11,Stayed,0.26372134128826225,Low,Works overtime; Long period since promotion; Long distance from home
EMP-0752,50,0,Non-Travel,145,Sales,1,3,Life Sciences,4,Female,95,3,2,Sales Executive,3,Married,6347,24920,0,No,12,3,1,1,19,3,3,18,7,0,13,Stayed,0.005251834070750981,Low,No prominent rule-based indicators
EMP-0753,36,1,Travel_Rarely,885,Research & Development,16,4,Life Sciences,3,Female,43,4,1,Laboratory Technician,1,Single,2743,8269,1,No,16,3,3,0,18,1,3,17,13,15,14,Left,0.4167490771249156,Medium,Low job satisfaction; Long period since promotion; Long distance from home; No stock options
EMP-0754,39,0,Travel_Frequently,945,Research & Development,22,3,Medical,4,Female,82,3,3,Manufacturing Director,1,Single,10880,5083,1,Yes,13,3,3,0,21,2,3,21,6,2,8,Stayed,0.4997917924842464,Medium,Works overtime; Low job satisfaction; Frequent business travel; Long distance from home
EMP-0755,33,0,Non-Travel,1038,Sales,8,1,Life Sciences,2,Female,88,2,1,Sales Representative,4,Single,2342,21437,0,No,19,3,4,0,3,2,2,2,2,2,2,Stayed,0.22408290514223295,Low,Low environment satisfaction; Low work-life balance; No stock options; Income below workforce median
EMP-0756,45,0,Travel_Rarely,1234,Sales,11,2,Life Sciences,4,Female,90,3,4,Manager,4,Married,17650,5404,3,No,13,3,2,1,26,4,4,9,3,1,1,Stayed,0.019311753415008556,Low,No prominent rule-based indicators
EMP-0757,32,0,Non-Travel,1109,Research & Development,29,4,Medical,4,Female,69,3,1,Laboratory Technician,3,Single,4025,11135,9,No,12,3,2,0,10,2,3,8,7,7,7,Stayed,0.5483989752717652,Medium,Long period since promotion; Long distance from home; No stock options; Income below workforce median
EMP-0758,34,0,Travel_Rarely,216,Sales,1,4,Marketing,2,Male,75,4,2,Sales Executive,4,Divorced,9725,12278,0,No,11,3,4,1,16,2,2,15,1,0,9,Stayed,0.046793423507174935,Low,Low environment satisfaction; Low work-life balance
EMP-0759,59,0,Travel_Rarely,1089,Sales,1,2,Technical Degree,2,Male,66,3,3,Manager,4,Married,11904,11038,3,Yes,14,3,3,1,14,1,1,6,4,0,4,Stayed,0.4122748058893872,Medium,Works overtime; Low environment satisfaction; Low work-life balance
EMP-0760,45,0,Travel_Rarely,788,Human Resources,24,4,Medical,2,Male,36,3,1,Human Resources,2,Single,2177,8318,1,No,16,3,1,0,6,3,3,6,3,0,4,Stayed,0.36304751527896484,Medium,Low job satisfaction; Low environment satisfaction; Long distance from home; No stock options
EMP-0761,53,0,Travel_Frequently,124,Sales,2,3,Marketing,3,Female,38,2,3,Sales Executive,2,Married,7525,23537,2,No,12,3,1,1,30,2,3,15,7,6,12,Stayed,0.32665773436077067,Medium,Low job satisfaction; Long period since promotion; Frequent business travel
EMP-0762,36,1,Travel_Rarely,660,Research & Development,15,3,Other,1,Male,81,3,2,Laboratory Technician,3,Divorced,4834,7858,7,No,14,3,2,1,9,3,2,1,0,0,0,Left,0.7477875620128356,High,Low environment satisfaction; Low work-life balance; Long distance from home; Income below workforce median
EMP-0763,26,1,Travel_Frequently,342,Research & Development,2,3,Life Sciences,1,Male,57,3,1,Research Scientist,1,Married,2042,15346,6,Yes,14,3,2,1,6,2,3,3,2,1,2,Left,0.9328930335150702,High,Works overtime; Low job satisfaction; Low environment satisfaction; Frequent business travel
EMP-0764,34,0,Travel_Rarely,1333,Sales,10,4,Life Sciences,3,Female,87,3,1,Sales Representative,3,Married,2220,18410,1,Yes,19,3,4,1,1,2,3,1,1,0,0,Stayed,0.7663012284368117,High,Works overtime; Income below workforce median
EMP-0765,28,0,Travel_Rarely,1144,Sales,10,1,Medical,4,Male,74,3,1,Sales Representative,2,Married,1052,23384,1,No,22,4,2,0,1,5,3,1,0,0,0,Stayed,0.5422577677308354,Medium,Low job satisfaction; No stock options; Income below workforce median
EMP-0766,38,0,Travel_Frequently,1186,Research & Development,3,4,Other,3,Male,44,3,1,Research Scientist,3,Married,2821,2997,3,No,16,3,1,1,8,2,3,2,2,2,2,Stayed,0.08391949566583914,Low,Frequent business travel; Income below workforce median
EMP-0767,50,0,Travel_Rarely,1464,Research & Development,2,4,Medical,2,Male,62,3,5,Research Director,3,Married,19237,12853,2,Yes,11,3,4,1,29,2,2,8,1,7,7,Stayed,0.07068675749281392,Low,Works overtime; Low environment satisfaction; Low work-life balance; Long period since promotion
EMP-0768,37,0,Travel_Rarely,124,Research & Development,3,3,Other,4,Female,35,3,2,Healthcare Representative,2,Single,4107,13848,3,No,15,3,1,0,8,3,2,4,3,0,1,Stayed,0.13300563383970898,Low,Low job satisfaction; Low work-life balance; No stock options; Income below workforce median
EMP-0769,40,0,Travel_Rarely,300,Sales,26,3,Marketing,3,Male,74,3,2,Sales Executive,1,Married,8396,22217,1,No,14,3,2,1,8,3,2,7,7,7,5,Stayed,0.6814754886943923,High,Low job satisfaction; Low work-life balance; Long period since promotion; Long distance from home
EMP-0770,26,0,Travel_Frequently,921,Research & Development,1,1,Medical,1,Female,66,2,1,Research Scientist,3,Divorced,2007,25265,1,No,13,3,3,2,5,5,3,5,3,1,3,Stayed,0.18725226724670282,Low,Low environment satisfaction; Frequent business travel; Income below workforce median
EMP-0771,46,0,Travel_Rarely,430,Research & Development,1,4,Medical,4,Male,40,3,5,Research Director,4,Divorced,19627,21445,9,No,17,3,4,2,23,0,3,2,2,2,2,Stayed,0.011899092331041245,Low,No prominent rule-based indicators
EMP-0772,54,0,Travel_Rarely,1082,Sales,2,4,Life Sciences,3,Female,41,2,3,Sales Executive,3,Married,10686,8392,6,No,11,3,2,1,13,4,3,9,4,7,0,Stayed,0.5336672745651385,Medium,Long period since promotion
EMP-0773,56,0,Travel_Frequently,1240,Research & Development,9,3,Medical,1,Female,63,3,1,Research Scientist,3,Married,2942,12154,2,No,19,3,2,1,18,4,3,5,4,0,3,Stayed,0.05351758078135856,Low,Low environment satisfaction; Frequent business travel; Income below workforce median
EMP-0774,36,0,Travel_Rarely,796,Research & Development,12,5,Medical,4,Female,51,2,3,Manufacturing Director,4,Single,8858,15669,0,No,11,3,2,0,15,2,2,14,8,7,8,Stayed,0.19199252828679667,Low,Low work-life balance; Long period since promotion; No stock options
EMP-0775,55,0,Non-Travel,444,Research & Development,2,1,Medical,3,Male,40,2,4,Manager,1,Single,16756,17323,7,No,15,3,2,0,31,3,4,9,7,6,2,Stayed,0.08086479595890872,Low,Low job satisfaction; Long period since promotion; No stock options
EMP-0776,43,0,Travel_Rarely,415,Sales,25,3,Medical,3,Male,79,2,3,Sales Executive,4,Divorced,10798,5268,5,No,13,3,3,1,18,5,3,1,0,0,0,Stayed,0.3146729307959147,Medium,Long distance from home
EMP-0777,20,1,Travel_Frequently,769,Sales,9,3,Marketing,4,Female,54,3,1,Sales Representative,4,Single,2323,17205,1,Yes,14,3,2,0,2,3,3,2,2,0,2,Left,0.9313566541497598,High,Works overtime; Frequent business travel; No stock options; Income below workforce median
EMP-0778,21,1,Travel_Rarely,1334,Research & Development,10,3,Life Sciences,3,Female,36,2,1,Laboratory Technician,1,Single,1416,17258,1,No,13,3,1,0,1,6,2,1,0,1,0,Left,0.845388004291502,High,Low job satisfaction; Low work-life balance; No stock options; Income below workforce median
EMP-0779,46,0,Travel_Rarely,1003,Research & Development,8,4,Life Sciences,4,Female,74,2,2,Research Scientist,1,Divorced,4615,21029,8,Yes,23,4,1,3,19,2,3,16,13,1,7,Stayed,0.23182209518613298,Low,Works overtime; Low job satisfaction; Income below workforce median
EMP-0780,51,1,Travel_Rarely,1323,Research & Development,4,4,Life Sciences,1,Male,34,3,1,Research Scientist,3,Married,2461,10332,9,Yes,12,3,3,3,18,2,4,10,0,2,7,Left,0.20803641536923465,Low,Works overtime; Low environment satisfaction; Income below workforce median
EMP-0781,28,1,Non-Travel,1366,Research & Development,24,2,Technical Degree,2,Male,72,2,3,Healthcare Representative,1,Single,8722,12355,1,No,12,3,1,0,10,2,2,10,7,1,9,Left,0.3699020801342087,Medium,Low job satisfaction; Low environment satisfaction; Low work-life balance; Long distance from home
EMP-0782,26,0,Travel_Rarely,192,Research & Development,1,2,Medical,1,Male,59,2,1,Laboratory Technician,1,Married,3955,11141,1,No,16,3,1,2,6,2,3,5,3,1,3,Stayed,0.6530566435284292,High,Low job satisfaction; Low environment satisfaction; Income below workforce median
EMP-0783,30,0,Travel_Rarely,1176,Research & Development,20,3,Other,3,Male,85,3,2,Manufacturing Director,1,Married,9957,9096,0,No,15,3,3,1,7,1,2,6,2,0,2,Stayed,0.1280484010117208,Low,Low job satisfaction; Low work-life balance; Long distance from home
EMP-0784,41,0,Travel_Rarely,509,Research & Development,7,2,Technical Degree,2,Female,43,4,1,Research Scientist,3,Married,3376,18863,1,No,13,3,3,0,10,3,3,10,6,0,8,Stayed,0.06844899906817327,Low,Low environment satisfaction; No stock options; Income below workforce median
EMP-0785,38,0,Travel_Rarely,330,Research & Development,17,1,Life Sciences,3,Female,65,2,3,Healthcare Representative,3,Married,8823,24608,0,No,18,3,1,1,20,4,2,19,9,1,9,Stayed,0.04348422388488775,Low,Low work-life balance; Long distance from home
EMP-0786,40,0,Travel_Rarely,1492,Research & Development,20,4,Technical Degree,1,Male,61,3,3,Healthcare Representative,4,Married,10322,26542,4,No,20,4,4,1,14,6,3,11,10,11,1,Stayed,0.3373784151558785,Medium,Low environment satisfaction; Long period since promotion; Long distance from home
EMP-0787,27,0,Non-Travel,1277,Research & Development,8,5,Life Sciences,1,Male,87,1,1,Laboratory Technician,3,Married,4621,5869,1,No,19,3,4,3,3,4,3,3,2,1,2,Stayed,0.13012237073331578,Low,Low environment satisfaction; Income below workforce median
EMP-0788,55,0,Travel_Frequently,1091,Research & Development,2,1,Life Sciences,4,Male,65,3,3,Manufacturing Director,2,Married,10976,15813,3,No,18,3,2,1,23,4,3,3,2,1,2,Stayed,0.02315732028201191,Low,Low job satisfaction; Frequent business travel
EMP-0789,28,0,Travel_Rarely,857,Research & Development,10,3,Other,3,Female,59,3,2,Research Scientist,3,Single,3660,7909,3,No,13,3,4,0,10,4,4,8,7,1,7,Stayed,0.040289277042605355,Low,No stock options; Income below workforce median
EMP-0790,44,1,Travel_Rarely,1376,Human Resources,1,2,Medical,2,Male,91,2,3,Human Resources,1,Married,10482,2326,9,No,14,3,4,1,24,1,3,20,6,3,6,Left,0.35184981634395374,Medium,Low job satisfaction; Low environment satisfaction
EMP-0791,33,0,Travel_Rarely,654,Research & Development,5,3,Life Sciences,4,Male,34,2,3,Healthcare Representative,4,Divorced,7119,21214,4,No,15,3,3,1,9,2,3,3,2,1,2,Stayed,0.1017373742244908,Low,No prominent rule-based indicators
EMP-0792,35,1,Travel_Rarely,1204,Sales,4,3,Technical Degree,4,Male,86,3,3,Sales Executive,1,Single,9582,10333,0,Yes,22,4,1,0,9,2,3,8,7,4,7,Left,0.760731030098349,High,Works overtime; Low job satisfaction; Long period since promotion; No stock options
EMP-0793,33,1,Travel_Frequently,827,Research & Development,29,4,Medical,1,Female,54,2,2,Research Scientist,3,Single,4508,3129,1,No,22,4,2,0,14,4,3,13,7,3,8,Left,0.5891938839156745,Medium,Low environment satisfaction; Frequent business travel; Long distance from home; No stock options
EMP-0794,28,0,Travel_Rarely,895,Research & Development,15,2,Life Sciences,1,Male,50,3,1,Laboratory Technician,3,Divorced,2207,22482,1,No,16,3,4,1,4,5,2,4,2,2,2,Stayed,0.445643013886501,Medium,Low environment satisfaction; Low work-life balance; Long distance from home; Income below workforce median
EMP-0795,34,0,Travel_Frequently,618,Research & Development,3,1,Life Sciences,1,Male,45,3,2,Healthcare Representative,4,Single,7756,22266,0,No,17,3,3,0,7,1,2,6,2,0,4,Stayed,0.20802653251264125,Low,Low environment satisfaction; Low work-life balance; Frequent business travel; No stock options
EMP-0796,37,0,Travel_Rarely,309,Sales,10,4,Life Sciences,4,Female,88,2,2,Sales Executive,4,Divorced,6694,24223,2,Yes,14,3,3,3,8,5,3,1,0,0,0,Stayed,0.26902800265719123,Low,Works overtime
EMP-0797,25,1,Travel_Rarely,1219,Research & Development,4,1,Technical Degree,4,Male,32,3,1,Laboratory Technician,4,Married,3691,4605,1,Yes,15,3,2,1,7,3,4,7,7,5,6,Left,0.4211329840212373,Medium,Works overtime; Long period since promotion; Income below workforce median
EMP-0798,26,1,Travel_Rarely,1330,Research & Development,21,3,Medical,1,Male,37,3,1,Laboratory Technician,3,Divorced,2377,19373,1,No,20,4,3,1,1,0,2,1,1,0,0,Left,0.8508613892059168,High,Low environment satisfaction; Low work-life balance; Long distance from home; Income below workforce median
EMP-0799,33,1,Travel_Rarely,1017,Research & Development,25,3,Medical,1,Male,55,2,1,Research Scientist,2,Single,2313,2993,4,Yes,20,4,2,0,5,0,3,2,2,2,2,Left,0.9438271887959659,High,Works overtime; Low job satisfaction; Low environment satisfaction; Long distance from home
EMP-0800,42,0,Travel_Rarely,469,Research & Development,2,2,Medical,4,Male,35,3,4,Manager,1,Married,17665,14399,0,No,17,3,4,1,23,3,3,22,6,13,7,Stayed,0.0949483564943988,Low,Low job satisfaction; Long period since promotion
EMP-0801,28,1,Travel_Frequently,1009,Research & Development,1,3,Medical,1,Male,45,2,1,Laboratory Technician,2,Divorced,2596,7160,1,No,15,3,1,2,1,2,3,1,0,0,0,Left,0.8895605133901012,High,Low job satisfaction; Low environment satisfaction; Frequent business travel; Income below workforce median
EMP-0802,50,1,Travel_Frequently,959,Sales,1,4,Other,4,Male,81,3,2,Sales Executive,3,Single,4728,17251,3,Yes,14,3,4,0,5,4,3,0,0,0,0,Left,0.4793187976085319,Medium,Works overtime; Frequent business travel; No stock options; Income below workforce median
EMP-0803,33,0,Travel_Frequently,970,Sales,7,3,Life Sciences,4,Female,30,3,2,Sales Executive,2,Married,4302,13401,0,No,17,3,3,1,4,3,3,3,2,0,2,Stayed,0.2620414635053289,Low,Low job satisfaction; Frequent business travel; Income below workforce median
EMP-0804,34,0,Non-Travel,697,Research & Development,3,4,Life Sciences,3,Male,40,2,1,Research Scientist,4,Married,2979,22478,3,No,17,3,4,3,6,2,3,0,0,0,0,Stayed,0.012115254427541385,Low,Income below workforce median
EMP-0805,48,0,Non-Travel,1262,Research & Development,1,4,Medical,1,Male,35,4,4,Manager,4,Single,16885,16154,2,No,22,4,3,0,27,3,2,5,4,2,1,Stayed,0.010760449853413026,Low,Low environment satisfaction; Low work-life balance; No stock options
EMP-0806,45,0,Non-Travel,1050,Sales,9,4,Life Sciences,2,Female,65,2,2,Sales Executive,3,Married,5593,17970,1,No,13,3,4,1,15,2,3,15,10,4,12,Stayed,0.0243302842372215,Low,Low environment satisfaction; Long period since promotion
EMP-0807,52,0,Travel_Rarely,994,Research & Development,7,4,Life Sciences,2,Male,87,3,3,Healthcare Representative,2,Single,10445,15322,7,No,19,3,4,0,18,4,3,8,6,4,0,Stayed,0.13746593754735223,Low,Low job satisfaction; Low environment satisfaction; Long period since promotion; No stock options
EMP-0808,38,0,Travel_Rarely,770,Sales,10,4,Marketing,3,Male,73,2,3,Sales Executive,3,Divorced,8740,5569,0,Yes,14,3,2,2,9,2,3,8,7,2,7,Stayed,0.5191901686282432,Medium,Works overtime
EMP-0809,29,0,Travel_Rarely,1107,Research & Development,28,4,Life Sciences,3,Female,93,3,1,Research Scientist,4,Divorced,2514,26968,4,No,22,4,1,1,11,1,3,7,5,1,7,Stayed,0.10956884842752761,Low,Long distance from home; Income below workforce median
EMP-0810,28,0,Travel_Rarely,950,Research & Development,3,3,Medical,4,Female,93,3,3,Manufacturing Director,2,Divorced,7655,8039,0,No,17,3,2,3,10,3,2,9,7,1,7,Stayed,0.01856016020235261,Low,Low job satisfaction; Low work-life balance
EMP-0811,46,0,Travel_Rarely,406,Sales,3,1,Marketing,1,Male,52,3,4,Manager,3,Married,17465,15596,3,No,12,3,4,1,23,3,3,12,9,4,9,Stayed,0.08133255975085843,Low,Low environment satisfaction; Long period since promotion
EMP-0812,38,0,Travel_Rarely,130,Sales,2,2,Marketing,4,Male,32,3,3,Sales Executive,2,Single,7351,20619,7,No,16,3,3,0,10,2,3,1,0,0,0,Stayed,0.6423698420070323,High,Low job satisfaction; No stock options
EMP-0813,43,0,Travel_Frequently,1082,Research & Development,27,3,Life Sciences,3,Female,83,3,3,Manufacturing Director,1,Married,10820,11535,8,No,11,3,3,1,18,1,3,8,7,0,1,Stayed,0.5009916020718831,Medium,Low job satisfaction; Frequent business travel; Long distance from home
EMP-0814,39,1,Travel_Frequently,203,Research & Development,2,3,Life Sciences,1,Male,84,3,4,Healthcare Representative,4,Divorced,12169,13547,7,No,11,3,4,3,21,4,3,18,7,11,5,Left,0.3386848135961961,Medium,Low environment satisfaction; Long period since promotion; Frequent business travel
EMP-0815,40,0,Travel_Rarely,1308,Research & Development,14,3,Medical,3,Male,44,2,5,Research Director,3,Single,19626,17544,1,No,14,3,1,0,21,2,4,20,7,4,9,Stayed,0.04383739506366263,Low,Long period since promotion; No stock options
EMP-0816,21,0,Travel_Rarely,984,Research & Development,1,1,Technical Degree,4,Female,70,2,1,Research Scientist,2,Single,2070,25326,1,Yes,11,3,3,0,2,6,4,2,2,2,2,Stayed,0.6131869748076081,High,Works overtime; Low job satisfaction; No stock options; Income below workforce median
EMP-0817,39,0,Non-Travel,439,Research & Development,9,3,Life Sciences,3,Male,70,3,2,Laboratory Technician,2,Single,6782,8770,9,No,15,3,3,0,9,2,2,5,4,0,3,Stayed,0.5698794717994716,Medium,Low job satisfaction; Low work-life balance; No stock options
EMP-0818,36,0,Non-Travel,217,Research & Development,18,4,Life Sciences,1,Male,78,3,2,Manufacturing Director,4,Single,7779,23238,2,No,20,4,1,0,18,0,3,11,9,0,9,Stayed,0.04269394804187795,Low,Low environment satisfaction; Long distance from home; No stock options
EMP-0819,31,0,Travel_Frequently,793,Sales,20,3,Life Sciences,3,Male,67,4,1,Sales Representative,4,Married,2791,21981,0,No,12,3,1,1,3,4,3,2,2,2,2,Stayed,0.5558411860086407,Medium,Frequent business travel; Long distance from home; Income below workforce median
EMP-0820,28,0,Travel_Rarely,1451,Research & Development,2,1,Life Sciences,1,Male,67,2,1,Research Scientist,2,Married,3201,19911,0,No,17,3,1,0,6,2,1,5,3,0,4,Stayed,0.3603338218091128,Medium,Low job satisfaction; Low environment satisfaction; Low work-life balance; No stock options
EMP-0821,35,0,Travel_Frequently,1182,Sales,11,2,Marketing,4,Male,54,3,2,Sales Executive,4,Divorced,4968,18500,1,No,11,3,4,1,5,3,3,5,2,0,2,Stayed,0.2112650745222288,Low,Frequent business travel
EMP-0822,49,0,Travel_Rarely,174,Sales,8,4,Technical Degree,4,Male,56,2,4,Sales Executive,2,Married,13120,11879,6,No,17,3,2,1,22,3,3,9,8,2,3,Stayed,0.40720576280357074,Medium,Low job satisfaction
EMP-0823,34,0,Travel_Frequently,1003,Research & Development,2,2,Life Sciences,4,Male,95,3,2,Manufacturing Director,3,Single,4033,15834,2,No,11,3,4,0,5,3,2,3,2,0,2,Stayed,0.18072604191288016,Low,Low work-life balance; Frequent business travel; No stock options; Income below workforce median
EMP-0824,29,0,Travel_Frequently,490,Research & Development,10,3,Life Sciences,4,Female,61,3,1,Research Scientist,2,Divorced,3291,17940,0,No,14,3,4,2,8,2,2,7,5,1,1,Stayed,0.1017319678815951,Low,Low job satisfaction; Low work-life balance; Frequent business travel; Income below workforce median
EMP-0825,42,0,Travel_Rarely,188,Research & Development,29,3,Medical,2,Male,56,1,2,Laboratory Technician,4,Single,4272,9558,4,No,19,3,1,0,16,3,3,1,0,0,0,Stayed,0.840553728774615,High,Low environment satisfaction; Long distance from home; No stock options; Income below workforce median
EMP-0826,29,0,Travel_Rarely,718,Research & Development,8,1,Medical,2,Male,79,2,2,Manufacturing Director,4,Married,5056,17689,1,Yes,15,3,3,1,10,2,2,10,7,1,2,Stayed,0.42920367504824086,Medium,Works overtime; Low environment satisfaction; Low work-life balance
EMP-0827,38,0,Travel_Rarely,433,Human Resources,1,3,Human Resources,3,Male,37,4,1,Human Resources,3,Married,2844,6004,1,No,13,3,4,1,7,2,4,7,6,5,0,Stayed,0.1530967900027634,Low,Long period since promotion; Income below workforce median
EMP-0828,28,0,Travel_Frequently,773,Research & Development,6,3,Life Sciences,3,Male,39,2,1,Research Scientist,3,Divorced,2703,22088,1,Yes,14,3,4,1,3,2,3,3,1,0,2,Stayed,0.6442526104878619,High,Works overtime; Frequent business travel; Income below workforce median
EMP-0829,18,1,Non-Travel,247,Research & Development,8,1,Medical,3,Male,80,3,1,Laboratory Technician,3,Single,1904,13556,1,No,12,3,4,0,0,0,3,0,0,0,0,Left,0.7472010389593446,High,No stock options; Income below workforce median
EMP-0830,33,1,Travel_Rarely,603,Sales,9,4,Marketing,1,Female,77,3,2,Sales Executive,1,Single,8224,18385,0,Yes,17,3,1,0,6,3,3,5,2,0,3,Left,0.9221202754897689,High,Works overtime; Low job satisfaction; Low environment satisfaction; No stock options
EMP-0831,41,0,Travel_Rarely,167,Research & Development,12,4,Life Sciences,2,Male,46,3,1,Laboratory Technician,4,Married,4766,9051,3,Yes,11,3,1,1,6,4,3,1,0,0,0,Stayed,0.8634627387211882,High,Works overtime; Low environment satisfaction; Income below workforce median
EMP-0832,31,1,Travel_Frequently,874,Research & Development,15,3,Medical,3,Male,72,3,1,Laboratory Technician,3,Married,2610,6233,1,No,12,3,3,1,2,5,2,2,2,2,2,Left,0.6295818052291046,High,Low work-life balance; Frequent business travel; Long distance from home; Income below workforce median
EMP-0833,37,0,Travel_Rarely,367,Research & Development,25,2,Medical,3,Female,52,2,2,Healthcare Representative,4,Divorced,5731,17171,7,No,13,3,3,2,9,2,3,6,2,1,3,Stayed,0.2206995091412035,Low,Long distance from home
EMP-0834,27,0,Travel_Rarely,199,Research & Development,6,3,Life Sciences,4,Male,55,2,1,Research Scientist,3,Married,2539,7950,1,No,13,3,3,1,4,0,3,4,2,2,2,Stayed,0.20224904147048714,Low,Income below workforce median
EMP-0835,34,0,Travel_Rarely,1400,Sales,9,1,Life Sciences,2,Female,70,3,2,Sales Executive,3,Married,5714,5829,1,No,20,4,1,0,6,3,2,6,5,1,3,Stayed,0.4151667062863994,Medium,Low environment satisfaction; Low work-life balance; No stock options
EMP-0836,35,0,Travel_Rarely,528,Human Resources,8,4,Technical Degree,3,Male,100,3,1,Human Resources,3,Single,4323,7108,1,No,17,3,2,0,6,2,1,5,4,1,4,Stayed,0.3656161377636526,Medium,Low work-life balance; No stock options; Income below workforce median
EMP-0837,29,1,Travel_Rarely,408,Sales,23,1,Life Sciences,4,Female,45,2,3,Sales Executive,1,Married,7336,11162,1,No,13,3,1,1,11,3,1,11,8,3,10,Left,0.6298038613390277,High,Low job satisfaction; Low work-life balance; Long distance from home
EMP-0838,40,0,Travel_Frequently,593,Research & Development,9,4,Medical,2,Female,88,3,3,Research Director,3,Single,13499,13782,9,No,17,3,3,0,20,3,2,18,7,2,13,Stayed,0.09572151720734083,Low,Low environment satisfaction; Low work-life balance; Frequent business travel; No stock options
EMP-0839,42,1,Travel_Frequently,481,Sales,12,3,Life Sciences,3,Male,44,3,4,Sales Executive,1,Single,13758,2447,0,Yes,12,3,2,0,22,2,2,21,9,13,14,Left,0.9413314060774316,High,Works overtime; Low job satisfaction; Low work-life balance; Long period since promotion
EMP-0840,42,0,Travel_Rarely,647,Sales,4,4,Marketing,2,Male,45,3,2,Sales Executive,1,Single,5155,2253,7,No,13,3,4,0,9,3,4,6,4,1,5,Stayed,0.5154080982806158,Medium,Low job satisfaction; Low environment satisfaction; No stock options
EMP-0841,35,0,Travel_Rarely,982,Research & Development,1,4,Medical,4,Male,58,2,1,Laboratory Technician,3,Married,2258,16340,6,No,12,3,2,1,10,2,3,8,0,1,7,Stayed,0.30196367162208815,Medium,Income below workforce median
EMP-0842,24,0,Travel_Rarely,477,Research & Development,24,3,Medical,4,Male,49,3,1,Laboratory Technician,2,Single,3597,6409,8,No,22,4,4,0,6,2,3,4,3,1,2,Stayed,0.7741575239854647,High,Low job satisfaction; Long distance from home; No stock options; Income below workforce median
EMP-0843,28,1,Travel_Rarely,1485,Research & Development,12,1,Life Sciences,3,Female,79,3,1,Laboratory Technician,4,Married,2515,22955,1,Yes,11,3,4,0,1,4,2,1,1,0,0,Left,0.8363176352873675,High,Works overtime; Low work-life balance; No stock options; Income below workforce median
EMP-0844,26,0,Travel_Rarely,1384,Research & Development,3,4,Medical,1,Male,82,4,1,Laboratory Technician,4,Married,4420,13421,1,No,22,4,2,1,8,2,3,8,7,0,7,Stayed,0.08233028501651943,Low,Low environment satisfaction; Income below workforce median
EMP-0845,30,0,Travel_Rarely,852,Sales,10,3,Marketing,3,Male,72,2,2,Sales Executive,3,Married,6578,2706,1,No,18,3,1,1,10,3,3,10,3,1,4,Stayed,0.2652210443249135,Low,No prominent rule-based indicators
EMP-0846,40,0,Travel_Frequently,902,Research & Development,26,2,Medical,3,Female,92,2,2,Research Scientist,4,Married,4422,21203,3,Yes,13,3,4,1,16,3,1,1,1,0,0,Stayed,0.7270079804652353,High,Works overtime; Low work-life balance; Frequent business travel; Long distance from home
EMP-0847,35,0,Travel_Rarely,819,Research & Development,2,3,Life Sciences,3,Male,44,2,3,Manufacturing Director,2,Divorced,10274,19588,2,No,18,3,2,1,15,2,4,7,7,6,4,Stayed,0.09955186960069012,Low,Low job satisfaction; Long period since promotion
EMP-0848,34,0,Travel_Frequently,669,Research & Development,1,3,Medical,4,Male,97,2,2,Healthcare Representative,1,Single,5343,25755,0,No,20,4,3,0,14,3,3,13,9,4,9,Stayed,0.09218587888491403,Low,Low job satisfaction; Long period since promotion; Frequent business travel; No stock options
EMP-0849,35,0,Travel_Frequently,636,Research & Development,4,4,Other,4,Male,47,2,1,Laboratory Technician,4,Married,2376,26537,1,No,13,3,2,1,2,2,4,2,2,2,2,Stayed,0.263813924923953,Low,Frequent business travel; Income below workforce median
EMP-0850,43,1,Travel_Rarely,1372,Sales,9,3,Marketing,1,Female,85,1,2,Sales Executive,3,Single,5346,9489,8,No,13,3,2,0,7,2,2,4,3,1,3,Left,0.8886439889812736,High,Low environment satisfaction; Low work-life balance; No stock options
EMP-0851,32,0,Non-Travel,862,Sales,2,1,Life Sciences,3,Female,76,3,1,Sales Representative,1,Divorced,2827,14947,1,No,12,3,3,3,1,3,3,1,0,0,0,Stayed,0.26191987170967596,Low,Low job satisfaction; Income below workforce median
EMP-0852,56,0,Travel_Rarely,718,Research & Development,4,4,Technical Degree,4,Female,92,3,5,Manager,1,Divorced,19943,18575,4,No,13,3,4,1,28,2,3,5,2,4,2,Stayed,0.07322517030379594,Low,Low job satisfaction; Long period since promotion
EMP-0853,29,0,Travel_Rarely,1401,Research & Development,6,1,Medical,2,Female,54,3,1,Laboratory Technician,4,Married,3131,26342,1,No,13,3,1,1,10,5,3,10,8,0,8,Stayed,0.0730298251758989,Low,Low environment satisfaction; Income below workforce median
EMP-0854,19,0,Travel_Rarely,645,Research & Development,9,2,Life Sciences,3,Male,54,3,1,Research Scientist,1,Single,2552,7172,1,No,25,4,3,0,1,4,3,1,1,0,0,Stayed,0.4917620278542102,Medium,Low job satisfaction; No stock options; Income below workforce median
EMP-0855,45,0,Travel_Rarely,1457,Research & Development,7,3,Medical,1,Female,83,3,1,Research Scientist,3,Married,4477,20100,4,Yes,19,3,3,1,7,2,2,3,2,0,2,Stayed,0.4049601530933047,Medium,Works overtime; Low environment satisfaction; Low work-life balance; Income below workforce median
EMP-0856,37,0,Travel_Rarely,977,Research & Development,1,3,Life Sciences,4,Female,56,2,2,Manufacturing Director,4,Married,6474,9961,1,No,13,3,2,1,14,2,2,14,8,3,11,Stayed,0.02027305859798536,Low,Low work-life balance
EMP-0857,20,0,Travel_Rarely,805,Research & Development,3,3,Life Sciences,1,Male,87,2,1,Laboratory Technician,3,Single,3033,12828,1,No,12,3,1,0,2,2,2,2,2,1,2,Stayed,0.8918027459797842,High,Low environment satisfaction; Low work-life balance; No stock options; Income below workforce median
EMP-0858,44,1,Travel_Rarely,1097,Research & Development,10,4,Life Sciences,3,Male,96,3,1,Research Scientist,3,Single,2936,10826,1,Yes,11,3,3,0,6,4,3,6,4,0,2,Left,0.3001268091863985,Medium,Works overtime; No stock options; Income below workforce median
EMP-0859,53,0,Travel_Rarely,1223,Research & Development,7,2,Medical,4,Female,50,3,5,Manager,3,Divorced,18606,18640,3,No,18,3,2,1,26,6,3,7,7,4,7,Stayed,0.00909368222473774,Low,Long period since promotion
EMP-0860,29,0,Travel_Rarely,942,Research & Development,15,1,Life Sciences,2,Female,69,1,1,Research Scientist,4,Married,2168,26933,0,Yes,18,3,1,1,6,2,2,5,4,1,3,Stayed,0.5973458965336432,Medium,Works overtime; Low environment satisfaction; Low work-life balance; Long distance from home
EMP-0861,22,1,Travel_Frequently,1256,Research & Development,3,4,Life Sciences,3,Male,48,2,1,Research Scientist,4,Married,2853,4223,0,Yes,11,3,2,1,1,5,3,0,0,0,0,Left,0.7850359233405424,High,Works overtime; Frequent business travel; Income below workforce median
EMP-0862,46,0,Travel_Rarely,1402,Sales,2,3,Marketing,3,Female,69,3,4,Manager,1,Married,17048,24097,8,No,23,4,1,0,28,2,3,26,15,15,9,Stayed,0.6238568365903464,High,Low job satisfaction; Long period since promotion; No stock options
EMP-0863,44,0,Non-Travel,111,Research & Development,17,3,Life Sciences,4,Male,74,1,1,Research Scientist,3,Single,2290,4279,2,No,13,3,4,0,6,3,3,0,0,0,0,Stayed,0.11136256406735938,Low,Long distance from home; No stock options; Income below workforce median
EMP-0864,33,0,Travel_Rarely,147,Human Resources,2,3,Human Resources,2,Male,99,3,1,Human Resources,3,Married,3600,8429,1,No,13,3,4,1,5,2,3,5,4,1,4,Stayed,0.25874112531657634,Low,Low environment satisfaction; Income below workforce median
EMP-0865,41,1,Non-Travel,906,Research & Development,5,2,Life Sciences,1,Male,95,2,1,Research Scientist,1,Divorced,2107,20293,6,No,17,3,1,1,5,2,1,1,0,0,0,Left,0.49221533618968855,Medium,Low job satisfaction; Low environment satisfaction; Low work-life balance; Income below workforce median
EMP-0866,30,0,Travel_Rarely,1329,Sales,29,4,Life Sciences,3,Male,61,3,2,Sales Executive,1,Divorced,4115,13192,8,No,19,3,3,3,8,3,3,4,3,0,3,Stayed,0.33604983337534894,Medium,Low job satisfaction; Long distance from home; Income below workforce median
EMP-0867,40,0,Travel_Frequently,1184,Sales,2,4,Medical,2,Male,62,3,2,Sales Executive,2,Married,4327,25440,5,No,12,3,4,3,5,2,3,0,0,0,0,Stayed,0.3738759881437353,Medium,Low job satisfaction; Low environment satisfaction; Frequent business travel; Income below workforce median
EMP-0868,50,0,Travel_Frequently,1421,Research & Development,2,3,Medical,4,Female,30,3,4,Manager,1,Married,17856,9490,2,No,22,4,3,1,32,3,3,2,2,2,2,Stayed,0.01585527199733571,Low,Low job satisfaction; Frequent business travel
EMP-0869,28,0,Travel_Rarely,1179,Research & Development,19,4,Medical,4,Male,78,2,1,Laboratory Technician,1,Married,3196,12449,1,No,12,3,3,3,6,2,3,6,5,3,3,Stayed,0.26873680546342865,Low,Low job satisfaction; Long distance from home; Income below workforce median
EMP-0870,46,0,Travel_Rarely,1450,Research & Development,15,2,Life Sciences,4,Male,52,3,5,Research Director,2,Married,19081,10849,5,No,11,3,1,1,25,2,3,4,2,0,3,Stayed,0.026989029861527673,Low,Low job satisfaction; Long distance from home
EMP-0871,35,0,Travel_Rarely,1361,Sales,17,4,Life Sciences,3,Male,94,3,2,Sales Executive,1,Married,8966,21026,3,Yes,15,3,4,3,15,2,3,7,7,1,7,Stayed,0.1357250554429098,Low,Works overtime; Low job satisfaction; Long distance from home
EMP-0872,24,1,Travel_Rarely,984,Research & Development,17,2,Life Sciences,4,Female,97,3,1,Laboratory Technician,2,Married,2210,3372,1,No,13,3,1,1,1,3,1,1,0,0,0,Left,0.784799929914149,High,Low job satisfaction; Low work-life balance; Long distance from home; Income below workforce median
EMP-0873,33,0,Travel_Frequently,1146,Sales,25,3,Medical,2,Female,82,3,2,Sales Executive,3,Married,4539,4905,1,No,12,3,1,1,10,3,2,10,7,0,1,Stayed,0.6281587358473384,High,Low environment satisfaction; Low work-life balance; Frequent business travel; Long distance from home
EMP-0874,36,0,Travel_Rarely,917,Research & Development,6,4,Life Sciences,3,Male,60,1,1,Laboratory Technician,3,Divorced,2741,6865,1,No,14,3,3,1,7,4,3,7,7,1,7,Stayed,0.16344472082385242,Low,Income below workforce median
EMP-0875,30,0,Travel_Rarely,853,Research & Development,7,4,Life Sciences,3,Male,49,3,2,Laboratory Technician,3,Divorced,3491,11309,1,No,13,3,1,3,10,4,2,10,7,8,9,Stayed,0.23570668358979543,Low,Low work-life balance; Long period since promotion; Income below workforce median
EMP-0876,44,0,Travel_Rarely,200,Research & Development,29,4,Other,4,Male,32,3,2,Research Scientist,4,Single,4541,7744,1,No,25,4,2,0,20,3,3,20,11,13,17,Stayed,0.06621657742250084,Low,Long period since promotion; Long distance from home; No stock options; Income below workforce median
EMP-0877,20,0,Travel_Rarely,654,Sales,21,3,Marketing,3,Male,43,4,1,Sales Representative,4,Single,2678,5050,1,No,17,3,4,0,2,2,3,2,1,2,2,Stayed,0.6038434190370932,High,Long distance from home; No stock options; Income below workforce median
EMP-0878,46,0,Travel_Rarely,150,Research & Development,2,4,Technical Degree,4,Male,60,3,2,Manufacturing Director,4,Divorced,7379,17433,2,No,11,3,3,1,12,3,2,6,3,1,4,Stayed,0.05697627432630946,Low,Low work-life balance
EMP-0879,42,0,Non-Travel,179,Human Resources,2,5,Medical,4,Male,79,4,2,Human Resources,1,Married,6272,12858,7,No,16,3,1,1,10,3,4,4,3,0,3,Stayed,0.08080816217097783,Low,Low job satisfaction
EMP-0880,60,0,Travel_Rarely,696,Sales,7,4,Marketing,2,Male,52,4,2,Sales Executive,4,Divorced,5220,10893,0,Yes,18,3,2,1,12,3,3,11,7,1,9,Stayed,0.10296053757477852,Low,Works overtime; Low environment satisfaction
EMP-0881,32,0,Travel_Frequently,116,Research & Development,13,3,Other,3,Female,77,2,1,Laboratory Technician,2,Married,2743,7331,1,No,20,4,3,1,2,2,3,2,2,2,2,Stayed,0.6800818321297939,High,Low job satisfaction; Frequent business travel; Income below workforce median
EMP-0882,32,0,Travel_Frequently,1316,Research & Development,2,2,Life Sciences,4,Female,38,3,2,Research Scientist,3,Single,4998,2338,4,Yes,14,3,4,0,10,2,3,8,7,0,7,Stayed,0.3225660759540565,Medium,Works overtime; Frequent business travel; No stock options
EMP-0883,36,0,Travel_Rarely,363,Research & Development,1,3,Technical Degree,3,Female,77,1,3,Manufacturing Director,1,Divorced,10252,4235,2,Yes,21,4,3,1,17,2,3,7,7,7,7,Stayed,0.6915262387885672,High,Works overtime; Low job satisfaction; Long period since promotion
EMP-0884,33,0,Travel_Rarely,117,Research & Development,9,3,Medical,1,Male,60,3,1,Research Scientist,4,Married,2781,6311,0,No,13,3,2,1,15,5,3,14,10,4,10,Stayed,0.05673880356957004,Low,Low environment satisfaction; Long period since promotion; Income below workforce median
EMP-0885,40,0,Travel_Rarely,107,Sales,10,3,Technical Degree,2,Female,84,2,2,Sales Executive,2,Divorced,6852,11591,7,No,12,3,2,1,7,2,4,5,1,1,3,Stayed,0.8483089893324794,High,Low job satisfaction; Low environment satisfaction
EMP-0886,25,0,Travel_Rarely,1356,Sales,10,4,Life Sciences,3,Male,57,3,2,Sales Executive,4,Single,4950,20623,0,No,14,3,2,0,5,4,3,4,3,1,1,Stayed,0.2512746330163988,Low,No stock options
EMP-0887,30,0,Travel_Rarely,1465,Research & Development,1,3,Medical,4,Male,63,3,1,Research Scientist,2,Married,3579,9369,0,Yes,21,4,1,1,12,2,3,11,9,5,7,Stayed,0.146101305074571,Low,Works overtime; Low job satisfaction; Long period since promotion; Income below workforce median
EMP-0888,42,0,Travel_Frequently,458,Research & Development,26,5,Medical,1,Female,60,3,3,Research Director,1,Married,13191,23281,3,Yes,17,3,3,0,20,6,3,1,0,0,0,Stayed,0.6009620013005156,High,Works overtime; Low job satisfaction; Low environment satisfaction; Frequent business travel
EMP-0889,35,0,Non-Travel,1212,Sales,8,2,Marketing,3,Female,78,2,3,Sales Executive,4,Married,10377,13755,4,Yes,11,3,2,1,16,6,2,13,2,4,12,Stayed,0.2893760420896405,Low,Works overtime; Low work-life balance; Long period since promotion
EMP-0890,27,0,Travel_Rarely,1103,Research & Development,14,3,Life Sciences,1,Male,42,3,1,Research Scientist,1,Married,2235,14377,1,Yes,14,3,4,2,9,3,2,9,7,6,8,Stayed,0.507403566992315,Medium,Works overtime; Low job satisfaction; Low environment satisfaction; Low work-life balance
EMP-0891,54,0,Travel_Frequently,966,Research & Development,1,4,Life Sciences,4,Female,53,3,3,Manufacturing Director,3,Divorced,10502,9659,7,No,17,3,1,1,33,2,1,5,4,1,4,Stayed,0.05849672419341532,Low,Low work-life balance; Frequent business travel
EMP-0892,44,0,Travel_Rarely,1117,Research & Development,2,1,Life Sciences,1,Female,72,4,1,Research Scientist,4,Married,2011,19982,1,No,13,3,4,1,10,5,3,10,5,7,7,Stayed,0.027218253998496863,Low,Low environment satisfaction; Long period since promotion; Income below workforce median
EMP-0893,19,1,Non-Travel,504,Research & Development,10,3,Medical,1,Female,96,2,1,Research Scientist,2,Single,1859,6148,1,Yes,25,4,2,0,1,2,4,1,1,0,0,Left,0.7971286008151933,High,Works overtime; Low job satisfaction; Low environment satisfaction; No stock options
EMP-0894,29,0,Travel_Rarely,1010,Research & Development,1,3,Life Sciences,1,Female,97,3,1,Research Scientist,4,Divorced,3760,5598,1,No,15,3,1,3,3,5,3,3,2,1,2,Stayed,0.06347942282892008,Low,Low environment satisfaction; Income below workforce median
EMP-0895,54,0,Travel_Rarely,685,Research & Development,3,3,Life Sciences,4,Male,85,3,4,Research Director,4,Married,17779,23474,3,No,14,3,1,0,36,2,3,10,9,0,9,Stayed,0.0013348216462051473,Low,No stock options
EMP-0896,31,0,Travel_Rarely,1332,Research & Development,11,2,Medical,3,Male,80,3,2,Healthcare Representative,1,Married,6833,17089,1,Yes,12,3,4,0,6,2,2,6,5,0,1,Stayed,0.5703055436900629,Medium,Works overtime; Low job satisfaction; Low work-life balance; No stock options
EMP-0897,31,0,Travel_Rarely,1062,Research & Development,24,3,Medical,3,Female,96,2,2,Healthcare Representative,1,Single,6812,17198,1,No,19,3,2,0,10,2,3,10,9,1,8,Stayed,0.13707524223790743,Low,Low job satisfaction; Long distance from home; No stock options
EMP-0898,59,0,Travel_Rarely,326,Sales,3,3,Life Sciences,3,Female,48,2,2,Sales Executive,4,Single,5171,16490,5,No,17,3,4,0,13,2,3,6,1,0,5,Stayed,0.12075840637128427,Low,No stock options
EMP-0899,43,0,Travel_Rarely,920,Research & Development,3,3,Life Sciences,3,Male,96,1,5,Research Director,4,Married,19740,18625,3,No,14,3,2,1,25,2,3,8,7,0,7,Stayed,0.009776417093828005,Low,No prominent rule-based indicators
EMP-0900,49,0,Travel_Rarely,1098,Research & Development,4,2,Medical,1,Male,85,2,5,Manager,3,Married,18711,12124,2,No,13,3,3,1,23,2,4,1,0,0,0,Stayed,0.08095593746728369,Low,Low environment satisfaction
EMP-0901,36,0,Travel_Frequently,469,Research & Development,3,3,Technical Degree,3,Male,46,3,1,Research Scientist,2,Married,3692,9256,1,No,12,3,3,0,12,2,2,11,10,0,7,Stayed,0.2177159984953942,Low,Low job satisfaction; Low work-life balance; Frequent business travel; No stock options
EMP-0902,48,0,Travel_Rarely,969,Research & Development,2,2,Technical Degree,4,Male,76,4,1,Laboratory Technician,2,Single,2559,16620,5,No,11,3,3,0,7,4,2,1,0,0,0,Stayed,0.4275472423722125,Medium,Low job satisfaction; Low work-life balance; No stock options; Income below workforce median
EMP-0903,27,0,Travel_Rarely,1167,Research & Development,4,2,Life Sciences,1,Male,76,3,1,Research Scientist,3,Divorced,2517,3208,1,No,11,3,2,3,5,2,3,5,3,0,3,Stayed,0.06772618284667054,Low,Low environment satisfaction; Income below workforce median
EMP-0904,29,0,Travel_Rarely,1329,Research & Development,7,3,Life Sciences,3,Male,82,3,2,Healthcare Representative,4,Divorced,6623,4204,1,Yes,11,3,2,2,6,2,3,6,0,1,0,Stayed,0.25595357071608577,Low,Works overtime
EMP-0905,48,0,Travel_Rarely,715,Research & Development,1,3,Life Sciences,4,Male,76,2,5,Research Director,4,Single,18265,8733,6,No,12,3,3,0,25,3,4,1,0,0,0,Stayed,0.021362254047282345,Low,No stock options
EMP-0906,29,0,Travel_Rarely,694,Research & Development,1,3,Life Sciences,4,Female,87,2,4,Research Director,4,Divorced,16124,3423,3,No,14,3,2,2,9,2,2,7,7,1,7,Stayed,0.02818364779011319,Low,Low work-life balance
EMP-0907,34,0,Travel_Rarely,1320,Research & Development,20,3,Technical Degree,3,Female,89,4,1,Research Scientist,3,Married,2585,21643,0,No,17,3,4,0,2,5,2,1,0,0,0,Stayed,0.1975039282817334,Low,Low work-life balance; Long distance from home; No stock options; Income below workforce median
EMP-0908,44,0,Travel_Rarely,1099,Sales,5,3,Marketing,2,Male,88,3,5,Manager,2,Married,18213,8751,7,No,11,3,3,1,26,5,3,22,9,3,10,Stayed,0.1743194604243876,Low,Low job satisfaction; Low environment satisfaction
EMP-0909,33,0,Travel_Rarely,536,Sales,10,5,Marketing,4,Male,82,4,3,Sales Executive,3,Divorced,8380,21708,0,Yes,14,3,4,2,10,3,3,9,8,0,8,Stayed,0.12106481803079122,Low,Works overtime
EMP-0910,19,0,Travel_Rarely,265,Research & Development,25,3,Life Sciences,2,Female,57,4,1,Research Scientist,4,Single,2994,21221,1,Yes,12,3,4,0,1,2,3,1,0,0,1,Stayed,0.8805520536295358,High,Works overtime; Low environment satisfaction; Long distance from home; No stock options
EMP-0911,23,0,Travel_Rarely,373,Research & Development,1,2,Life Sciences,4,Male,47,3,1,Research Scientist,3,Married,1223,16901,1,No,22,4,4,1,1,2,3,1,0,0,1,Stayed,0.09400960770352572,Low,Income below workforce median
EMP-0912,25,1,Travel_Frequently,599,Sales,24,1,Life Sciences,3,Male,73,1,1,Sales Representative,4,Single,1118,8040,1,Yes,14,3,4,0,1,4,3,1,0,1,0,Left,0.9757776747404199,High,Works overtime; Frequent business travel; Long distance from home; No stock options
EMP-0913,26,0,Travel_Rarely,583,Research & Development,4,2,Life Sciences,3,Male,53,3,1,Research Scientist,4,Single,2875,9973,1,Yes,20,4,2,0,8,2,2,8,5,2,2,Stayed,0.48928347639271547,Medium,Works overtime; Low work-life balance; No stock options; Income below workforce median
EMP-0914,45,1,Travel_Rarely,1449,Sales,2,3,Marketing,1,Female,94,1,5,Manager,2,Single,18824,2493,2,Yes,16,3,1,0,26,2,3,24,10,1,11,Left,0.6032975137348994,High,Works overtime; Low job satisfaction; Low environment satisfaction; No stock options
EMP-0915,55,0,Non-Travel,177,Research & Development,8,1,Medical,4,Male,37,2,4,Healthcare Representative,2,Divorced,13577,25592,1,Yes,15,3,4,1,34,3,3,33,9,15,0,Stayed,0.368021369583633,Medium,Works overtime; Low job satisfaction; Long period since promotion
EMP-0916,21,1,Travel_Frequently,251,Research & Development,10,2,Life Sciences,1,Female,45,2,1,Laboratory Technician,3,Single,2625,25308,1,No,20,4,3,0,2,2,1,2,2,2,2,Left,0.9555819555728189,High,Low environment satisfaction; Low work-life balance; Frequent business travel; No stock options
EMP-0917,46,0,Travel_Rarely,168,Sales,4,2,Marketing,4,Female,33,2,5,Manager,2,Married,18789,9946,2,No,14,3,3,1,26,2,3,11,4,0,8,Stayed,0.0679955138993598,Low,Low job satisfaction
EMP-0918,34,0,Travel_Rarely,131,Sales,2,3,Marketing,3,Female,86,3,2,Sales Executive,1,Single,4538,6039,0,Yes,12,3,4,0,4,3,3,3,2,0,2,Stayed,0.8279538905209406,High,Works overtime; Low job satisfaction; No stock options; Income below workforce median
EMP-0919,51,0,Travel_Frequently,237,Sales,9,3,Life Sciences,4,Male,83,3,5,Manager,2,Divorced,19847,19196,4,Yes,24,4,1,1,31,5,2,29,10,11,10,Stayed,0.73032440018788,High,Works overtime; Low job satisfaction; Low work-life balance; Long period since promotion
EMP-0920,59,0,Travel_Rarely,1429,Research & Development,18,4,Medical,4,Male,67,3,3,Manufacturing Director,4,Single,10512,20002,6,No,12,3,4,0,25,6,2,9,7,5,4,Stayed,0.035955148840593296,Low,Low work-life balance; Long period since promotion; Long distance from home; No stock options
EMP-0921,34,0,Travel_Frequently,135,Research & Development,19,3,Medical,3,Female,46,3,2,Laboratory Technician,2,Divorced,4444,22534,4,No,13,3,3,2,15,2,4,11,8,5,10,Stayed,0.4763008659277678,Medium,Low job satisfaction; Long period since promotion; Frequent business travel; Long distance from home
EMP-0922,28,0,Travel_Frequently,791,Research & Development,1,4,Medical,4,Male,44,3,1,Laboratory Technician,3,Single,2154,6842,0,Yes,11,3,3,0,5,2,2,4,2,0,2,Stayed,0.8112387322251047,High,Works overtime; Low work-life balance; Frequent business travel; No stock options
EMP-0923,44,0,Travel_Rarely,1199,Research & Development,4,2,Life Sciences,3,Male,92,4,5,Manager,1,Divorced,19190,17477,1,No,14,3,4,2,26,4,2,25,9,14,13,Stayed,0.042669056446801634,Low,Low job satisfaction; Low work-life balance; Long period since promotion
EMP-0924,34,0,Travel_Frequently,648,Human Resources,11,3,Life Sciences,3,Male,56,2,2,Human Resources,2,Married,4490,21833,4,No,11,3,4,2,14,5,4,10,9,1,8,Stayed,0.11267764235575367,Low,Low job satisfaction; Frequent business travel; Income below workforce median
EMP-0925,35,0,Travel_Rarely,735,Research & Development,6,1,Life Sciences,3,Male,66,3,1,Research Scientist,3,Married,3506,6020,0,Yes,14,3,4,0,4,3,3,3,2,2,2,Stayed,0.35062235498476824,Medium,Works overtime; No stock options; Income below workforce median
EMP-0926,42,0,Travel_Rarely,603,Research & Development,7,4,Medical,2,Female,78,4,2,Research Scientist,2,Married,2372,5628,6,Yes,16,3,4,0,18,2,3,1,0,0,0,Stayed,0.6033082163039927,High,Works overtime; Low job satisfaction; Low environment satisfaction; No stock options
EMP-0927,43,0,Travel_Rarely,531,Sales,4,4,Marketing,4,Female,56,2,3,Sales Executive,4,Single,10231,20364,3,No,14,3,4,0,23,3,4,21,7,15,17,Stayed,0.1719049678052718,Low,Long period since promotion; No stock options
EMP-0928,36,0,Travel_Rarely,429,Research & Development,2,4,Life Sciences,3,Female,53,3,2,Manufacturing Director,2,Single,5410,2323,9,Yes,11,3,4,0,18,2,3,16,14,5,12,Stayed,0.47004803943652684,Medium,Works overtime; Low job satisfaction; Long period since promotion; No stock options
EMP-0929,44,1,Travel_Rarely,621,Research & Development,15,3,Medical,1,Female,73,3,3,Healthcare Representative,4,Married,7978,14075,1,No,11,3,4,1,10,2,3,10,7,0,5,Left,0.07816452201199385,Low,Low environment satisfaction; Long distance from home
EMP-0930,28,0,Travel_Frequently,193,Research & Development,2,3,Life Sciences,4,Male,52,2,1,Laboratory Technician,4,Married,3867,14222,1,Yes,12,3,2,1,2,2,3,2,2,2,2,Stayed,0.9103553969352104,High,Works overtime; Frequent business travel; Income below workforce median
EMP-0931,51,0,Travel_Frequently,968,Research & Development,6,2,Medical,2,Female,40,2,1,Laboratory Technician,3,Single,2838,4257,0,No,14,3,2,0,8,6,2,7,0,7,7,Stayed,0.6072574305332178,High,Low environment satisfaction; Low work-life balance; Long period since promotion; Frequent business travel
EMP-0932,30,0,Non-Travel,879,Research & Development,9,2,Medical,3,Female,72,3,2,Manufacturing Director,3,Single,4695,12858,7,Yes,18,3,3,0,10,3,3,8,4,1,7,Stayed,0.23435151789803604,Low,Works overtime; No stock options; Income below workforce median
EMP-0933,29,1,Travel_Rarely,806,Research & Development,7,3,Technical Degree,2,Female,39,3,1,Laboratory Technician,3,Divorced,3339,17285,3,Yes,13,3,1,2,10,2,3,7,7,7,7,Left,0.8346233467750951,High,Works overtime; Low environment satisfaction; Long period since promotion; Income below workforce median
EMP-0934,28,0,Travel_Rarely,640,Research & Development,1,3,Technical Degree,4,Male,84,3,1,Research Scientist,1,Single,2080,4732,2,No,11,3,2,0,5,2,2,3,2,1,2,Stayed,0.45586589411040873,Medium,Low job satisfaction; Low work-life balance; No stock options; Income below workforce median
EMP-0935,25,0,Travel_Rarely,266,Research & Development,1,3,Medical,4,Female,40,3,1,Research Scientist,2,Single,2096,18830,1,No,18,3,4,0,2,3,2,2,2,2,1,Stayed,0.21509198156204037,Low,Low job satisfaction; Low work-life balance; No stock options; Income below workforce median
EMP-0936,32,0,Travel_Rarely,604,Sales,8,3,Medical,3,Male,56,4,2,Sales Executive,4,Married,6209,11693,1,No,15,3,3,2,10,4,4,10,7,0,8,Stayed,0.013573684979143357,Low,No prominent rule-based indicators
EMP-0937,45,0,Travel_Frequently,364,Research & Development,25,3,Medical,2,Female,83,3,5,Manager,2,Single,18061,13035,3,No,22,4,3,0,22,4,3,0,0,0,0,Stayed,0.4645242258920097,Medium,Low job satisfaction; Low environment satisfaction; Frequent business travel; Long distance from home
EMP-0938,39,0,Travel_Rarely,412,Research & Development,13,4,Medical,3,Female,94,2,4,Manager,2,Divorced,17123,17334,6,Yes,13,3,4,2,21,4,3,19,9,15,2,Stayed,0.8672602759793261,High,Works overtime; Low job satisfaction; Long period since promotion
EMP-0939,58,0,Travel_Rarely,848,Research & Development,23,4,Life Sciences,1,Male,88,3,1,Research Scientist,3,Divorced,2372,26076,1,No,12,3,4,2,2,3,3,2,2,2,2,Stayed,0.12709520040434663,Low,Low environment satisfaction; Long distance from home; Income below workforce median
EMP-0940,32,1,Travel_Rarely,1089,Research & Development,7,2,Life Sciences,4,Male,79,3,2,Laboratory Technician,3,Married,4883,22845,1,No,18,3,1,1,10,3,3,10,4,1,1,Left,0.1934046068498045,Low,Income below workforce median
EMP-0941,39,1,Travel_Rarely,360,Research & Development,23,3,Medical,3,Male,93,3,1,Research Scientist,1,Single,3904,22154,0,No,13,3,1,0,6,2,3,5,2,0,3,Left,0.39837938336873974,Medium,Low job satisfaction; Long distance from home; No stock options; Income below workforce median
EMP-0942,30,0,Travel_Rarely,1138,Research & Development,6,3,Technical Degree,1,Female,48,2,2,Laboratory Technician,4,Married,4627,23631,0,No,12,3,1,1,10,6,3,9,2,6,7,Stayed,0.6378255894722344,High,Low environment satisfaction; Long period since promotion; Income below workforce median
EMP-0943,36,0,Travel_Rarely,325,Research & Development,10,4,Technical Degree,4,Female,63,3,3,Healthcare Representative,3,Married,7094,5747,3,No,12,3,1,0,10,0,3,7,7,1,7,Stayed,0.27586316938829936,Low,No stock options
EMP-0944,46,0,Travel_Rarely,991,Human Resources,1,2,Life Sciences,4,Female,44,3,1,Human Resources,1,Single,3423,22957,6,No,12,3,3,0,10,3,4,7,6,5,7,Stayed,0.12759144112242146,Low,Low job satisfaction; Long period since promotion; No stock options; Income below workforce median
EMP-0945,28,0,Non-Travel,1476,Research & Development,1,3,Life Sciences,3,Female,55,1,2,Laboratory Technician,4,Married,6674,16392,0,No,11,3,1,3,10,6,3,9,8,7,5,Stayed,0.05830478170735808,Low,Long period since promotion
EMP-0946,50,0,Travel_Rarely,1322,Research & Development,28,3,Life Sciences,4,Female,43,3,4,Research Director,1,Married,16880,22422,4,Yes,11,3,2,0,25,2,3,3,2,1,2,Stayed,0.21414803666368504,Low,Works overtime; Low job satisfaction; Long distance from home; No stock options
EMP-0947,40,1,Travel_Rarely,299,Sales,25,4,Marketing,4,Male,57,2,3,Sales Executive,2,Single,9094,17235,2,Yes,12,3,3,0,9,2,3,5,4,1,0,Left,0.938443508915461,High,Works overtime; Low job satisfaction; Long distance from home; No stock options
EMP-0948,52,1,Travel_Rarely,1030,Sales,5,3,Life Sciences,2,Male,64,3,3,Sales Executive,2,Single,8446,21534,9,Yes,19,3,3,0,10,2,2,8,7,7,7,Left,0.917014439869746,High,Works overtime; Low job satisfaction; Low environment satisfaction; Low work-life balance
EMP-0949,30,0,Travel_Rarely,634,Research & Development,17,4,Medical,2,Female,95,3,3,Manager,1,Married,11916,25927,1,Yes,23,4,4,2,9,2,3,9,1,0,8,Stayed,0.3828644385108203,Medium,Works overtime; Low job satisfaction; Low environment satisfaction; Long distance from home
EMP-0950,39,0,Travel_Rarely,524,Research & Development,18,2,Life Sciences,1,Male,32,3,2,Manufacturing Director,3,Single,4534,13352,0,No,11,3,1,0,9,6,3,8,7,1,7,Stayed,0.18207307900459999,Low,Low environment satisfaction; Long distance from home; No stock options; Income below workforce median
EMP-0951,31,0,Non-Travel,587,Sales,2,4,Life Sciences,4,Female,57,3,3,Sales Executive,3,Divorced,9852,8935,1,Yes,19,3,1,1,10,5,2,10,8,9,6,Stayed,0.3866911427979829,Medium,Works overtime; Low work-life balance; Long period since promotion
EMP-0952,41,0,Non-Travel,256,Sales,10,2,Medical,3,Male,40,1,2,Sales Executive,2,Single,6151,22074,1,No,13,3,1,0,19,4,3,19,2,11,9,Stayed,0.5235565021252595,Medium,Low job satisfaction; Long period since promotion; No stock options
EMP-0953,31,1,Travel_Frequently,1060,Sales,1,3,Life Sciences,4,Female,54,3,1,Sales Representative,2,Single,2302,8319,1,Yes,11,3,1,0,3,2,4,3,2,2,2,Left,0.9126848958426266,High,Works overtime; Low job satisfaction; Frequent business travel; No stock options
EMP-0954,44,1,Travel_Rarely,935,Research & Development,3,3,Life Sciences,1,Male,89,3,1,Laboratory Technician,1,Married,2362,14669,4,No,12,3,3,0,10,4,4,3,2,1,2,Left,0.4659690412205305,Medium,Low job satisfaction; Low environment satisfaction; No stock options; Income below workforce median
EMP-0955,42,0,Non-Travel,495,Research & Development,2,1,Life Sciences,3,Male,37,3,4,Manager,3,Married,17861,26582,0,Yes,13,3,4,0,21,3,2,20,8,2,10,Stayed,0.03721509371097847,Low,Works overtime; Low work-life balance; No stock options
EMP-0956,55,0,Travel_Rarely,282,Research & Development,2,2,Medical,4,Female,58,1,5,Manager,3,Married,19187,6992,4,No,14,3,4,1,23,5,3,19,9,9,11,Stayed,0.07245265385656133,Low,Long period since promotion
EMP-0957,56,0,Travel_Rarely,206,Human Resources,8,4,Life Sciences,4,Male,99,3,5,Manager,2,Single,19717,4022,6,No,14,3,1,0,36,4,3,7,3,7,7,Stayed,0.08904523957890713,Low,Low job satisfaction; Long period since promotion; No stock options
EMP-0958,40,0,Non-Travel,458,Research & Development,16,2,Life Sciences,3,Male,74,3,1,Research Scientist,3,Divorced,3544,8532,9,No,16,3,2,1,6,0,3,4,2,0,0,Stayed,0.22357800244627762,Low,Long distance from home; Income below workforce median
EMP-0959,34,0,Travel_Rarely,943,Research & Development,9,3,Life Sciences,4,Male,86,3,3,Healthcare Representative,4,Divorced,8500,5494,0,No,11,3,4,1,10,0,2,9,7,1,6,Stayed,0.027114179262433143,Low,Low work-life balance
EMP-0960,40,0,Travel_Rarely,523,Research & Development,2,3,Life Sciences,3,Male,98,3,2,Research Scientist,4,Single,4661,22455,1,No,13,3,3,0,9,4,3,9,8,8,8,Stayed,0.09296768490264087,Low,Long period since promotion; No stock options; Income below workforce median
EMP-0961,41,0,Travel_Frequently,1018,Sales,1,3,Marketing,3,Female,66,3,2,Sales Executive,1,Divorced,4103,4297,0,No,17,3,4,1,10,2,3,9,3,1,7,Stayed,0.142356965172493,Low,Low job satisfaction; Frequent business travel; Income below workforce median
EMP-0962,35,0,Travel_Frequently,482,Research & Development,4,4,Life Sciences,3,Male,87,3,2,Research Scientist,3,Single,4249,2690,1,Yes,11,3,2,0,9,3,3,9,6,1,1,Stayed,0.7424292977708876,High,Works overtime; Frequent business travel; No stock options; Income below workforce median
EMP-0963,51,0,Travel_Rarely,770,Human Resources,5,3,Life Sciences,3,Male,84,3,4,Manager,2,Divorced,14026,17588,1,Yes,11,3,2,1,33,2,3,33,9,0,10,Stayed,0.06804745400178466,Low,Works overtime; Low job satisfaction
EMP-0964,38,0,Travel_Rarely,1009,Sales,2,2,Life Sciences,2,Female,31,3,2,Sales Executive,1,Divorced,6893,19461,3,No,15,3,4,1,11,3,3,7,7,1,7,Stayed,0.11127836276544797,Low,Low job satisfaction; Low environment satisfaction
EMP-0965,34,0,Travel_Rarely,507,Sales,15,2,Medical,3,Female,66,3,2,Sales Executive,1,Single,6125,23553,1,No,12,3,4,0,10,6,4,10,8,9,6,Stayed,0.39312627073463563,Medium,Low job satisfaction; Long period since promotion; Long distance from home; No stock options
EMP-0966,25,0,Travel_Rarely,882,Research & Development,19,1,Medical,4,Male,67,3,1,Laboratory Technician,4,Married,3669,9075,3,No,11,3,3,3,7,6,2,3,2,1,2,Stayed,0.11163603511300434,Low,Low work-life balance; Long distance from home; Income below workforce median
EMP-0967,58,1,Travel_Rarely,601,Research & Development,7,4,Medical,3,Female,53,2,3,Manufacturing Director,1,Married,10008,12023,7,Yes,14,3,4,0,31,0,2,10,9,5,9,Left,0.49013428816455645,Medium,Works overtime; Low job satisfaction; Low work-life balance; Long period since promotion
EMP-0968,40,0,Travel_Rarely,329,Research & Development,1,4,Life Sciences,2,Male,88,3,1,Laboratory Technician,2,Married,2387,6762,3,No,22,4,3,1,7,3,3,4,2,0,3,Stayed,0.2862230558953875,Low,Low job satisfaction; Low environment satisfaction; Income below workforce median
EMP-0969,36,0,Travel_Frequently,607,Sales,7,3,Marketing,1,Female,83,4,2,Sales Executive,1,Married,4639,2261,2,No,16,3,4,1,17,2,2,15,7,6,13,Stayed,0.37349080285407577,Medium,Low job satisfaction; Low environment satisfaction; Low work-life balance; Long period since promotion
EMP-0970,48,0,Travel_Rarely,855,Research & Development,4,3,Life Sciences,4,Male,54,3,3,Manufacturing Director,4,Single,7898,18706,1,No,11,3,3,0,11,2,3,10,9,0,8,Stayed,0.020396945029008445,Low,No stock options
EMP-0971,27,0,Travel_Rarely,1291,Sales,11,3,Medical,3,Female,98,4,1,Sales Representative,4,Married,2534,6527,8,No,14,3,2,1,5,4,3,1,0,0,0,Stayed,0.5205548617965546,Medium,Income below workforce median
EMP-0972,51,0,Travel_Rarely,1405,Research & Development,11,2,Technical Degree,4,Female,82,2,4,Manufacturing Director,2,Single,13142,24439,3,No,16,3,2,0,29,1,2,5,2,0,3,Stayed,0.1162308252796601,Low,Low job satisfaction; Low work-life balance; No stock options
EMP-0973,18,0,Non-Travel,1124,Research & Development,1,3,Life Sciences,4,Female,97,3,1,Laboratory Technician,4,Single,1611,19305,1,No,15,3,3,0,0,5,4,0,0,0,0,Stayed,0.18082626637846852,Low,No stock options; Income below workforce median
EMP-0974,35,0,Travel_Rarely,817,Research & Development,1,3,Medical,4,Female,60,2,2,Laboratory Technician,4,Married,5363,10846,0,No,12,3,2,1,10,0,3,9,7,0,0,Stayed,0.2127852134291521,Low,No prominent rule-based indicators
EMP-0975,27,0,Travel_Frequently,793,Sales,2,1,Life Sciences,4,Male,43,1,2,Sales Executive,4,Single,5071,20392,3,No,20,4,2,0,8,3,3,6,2,0,0,Stayed,0.5804858762657922,Medium,Frequent business travel; No stock options
EMP-0976,55,1,Travel_Rarely,267,Sales,13,4,Marketing,1,Male,85,4,4,Sales Executive,3,Single,13695,9277,6,Yes,17,3,3,0,24,2,2,19,7,3,8,Left,0.7813930733697528,High,Works overtime; Low environment satisfaction; Low work-life balance; No stock options
EMP-0977,56,0,Travel_Rarely,1369,Research & Development,23,3,Life Sciences,4,Male,68,3,4,Manufacturing Director,2,Married,13402,18235,4,Yes,12,3,1,1,33,0,3,19,16,15,9,Stayed,0.5191002742551464,Medium,Works overtime; Low job satisfaction; Long period since promotion; Long distance from home
EMP-0978,34,0,Non-Travel,999,Research & Development,26,1,Technical Degree,1,Female,92,2,1,Research Scientist,3,Divorced,2029,15891,1,No,20,4,3,3,5,2,3,5,4,0,0,Stayed,0.10590159655645083,Low,Low environment satisfaction; Long distance from home; Income below workforce median
EMP-0979,40,0,Travel_Rarely,1202,Research & Development,2,1,Medical,2,Female,89,4,2,Healthcare Representative,3,Divorced,6377,13888,5,No,20,4,2,3,15,0,3,12,11,11,8,Stayed,0.0362952905589127,Low,Low environment satisfaction; Long period since promotion
EMP-0980,34,0,Travel_Rarely,285,Research & Development,29,3,Medical,2,Male,86,3,2,Laboratory Technician,3,Married,5429,17491,4,No,13,3,1,2,10,1,3,8,7,7,7,Stayed,0.7679744405337711,High,Low environment satisfaction; Long period since promotion; Long distance from home
EMP-0981,31,1,Travel_Frequently,703,Sales,2,3,Life Sciences,3,Female,90,2,1,Sales Representative,4,Single,2785,11882,7,No,14,3,3,0,3,3,4,1,0,0,0,Left,0.8405458384202051,High,Frequent business travel; No stock options; Income below workforce median
EMP-0982,35,1,Travel_Frequently,662,Sales,18,4,Marketing,4,Female,67,3,2,Sales Executive,3,Married,4614,23288,0,Yes,18,3,3,1,5,0,2,4,2,3,2,Left,0.837907263104932,High,Works overtime; Low work-life balance; Frequent business travel; Long distance from home
EMP-0983,38,0,Travel_Frequently,693,Research & Development,7,3,Life Sciences,4,Male,57,4,1,Research Scientist,3,Divorced,2610,15748,1,No,11,3,4,3,4,2,3,4,2,0,3,Stayed,0.025560497836391936,Low,Frequent business travel; Income below workforce median
EMP-0984,34,0,Travel_Rarely,404,Research & Development,2,4,Technical Degree,3,Female,98,3,2,Healthcare Representative,4,Single,6687,6163,1,No,11,3,4,0,14,2,4,14,11,4,11,Stayed,0.025123162729230576,Low,Long period since promotion; No stock options
EMP-0985,28,0,Travel_Rarely,736,Sales,26,3,Life Sciences,3,Male,48,2,2,Sales Executive,1,Married,4724,24232,1,No,11,3,3,1,5,0,3,5,3,0,4,Stayed,0.692857414222658,High,Low job satisfaction; Long distance from home; Income below workforce median
EMP-0986,31,1,Travel_Rarely,330,Research & Development,22,4,Medical,4,Male,98,3,2,Manufacturing Director,3,Married,6179,21057,1,Yes,15,3,4,2,10,3,2,10,2,6,7,Left,0.30784462009113983,Medium,Works overtime; Low work-life balance; Long period since promotion; Long distance from home
EMP-0987,39,0,Travel_Rarely,1498,Sales,21,4,Life Sciences,1,Male,44,2,2,Sales Executive,4,Married,6120,3567,3,Yes,12,3,4,2,8,2,4,5,4,1,4,Stayed,0.5286186739553496,Medium,Works overtime; Low environment satisfaction; Long distance from home
EMP-0988,51,0,Travel_Frequently,541,Sales,2,3,Marketing,2,Male,52,3,3,Sales Executive,2,Married,10596,15395,2,No,11,3,2,0,14,5,3,4,2,3,2,Stayed,0.5714310304176969,Medium,Low job satisfaction; Low environment satisfaction; Frequent business travel; No stock options
EMP-0989,41,0,Travel_Frequently,1200,Research & Development,22,3,Life Sciences,4,Female,75,3,2,Research Scientist,4,Divorced,5467,13953,3,Yes,14,3,1,2,12,4,2,6,2,3,3,Stayed,0.4667966125180308,Medium,Works overtime; Low work-life balance; Frequent business travel; Long distance from home
EMP-0990,37,0,Travel_Rarely,1439,Research & Development,4,1,Life Sciences,3,Male,54,3,1,Research Scientist,3,Married,2996,5182,7,Yes,15,3,4,0,8,2,3,6,4,1,3,Stayed,0.39818692008424383,Medium,Works overtime; No stock options; Income below workforce median
EMP-0991,33,0,Travel_Frequently,1111,Sales,5,1,Life Sciences,2,Male,61,3,2,Sales Executive,4,Married,9998,19293,6,No,13,3,1,0,8,2,4,5,4,1,2,Stayed,0.5955192406201036,Medium,Low environment satisfaction; Frequent business travel; No stock options
EMP-0992,32,0,Travel_Rarely,499,Sales,2,1,Marketing,3,Male,36,3,2,Sales Executive,2,Married,4078,20497,0,Yes,13,3,1,3,4,3,2,3,2,1,2,Stayed,0.6413360215221876,High,Works overtime; Low job satisfaction; Low work-life balance; Income below workforce median
EMP-0993,39,0,Non-Travel,1485,Research & Development,25,2,Life Sciences,3,Male,71,3,3,Healthcare Representative,3,Married,10920,3449,3,No,21,4,2,1,13,2,3,6,4,0,5,Stayed,0.020611880193627193,Low,Long distance from home
EMP-0994,25,0,Travel_Rarely,1372,Sales,18,1,Life Sciences,1,Male,93,4,2,Sales Executive,3,Married,6232,12477,2,No,11,3,2,0,6,3,2,3,2,1,2,Stayed,0.6171148761074233,High,Low environment satisfaction; Low work-life balance; Long distance from home; No stock options
EMP-0995,52,0,Travel_Frequently,322,Research & Development,28,2,Medical,4,Female,59,4,4,Manufacturing Director,3,Married,13247,9731,2,Yes,11,3,2,1,24,3,2,5,3,0,2,Stayed,0.41112001918108854,Medium,Works overtime; Low work-life balance; Frequent business travel; Long distance from home
EMP-0996,43,0,Travel_Rarely,930,Research & Development,6,3,Medical,1,Female,73,2,2,Research Scientist,3,Single,4081,20003,1,Yes,14,3,1,0,20,3,1,20,7,1,8,Stayed,0.6551708908955611,High,Works overtime; Low environment satisfaction; Low work-life balance; No stock options
EMP-0997,27,0,Travel_Rarely,205,Sales,10,3,Marketing,4,Female,98,2,2,Sales Executive,4,Married,5769,7100,1,Yes,11,3,4,0,6,3,3,6,2,4,4,Stayed,0.7969878133610792,High,Works overtime; Long period since promotion; No stock options
EMP-0998,27,1,Travel_Rarely,135,Research & Development,17,4,Life Sciences,4,Female,51,3,1,Research Scientist,3,Single,2394,25681,1,Yes,13,3,4,0,8,2,3,8,2,7,7,Left,0.5799498400525733,Medium,Works overtime; Long period since promotion; Long distance from home; No stock options
EMP-0999,26,0,Travel_Rarely,683,Research & Development,2,1,Medical,1,Male,36,2,1,Research Scientist,4,Single,3904,4050,0,No,12,3,4,0,5,2,3,4,3,1,1,Stayed,0.2635746916419279,Low,Low environment satisfaction; No stock options; Income below workforce median
EMP-1000,42,0,Travel_Rarely,1147,Human Resources,10,3,Human Resources,3,Female,31,3,4,Manager,1,Married,16799,16616,0,No,14,3,3,1,21,5,3,20,7,0,9,Stayed,0.04163502252371217,Low,Low job satisfaction
EMP-1001,52,0,Travel_Rarely,258,Research & Development,8,4,Other,3,Female,54,3,1,Laboratory Technician,1,Married,2950,17363,9,No,13,3,3,0,12,2,1,5,4,0,4,Stayed,0.6075760054053962,High,Low job satisfaction; Low work-life balance; No stock options; Income below workforce median
EMP-1002,37,0,Travel_Rarely,1462,Research & Development,11,3,Medical,1,Female,94,3,1,Laboratory Technician,3,Single,3629,19106,4,No,18,3,1,0,8,6,3,3,2,0,2,Stayed,0.42962469335132003,Medium,Low environment satisfaction; No stock options; Income below workforce median
EMP-1003,35,0,Travel_Frequently,200,Research & Development,18,2,Life Sciences,3,Male,60,3,3,Manufacturing Director,4,Single,9362,19944,2,No,11,3,3,0,10,2,3,2,2,2,2,Stayed,0.3922014413070214,Medium,Frequent business travel; Long distance from home; No stock options
EMP-1004,25,0,Travel_Rarely,949,Research & Development,1,3,Technical Degree,1,Male,81,3,1,Laboratory Technician,4,Married,3229,4910,4,No,11,3,2,1,7,2,2,3,2,0,2,Stayed,0.6711728365702867,High,Low environment satisfaction; Low work-life balance; Income below workforce median
EMP-1005,26,0,Travel_Rarely,652,Research & Development,7,3,Other,3,Male,100,4,1,Laboratory Technician,1,Single,3578,23577,0,No,12,3,4,0,8,2,3,7,7,0,7,Stayed,0.08567944758637708,Low,Low job satisfaction; No stock options; Income below workforce median
EMP-1006,29,0,Travel_Rarely,332,Human Resources,17,3,Other,2,Male,51,2,3,Human Resources,1,Single,7988,9769,1,No,13,3,1,0,10,3,2,10,9,0,9,Stayed,0.5454975003509387,Medium,Low job satisfaction; Low environment satisfaction; Low work-life balance; Long distance from home
EMP-1007,49,1,Travel_Frequently,1475,Research & Development,28,2,Life Sciences,1,Male,97,2,2,Laboratory Technician,1,Single,4284,22710,3,No,20,4,1,0,20,2,3,4,3,1,3,Left,0.8645048556840986,High,Low job satisfaction; Low environment satisfaction; Frequent business travel; Long distance from home
EMP-1008,29,1,Travel_Frequently,337,Research & Development,14,1,Other,3,Female,84,3,3,Healthcare Representative,4,Single,7553,22930,0,Yes,12,3,1,0,9,1,3,8,7,7,7,Left,0.6580751585183557,High,Works overtime; Long period since promotion; Frequent business travel; No stock options
EMP-1009,54,0,Travel_Rarely,971,Research & Development,1,3,Medical,4,Female,54,3,4,Research Director,4,Single,17328,5652,6,No,19,3,4,0,29,3,2,20,7,12,7,Stayed,0.021076392122576,Low,Low work-life balance; Long period since promotion; No stock options
EMP-1010,58,0,Travel_Rarely,1055,Research & Development,1,3,Medical,4,Female,76,3,5,Research Director,1,Married,19701,22456,3,Yes,21,4,3,1,32,3,3,9,8,1,5,Stayed,0.014272548245453553,Low,Works overtime; Low job satisfaction
EMP-1011,55,0,Travel_Rarely,1136,Research & Development,1,4,Medical,2,Male,81,4,4,Research Director,4,Divorced,14732,12414,2,No,13,3,4,2,31,4,4,7,7,0,0,Stayed,0.0007316109087506607,Low,Low environment satisfaction
EMP-1012,36,0,Travel_Rarely,1174,Sales,3,4,Marketing,1,Female,99,3,2,Sales Executive,2,Single,9278,20763,3,Yes,16,3,4,0,15,3,3,5,4,0,1,Stayed,0.5853590550408242,Medium,Works overtime; Low job satisfaction; Low environment satisfaction; No stock options
EMP-1013,31,1,Travel_Frequently,667,Sales,1,4,Life Sciences,2,Female,50,1,1,Sales Representative,3,Single,1359,16154,1,No,12,3,2,0,1,3,3,1,0,0,0,Left,0.9352005501488627,High,Low environment satisfaction; Frequent business travel; No stock options; Income below workforce median
EMP-1014,30,0,Travel_Rarely,855,Sales,7,4,Marketing,4,Female,73,3,2,Sales Executive,1,Divorced,4779,12761,7,No,14,3,2,2,8,3,3,3,2,0,2,Stayed,0.3948186492732727,Medium,Low job satisfaction; Income below workforce median
EMP-1015,31,0,Travel_Rarely,182,Research & Development,8,5,Life Sciences,1,Female,93,3,4,Research Director,2,Single,16422,8847,3,No,11,3,3,0,9,3,4,3,2,1,0,Stayed,0.3835265834099266,Medium,Low job satisfaction; Low environment satisfaction; No stock options
EMP-1016,34,0,Travel_Frequently,560,Research & Development,1,4,Other,4,Male,91,3,1,Research Scientist,1,Divorced,2996,20284,5,No,14,3,3,2,10,2,3,4,3,1,3,Stayed,0.07284779465095267,Low,Low job satisfaction; Frequent business travel; Income below workforce median
EMP-1017,31,1,Travel_Rarely,202,Research & Development,8,3,Life Sciences,1,Female,34,2,1,Research Scientist,2,Single,1261,22262,1,No,12,3,3,0,1,3,4,1,0,0,0,Left,0.6371523181469486,High,Low job satisfaction; Low environment satisfaction; No stock options; Income below workforce median
EMP-1018,27,0,Travel_Rarely,1377,Research & Development,11,1,Life Sciences,2,Male,91,3,1,Laboratory Technician,1,Married,2099,7679,0,No,14,3,2,0,6,3,4,5,0,1,4,Stayed,0.4101177376315318,Medium,Low job satisfaction; Low environment satisfaction; No stock options; Income below workforce median
EMP-1019,36,0,Travel_Rarely,172,Research & Development,4,4,Life Sciences,1,Male,37,2,2,Laboratory Technician,4,Single,5810,22604,1,No,16,3,3,0,10,2,2,10,4,1,8,Stayed,0.5176258911896614,Medium,Low environment satisfaction; Low work-life balance; No stock options
EMP-1020,36,0,Travel_Rarely,329,Sales,16,4,Marketing,3,Female,98,2,2,Sales Executive,1,Married,5647,13494,4,No,13,3,1,2,11,3,2,3,2,0,2,Stayed,0.6324814304140821,High,Low job satisfaction; Low work-life balance; Long distance from home
EMP-1021,47,0,Travel_Rarely,465,Research & Development,1,3,Technical Degree,1,Male,74,3,1,Research Scientist,4,Married,3420,10205,7,No,12,3,3,1,17,2,2,6,5,1,2,Stayed,0.24804172333548613,Low,Low environment satisfaction; Low work-life balance; Income below workforce median
EMP-1022,25,1,Travel_Rarely,383,Sales,9,2,Life Sciences,1,Male,68,2,1,Sales Representative,1,Married,4400,15182,3,No,12,3,1,0,6,2,3,3,2,2,2,Left,0.9538009147253156,High,Low job satisfaction; Low environment satisfaction; No stock options; Income below workforce median
EMP-1023,37,0,Non-Travel,1413,Research & Development,5,2,Technical Degree,3,Male,84,4,1,Laboratory Technician,3,Single,3500,25470,0,No,14,3,1,0,7,2,1,6,5,1,3,Stayed,0.16022021123534266,Low,Low work-life balance; No stock options; Income below workforce median
EMP-1024,56,0,Travel_Rarely,1255,Research & Development,1,2,Life Sciences,1,Female,90,3,1,Research Scientist,1,Married,2066,10494,2,No,22,4,4,1,5,3,4,3,2,1,0,Stayed,0.07305312800490979,Low,Low job satisfaction; Low environment satisfaction; Income below workforce median
EMP-1025,47,0,Travel_Rarely,359,Research & Development,2,4,Medical,1,Female,82,3,4,Research Director,3,Married,17169,26703,3,No,19,3,2,2,26,2,4,20,17,5,6,Stayed,0.007716094015357827,Low,Low environment satisfaction; Long period since promotion
EMP-1026,24,0,Travel_Rarely,1476,Sales,4,1,Medical,4,Female,42,3,2,Sales Executive,3,Married,4162,15211,1,Yes,12,3,3,2,5,3,3,5,4,0,3,Stayed,0.27852543498028703,Low,Works overtime; Income below workforce median
EMP-1027,32,0,Travel_Rarely,601,Sales,7,5,Marketing,4,Male,97,3,2,Sales Executive,4,Married,9204,23343,4,No,12,3,3,1,7,3,2,4,3,0,3,Stayed,0.23428890043544565,Low,Low work-life balance
EMP-1028,34,0,Travel_Rarely,401,Research & Development,1,3,Life Sciences,4,Female,86,2,1,Laboratory Technician,2,Married,3294,3708,5,No,17,3,1,1,7,2,2,5,4,0,2,Stayed,0.5102310000541348,Medium,Low job satisfaction; Low work-life balance; Income below workforce median
EMP-1029,41,0,Travel_Rarely,1283,Research & Development,5,5,Medical,2,Male,90,4,1,Research Scientist,3,Married,2127,5561,2,Yes,12,3,1,0,7,5,2,4,2,0,3,Stayed,0.406422725817666,Medium,Works overtime; Low environment satisfaction; Low work-life balance; No stock options
EMP-1030,40,0,Non-Travel,663,Research & Development,9,4,Other,3,Male,81,3,2,Laboratory Technician,3,Divorced,3975,23099,3,No,11,3,3,2,11,2,4,8,7,0,7,Stayed,0.018138819803601932,Low,Income below workforce median
EMP-1031,31,0,Travel_Rarely,326,Sales,8,2,Life Sciences,1,Male,31,3,3,Sales Executive,4,Divorced,10793,8386,1,No,18,3,1,1,13,5,3,13,7,9,9,Stayed,0.36841181875392126,Medium,Low environment satisfaction; Long period since promotion
EMP-1032,46,1,Travel_Rarely,377,Sales,9,3,Marketing,1,Male,52,3,3,Sales Executive,4,Divorced,10096,15986,4,No,11,3,1,1,28,1,4,7,7,4,3,Left,0.2675108706626893,Low,Low environment satisfaction; Long period since promotion
EMP-1033,39,1,Non-Travel,592,Research & Development,2,3,Life Sciences,1,Female,54,2,1,Laboratory Technician,1,Single,3646,17181,2,Yes,23,4,2,0,11,2,4,1,0,0,0,Left,0.7314022567966967,High,Works overtime; Low job satisfaction; Low environment satisfaction; No stock options
EMP-1034,31,1,Travel_Frequently,1445,Research & Development,1,5,Life Sciences,3,Female,100,4,3,Manufacturing Director,2,Single,7446,8931,1,No,11,3,1,0,10,2,3,10,8,4,7,Left,0.22580541380315508,Low,Low job satisfaction; Long period since promotion; Frequent business travel; No stock options
EMP-1035,45,0,Travel_Rarely,1038,Research & Development,20,3,Medical,2,Male,95,1,3,Healthcare Representative,1,Divorced,10851,19863,2,Yes,18,3,2,1,24,2,3,7,7,0,7,Stayed,0.27508108095921263,Low,Works overtime; Low job satisfaction; Low environment satisfaction; Long distance from home
EMP-1036,31,0,Travel_Rarely,1398,Human Resources,8,2,Medical,4,Female,96,4,1,Human Resources,2,Single,2109,24609,9,No,18,3,4,0,8,3,3,3,2,0,2,Stayed,0.13993281995611742,Low,Low job satisfaction; No stock options; Income below workforce median
EMP-1037,31,1,Travel_Frequently,523,Research & Development,2,3,Life Sciences,2,Male,94,3,1,Laboratory Technician,4,Married,3722,21081,6,Yes,13,3,3,1,7,2,1,2,2,2,2,Left,0.9214054290568306,High,Works overtime; Low environment satisfaction; Low work-life balance; Frequent business travel
EMP-1038,45,0,Travel_Rarely,1448,Research & Development,29,3,Technical Degree,2,Male,55,3,3,Manufacturing Director,4,Married,9380,14720,4,Yes,18,3,4,2,10,4,4,3,1,1,2,Stayed,0.33014481087554703,Medium,Works overtime; Low environment satisfaction; Long distance from home
EMP-1039,48,0,Travel_Rarely,1221,Sales,7,3,Marketing,3,Male,96,3,2,Sales Executive,1,Divorced,5486,24795,4,No,11,3,1,3,15,3,3,2,2,2,2,Stayed,0.11803244336788635,Low,Low job satisfaction
EMP-1040,34,1,Travel_Rarely,1107,Human Resources,9,4,Technical Degree,1,Female,52,3,1,Human Resources,3,Married,2742,3072,1,No,15,3,4,0,2,0,3,2,2,2,2,Left,0.5512276976781337,Medium,Low environment satisfaction; No stock options; Income below workforce median
EMP-1041,40,0,Non-Travel,218,Research & Development,8,1,Medical,4,Male,55,2,3,Research Director,2,Divorced,13757,25178,2,No,11,3,3,1,16,5,3,9,8,4,8,Stayed,0.006236455647830057,Low,Low job satisfaction; Long period since promotion
EMP-1042,28,0,Travel_Rarely,866,Sales,5,3,Medical,4,Male,84,3,2,Sales Executive,1,Single,8463,23490,0,No,18,3,4,0,6,4,3,5,4,1,3,Stayed,0.17885555575237616,Low,Low job satisfaction; No stock options
EMP-1043,44,0,Non-Travel,981,Research & Development,5,3,Life Sciences,3,Male,90,2,1,Laboratory Technician,3,Single,3162,7973,3,No,14,3,4,0,7,5,3,5,2,0,3,Stayed,0.08431976543644205,Low,No stock options; Income below workforce median
EMP-1044,53,0,Travel_Rarely,447,Research & Development,2,3,Medical,4,Male,39,4,4,Research Director,2,Single,16598,19764,4,No,12,3,2,0,35,2,2,9,8,8,8,Stayed,0.01426841914579732,Low,Low job satisfaction; Low work-life balance; Long period since promotion; No stock options
EMP-1045,49,0,Travel_Rarely,1495,Research & Development,5,4,Technical Degree,1,Male,96,3,2,Healthcare Representative,3,Married,6651,21534,2,No,14,3,2,1,20,0,2,3,2,1,2,Stayed,0.08029164410813776,Low,Low environment satisfaction; Low work-life balance
EMP-1046,40,0,Travel_Rarely,896,Research & Development,2,3,Medical,3,Male,68,3,1,Research Scientist,3,Divorced,2345,8045,2,No,14,3,3,1,8,3,4,3,1,1,2,Stayed,0.03829299653602035,Low,Income below workforce median
EMP-1047,44,0,Travel_Rarely,1467,Research & Development,20,3,Life Sciences,4,Male,49,3,1,Research Scientist,2,Single,3420,21158,1,No,13,3,3,0,6,3,2,5,2,1,3,Stayed,0.12407275284528667,Low,Low job satisfaction; Low work-life balance; Long distance from home; No stock options
EMP-1048,33,0,Travel_Frequently,430,Sales,7,3,Medical,4,Male,54,3,2,Sales Executive,1,Married,4373,17456,0,No,14,3,1,2,5,2,3,4,3,0,3,Stayed,0.38920544026428994,Medium,Low job satisfaction; Frequent business travel; Income below workforce median
EMP-1049,34,0,Travel_Rarely,1326,Sales,3,3,Other,4,Male,81,1,2,Sales Executive,1,Single,4759,15891,3,No,18,3,4,0,15,2,3,13,9,3,12,Stayed,0.06189618137366224,Low,Low job satisfaction; No stock options; Income below workforce median
EMP-1050,30,0,Travel_Rarely,1358,Sales,16,1,Life Sciences,4,Male,96,3,2,Sales Executive,3,Married,5301,2939,8,No,15,3,3,2,4,2,2,2,1,2,2,Stayed,0.4233828363895386,Medium,Low work-life balance; Long distance from home
EMP-1051,42,0,Travel_Frequently,748,Research & Development,9,2,Medical,1,Female,74,3,1,Laboratory Technician,4,Single,3673,16458,1,No,13,3,3,0,12,3,3,12,9,5,8,Stayed,0.3891122109908861,Medium,Low environment satisfaction; Long period since promotion; Frequent business travel; No stock options
EMP-1052,44,0,Travel_Frequently,383,Sales,1,5,Marketing,1,Female,79,3,2,Sales Executive,3,Married,4768,9282,7,No,12,3,3,1,11,4,2,1,0,0,0,Stayed,0.7519333593014834,High,Low environment satisfaction; Low work-life balance; Frequent business travel; Income below workforce median
EMP-1053,30,0,Non-Travel,990,Research & Development,7,3,Technical Degree,3,Male,64,3,1,Research Scientist,3,Divorced,1274,7152,1,No,13,3,2,2,1,2,2,1,0,0,0,Stayed,0.1192957947108602,Low,Low work-life balance; Income below workforce median
EMP-1054,57,0,Travel_Rarely,405,Research & Development,1,2,Life Sciences,2,Male,93,4,2,Research Scientist,3,Married,4900,2721,0,No,24,4,1,1,13,2,2,12,9,2,8,Stayed,0.02749566592537943,Low,Low environment satisfaction; Low work-life balance; Income below workforce median
EMP-1055,49,0,Travel_Rarely,1490,Research & Development,7,4,Life Sciences,3,Male,35,3,3,Healthcare Representative,2,Divorced,10466,20948,3,No,14,3,2,2,29,3,3,8,7,0,7,Stayed,0.005001378451774893,Low,Low job satisfaction
EMP-1056,34,0,Travel_Frequently,829,Research & Development,15,3,Medical,2,Male,71,3,4,Research Director,1,Divorced,17007,11929,7,No,14,3,4,2,16,3,2,14,8,6,9,Stayed,0.2309977292046446,Low,Low job satisfaction; Low environment satisfaction; Low work-life balance; Long period since promotion
EMP-1057,28,1,Travel_Frequently,1496,Sales,1,3,Technical Degree,1,Male,92,3,1,Sales Representative,3,Married,2909,15747,3,No,15,3,4,1,5,3,4,3,2,1,2,Left,0.6137774385502788,High,Low environment satisfaction; Frequent business travel; Income below workforce median
EMP-1058,29,1,Travel_Frequently,115,Sales,13,3,Technical Degree,1,Female,51,3,2,Sales Executive,2,Single,5765,17485,5,No,11,3,1,0,7,4,1,5,3,0,0,Left,0.9838149520399052,High,Low job satisfaction; Low environment satisfaction; Low work-life balance; Frequent business travel
EMP-1059,34,1,Travel_Rarely,790,Sales,24,4,Medical,1,Female,40,2,2,Sales Executive,2,Single,4599,7815,0,Yes,23,4,3,0,16,2,4,15,9,10,10,Left,0.8818245694164508,High,Works overtime; Low job satisfaction; Low environment satisfaction; Long period since promotion
EMP-1060,35,0,Travel_Rarely,660,Sales,7,1,Life Sciences,4,Male,76,3,1,Sales Representative,3,Married,2404,16192,1,No,13,3,1,1,1,3,3,1,0,0,0,Stayed,0.6042792248858784,High,Income below workforce median
EMP-1061,24,1,Travel_Frequently,381,Research & Development,9,3,Medical,2,Male,89,3,1,Laboratory Technician,1,Single,3172,16998,2,Yes,11,3,3,0,4,2,2,0,0,0,0,Left,0.9854211654465492,High,Works overtime; Low job satisfaction; Low environment satisfaction; Low work-life balance
EMP-1062,24,0,Non-Travel,830,Sales,13,2,Life Sciences,4,Female,78,3,1,Sales Representative,2,Married,2033,7103,1,No,13,3,3,1,1,2,3,1,0,0,0,Stayed,0.40974915248944593,Medium,Low job satisfaction; Income below workforce median
EMP-1063,44,0,Travel_Frequently,1193,Research & Development,2,1,Medical,2,Male,86,3,3,Manufacturing Director,3,Single,10209,19719,5,Yes,18,3,2,0,16,2,2,2,2,2,2,Stayed,0.6221800927163021,High,Works overtime; Low environment satisfaction; Low work-life balance; Frequent business travel
EMP-1064,29,0,Travel_Rarely,1246,Sales,19,3,Life Sciences,3,Male,77,2,2,Sales Executive,3,Divorced,8620,23757,1,No,14,3,3,2,10,3,3,10,7,0,4,Stayed,0.09305733196857047,Low,Long distance from home
EMP-1065,30,0,Travel_Rarely,330,Human Resources,1,3,Life Sciences,3,Male,46,3,1,Human Resources,3,Divorced,2064,15428,0,No,21,4,1,1,6,3,4,5,3,1,3,Stayed,0.08312230170379636,Low,Income below workforce median
EMP-1066,55,0,Travel_Rarely,1229,Research & Development,4,4,Life Sciences,4,Male,30,3,2,Healthcare Representative,3,Married,4035,16143,0,Yes,16,3,2,0,4,2,3,3,2,1,2,Stayed,0.191699296068727,Low,Works overtime; No stock options; Income below workforce median
EMP-1067,33,0,Travel_Rarely,1099,Research & Development,4,4,Medical,1,Female,82,2,1,Laboratory Technician,2,Married,3838,8192,8,No,11,3,4,0,8,5,3,5,4,0,2,Stayed,0.7555442070309338,High,Low job satisfaction; Low environment satisfaction; No stock options; Income below workforce median
EMP-1068,47,0,Travel_Rarely,571,Sales,14,3,Medical,3,Female,78,3,2,Sales Executive,3,Married,4591,24200,3,Yes,17,3,3,1,11,4,2,5,4,1,2,Stayed,0.5003175492124806,Medium,Works overtime; Low work-life balance; Income below workforce median
EMP-1069,28,1,Travel_Frequently,289,Research & Development,2,2,Medical,3,Male,38,2,1,Laboratory Technician,1,Single,2561,5355,7,No,11,3,3,0,8,2,2,0,0,0,0,Left,0.947071188917263,High,Low job satisfaction; Low work-life balance; Frequent business travel; No stock options
EMP-1070,28,0,Travel_Rarely,1423,Research & Development,1,3,Life Sciences,1,Male,72,2,1,Research Scientist,3,Divorced,1563,12530,1,No,14,3,4,1,1,2,1,1,0,0,0,Stayed,0.4002419560217236,Medium,Low environment satisfaction; Low work-life balance; Income below workforce median
EMP-1071,28,0,Travel_Frequently,467,Sales,7,3,Life Sciences,3,Male,55,3,2,Sales Executive,1,Single,4898,11827,0,No,14,3,4,0,5,5,3,4,2,1,3,Stayed,0.5382271607369954,Medium,Low job satisfaction; Frequent business travel; No stock options; Income below workforce median
EMP-1072,49,0,Travel_Rarely,271,Research & Development,3,2,Medical,3,Female,43,2,2,Laboratory Technician,1,Married,4789,23070,4,No,25,4,1,1,10,3,3,3,2,1,2,Stayed,0.5738843131467897,Medium,Low job satisfaction; Income below workforce median
EMP-1073,29,0,Travel_Frequently,410,Research & Development,2,1,Life Sciences,4,Female,97,3,1,Laboratory Technician,2,Married,3180,4668,0,No,13,3,3,3,4,3,3,3,2,0,2,Stayed,0.15060444043184962,Low,Low job satisfaction; Frequent business travel; Income below workforce median
EMP-1074,28,0,Travel_Rarely,1083,Research & Development,29,1,Life Sciences,3,Male,96,1,2,Manufacturing Director,2,Married,6549,3173,1,No,14,3,2,2,8,2,2,8,6,1,7,Stayed,0.21975200056853245,Low,Low job satisfaction; Low work-life balance; Long distance from home
EMP-1075,33,0,Travel_Rarely,516,Research & Development,8,5,Life Sciences,4,Male,69,3,2,Healthcare Representative,3,Single,6388,22049,2,Yes,17,3,1,0,14,6,3,0,0,0,0,Stayed,0.23080221858521321,Low,Works overtime; No stock options
EMP-1076,32,0,Travel_Rarely,495,Research & Development,10,3,Medical,3,Male,64,3,3,Manager,4,Single,11244,21072,2,No,25,4,2,0,10,5,4,5,2,0,0,Stayed,0.10277036582624911,Low,No stock options
EMP-1077,54,0,Travel_Frequently,1050,Research & Development,11,4,Medical,2,Female,87,3,4,Manager,4,Divorced,16032,24456,3,No,20,4,1,1,26,2,3,14,9,1,12,Stayed,0.026868964487629547,Low,Low environment satisfaction; Frequent business travel
EMP-1078,29,1,Travel_Rarely,224,Research & Development,1,4,Technical Degree,1,Male,100,2,1,Research Scientist,1,Single,2362,7568,6,No,13,3,3,0,11,2,1,9,7,0,7,Left,0.7582046403966933,High,Low job satisfaction; Low environment satisfaction; Low work-life balance; No stock options
EMP-1079,44,0,Travel_Rarely,136,Research & Development,28,3,Life Sciences,4,Male,32,3,4,Research Director,1,Married,16328,22074,3,No,13,3,3,1,24,1,4,20,6,14,17,Stayed,0.08951254811860841,Low,Low job satisfaction; Long period since promotion; Long distance from home
EMP-1080,39,0,Travel_Rarely,1089,Research & Development,6,3,Life Sciences,2,Female,32,3,3,Manufacturing Director,2,Single,8376,9150,4,No,18,3,4,0,9,3,3,2,0,2,2,Stayed,0.23204990600373931,Low,Low job satisfaction; Low environment satisfaction; No stock options
EMP-1081,46,0,Travel_Rarely,228,Sales,3,3,Life Sciences,3,Female,51,3,4,Manager,2,Married,16606,11380,8,No,12,3,4,1,23,2,4,13,12,5,1,Stayed,0.22571017042484595,Low,Low job satisfaction; Long period since promotion
EMP-1082,35,0,Travel_Rarely,1029,Research & Development,16,3,Life Sciences,4,Female,91,2,3,Healthcare Representative,2,Single,8606,21195,1,No,19,3,4,0,11,3,1,11,8,3,3,Stayed,0.16401524495739173,Low,Low job satisfaction; Low work-life balance; Long distance from home; No stock options
EMP-1083,23,0,Travel_Rarely,507,Research & Development,20,1,Life Sciences,1,Male,97,3,2,Laboratory Technician,3,Single,2272,24812,0,No,14,3,2,0,5,2,3,4,3,1,2,Stayed,0.7978715075193769,High,Low environment satisfaction; Long distance from home; No stock options; Income below workforce median
EMP-1084,40,1,Travel_Rarely,676,Research & Development,9,4,Life Sciences,4,Male,86,3,1,Laboratory Technician,1,Single,2018,21831,3,No,14,3,2,0,15,3,1,5,4,1,0,Left,0.5210545578311102,Medium,Low job satisfaction; Low work-life balance; No stock options; Income below workforce median
EMP-1085,34,0,Travel_Rarely,971,Sales,1,3,Technical Degree,4,Male,64,2,3,Sales Executive,3,Married,7083,12288,1,Yes,14,3,4,0,10,3,3,10,9,8,6,Stayed,0.7687977696429141,High,Works overtime; Long period since promotion; No stock options
EMP-1086,31,1,Travel_Frequently,561,Research & Development,3,3,Life Sciences,4,Female,33,3,1,Research Scientist,3,Single,4084,4156,1,No,12,3,1,0,7,2,1,7,2,7,7,Left,0.4820384858045438,Medium,Low work-life balance; Long period since promotion; Frequent business travel; No stock options
EMP-1087,50,0,Travel_Frequently,333,Research & Development,22,5,Medical,3,Male,88,1,4,Research Director,4,Single,14411,24450,1,Yes,13,3,4,0,32,2,3,32,6,13,9,Stayed,0.67787117368861,High,Works overtime; Long period since promotion; Frequent business travel; Long distance from home
EMP-1088,34,0,Travel_Rarely,1440,Sales,7,2,Technical Degree,2,Male,55,3,1,Sales Representative,3,Married,2308,4944,0,Yes,25,4,2,1,12,4,3,11,10,5,7,Stayed,0.5889319522367462,Medium,Works overtime; Low environment satisfaction; Long period since promotion; Income below workforce median
EMP-1089,42,0,Travel_Rarely,1210,Research & Development,2,3,Medical,3,Male,68,2,1,Laboratory Technician,2,Married,4841,24052,4,No,14,3,2,1,4,3,3,1,0,0,0,Stayed,0.5335715850502809,Medium,Low job satisfaction; Income below workforce median
EMP-1090,37,0,Travel_Rarely,674,Research & Development,13,3,Medical,1,Male,47,3,2,Research Scientist,4,Married,4285,3031,1,No,17,3,1,0,10,2,3,10,8,3,7,Stayed,0.24645028609680458,Low,Low environment satisfaction; No stock options; Income below workforce median
EMP-1091,29,0,Travel_Rarely,441,Research & Development,8,1,Other,3,Female,39,1,2,Healthcare Representative,1,Married,9715,7288,3,No,13,3,3,1,9,3,3,7,7,0,7,Stayed,0.08948734987391915,Low,Low job satisfaction
EMP-1092,33,0,Travel_Rarely,575,Research & Development,25,3,Life Sciences,4,Male,44,2,2,Manufacturing Director,2,Single,4320,24152,1,No,13,3,4,0,5,2,3,5,3,0,2,Stayed,0.32679707958957843,Medium,Low job satisfaction; Long distance from home; No stock options; Income below workforce median
EMP-1093,45,0,Travel_Rarely,950,Research & Development,28,3,Technical Degree,4,Male,97,3,1,Research Scientist,4,Married,2132,4585,4,No,20,4,4,1,8,3,3,5,4,0,3,Stayed,0.07865738414514303,Low,Long distance from home; Income below workforce median
EMP-1094,42,0,Travel_Frequently,288,Research & Development,2,3,Life Sciences,4,Male,40,3,3,Healthcare Representative,4,Married,10124,18611,2,Yes,14,3,3,1,24,3,1,20,8,13,9,Stayed,0.464589744469972,Medium,Works overtime; Low work-life balance; Long period since promotion; Frequent business travel
EMP-1095,40,0,Travel_Rarely,1342,Sales,9,2,Medical,1,Male,47,3,2,Sales Executive,1,Married,5473,19345,0,No,12,3,4,0,9,5,4,8,4,7,1,Stayed,0.48007175927597767,Medium,Low job satisfaction; Low environment satisfaction; Long period since promotion; No stock options
EMP-1096,33,0,Travel_Rarely,589,Research & Development,28,4,Life Sciences,2,Male,79,3,2,Laboratory Technician,3,Married,5207,22949,1,Yes,12,3,2,1,15,3,3,15,14,5,7,Stayed,0.8110243400046884,High,Works overtime; Low environment satisfaction; Long period since promotion; Long distance from home
EMP-1097,40,0,Travel_Rarely,898,Human Resources,6,2,Medical,3,Male,38,3,4,Manager,4,Single,16437,17381,1,Yes,21,4,4,0,21,2,3,21,7,7,7,Stayed,0.23544823953282382,Low,Works overtime; Long period since promotion; No stock options
EMP-1098,24,0,Travel_Rarely,350,Research & Development,21,2,Technical Degree,3,Male,57,2,1,Laboratory Technician,1,Divorced,2296,10036,0,No,14,3,2,3,2,3,3,1,1,0,0,Stayed,0.7385839986086689,High,Low job satisfaction; Long distance from home; Income below workforce median
EMP-1099,40,0,Non-Travel,1142,Research & Development,8,2,Life Sciences,4,Male,72,3,2,Healthcare Representative,4,Divorced,4069,8841,3,Yes,18,3,3,0,8,2,3,2,2,2,2,Stayed,0.05970238099544929,Low,Works overtime; No stock options; Income below workforce median
EMP-1100,45,0,Travel_Rarely,538,Research & Development,1,4,Technical Degree,1,Male,66,3,3,Healthcare Representative,2,Divorced,7441,20933,1,No,12,3,1,3,10,4,3,10,8,7,7,Stayed,0.17410720445022332,Low,Low job satisfaction; Low environment satisfaction; Long period since promotion
EMP-1101,35,0,Travel_Rarely,1402,Sales,28,4,Life Sciences,2,Female,98,2,1,Sales Representative,3,Married,2430,26204,0,No,23,4,1,2,6,5,3,5,3,4,2,Stayed,0.47767644846236207,Medium,Low environment satisfaction; Long period since promotion; Long distance from home; Income below workforce median
EMP-1102,32,0,Travel_Rarely,824,Research & Development,5,2,Life Sciences,4,Female,67,2,2,Research Scientist,2,Married,5878,15624,3,No,12,3,1,1,12,2,3,7,1,2,5,Stayed,0.21133711228399685,Low,Low job satisfaction
EMP-1103,36,0,Travel_Rarely,1157,Sales,2,4,Life Sciences,3,Male,70,3,1,Sales Representative,4,Single,2644,17001,3,Yes,21,4,4,0,7,3,2,3,2,1,2,Stayed,0.6509783094915688,High,Works overtime; Low work-life balance; No stock options; Income below workforce median
EMP-1104,48,0,Travel_Rarely,492,Sales,16,4,Life Sciences,3,Female,96,3,2,Sales Executive,3,Divorced,6439,13693,8,No,14,3,3,1,18,2,3,8,7,7,7,Stayed,0.2847941974521568,Low,Long period since promotion; Long distance from home
EMP-1105,29,0,Travel_Rarely,598,Research & Development,9,3,Life Sciences,3,Male,91,4,1,Research Scientist,3,Married,2451,22376,6,No,18,3,1,2,5,2,2,1,0,0,0,Stayed,0.1911673654270887,Low,Low work-life balance; Income below workforce median
EMP-1106,33,0,Travel_Rarely,1242,Sales,8,4,Life Sciences,1,Male,46,3,2,Sales Executive,1,Married,6392,10589,2,No,13,3,4,1,8,6,1,2,2,2,2,Stayed,0.45118378493725037,Medium,Low job satisfaction; Low environment satisfaction; Low work-life balance
EMP-1107,30,1,Travel_Rarely,740,Sales,1,3,Life Sciences,2,Male,64,2,2,Sales Executive,1,Married,9714,5323,1,No,11,3,4,1,10,4,3,10,8,6,7,Left,0.3114951510358583,Medium,Low job satisfaction; Low environment satisfaction; Long period since promotion
EMP-1108,38,0,Travel_Frequently,888,Human Resources,10,4,Human Resources,3,Male,71,3,2,Human Resources,3,Married,6077,14814,3,No,11,3,3,0,10,2,3,6,3,1,2,Stayed,0.6530461619729858,High,Frequent business travel; No stock options
EMP-1109,35,0,Travel_Rarely,992,Research & Development,1,3,Medical,4,Male,68,2,1,Laboratory Technician,1,Single,2450,21731,1,No,19,3,2,0,3,3,3,3,0,1,2,Stayed,0.45534544518560743,Medium,Low job satisfaction; No stock options; Income below workforce median
EMP-1110,30,0,Travel_Rarely,1288,Sales,29,4,Technical Degree,3,Male,33,3,3,Sales Executive,2,Married,9250,17799,3,No,12,3,2,1,9,3,3,4,2,1,3,Stayed,0.7194208069363137,High,Low job satisfaction; Long distance from home
EMP-1111,35,1,Travel_Rarely,104,Research & Development,2,3,Life Sciences,1,Female,69,3,1,Laboratory Technician,1,Divorced,2074,26619,1,Yes,12,3,4,1,1,2,3,1,0,0,0,Left,0.9472923188563728,High,Works overtime; Low job satisfaction; Low environment satisfaction; Income below workforce median
EMP-1112,53,1,Travel_Rarely,607,Research & Development,2,5,Technical Degree,3,Female,78,2,3,Manufacturing Director,4,Married,10169,14618,0,No,16,3,2,1,34,4,3,33,7,1,9,Left,0.012844296629364203,Low,No prominent rule-based indicators
EMP-1113,38,1,Travel_Rarely,903,Research & Development,2,3,Medical,3,Male,81,3,2,Manufacturing Director,2,Married,4855,7653,4,No,11,3,1,2,7,2,3,5,2,1,4,Left,0.13523683528637653,Low,Low job satisfaction; Income below workforce median
EMP-1114,32,0,Non-Travel,1200,Research & Development,1,4,Technical Degree,4,Male,62,3,2,Research Scientist,1,Married,4087,25174,4,No,14,3,2,1,9,3,2,6,5,1,2,Stayed,0.1373480151824131,Low,Low job satisfaction; Low work-life balance; Income below workforce median
EMP-1115,48,0,Travel_Rarely,1108,Research & Development,15,4,Other,3,Female,65,3,1,Research Scientist,1,Married,2367,16530,8,No,12,3,4,1,10,3,2,8,2,7,6,Stayed,0.2612162524483895,Low,Low job satisfaction; Low work-life balance; Long period since promotion; Long distance from home
EMP-1116,34,0,Travel_Rarely,479,Research & Development,7,4,Medical,1,Male,35,3,1,Research Scientist,4,Single,2972,22061,1,No,13,3,3,0,1,4,1,1,0,0,0,Stayed,0.6933826476112268,High,Low environment satisfaction; Low work-life balance; No stock options; Income below workforce median
EMP-1117,55,0,Travel_Rarely,685,Sales,26,5,Marketing,3,Male,60,2,5,Manager,4,Married,19586,23037,1,No,21,4,3,1,36,3,3,36,6,2,13,Stayed,0.03858932076048818,Low,Long distance from home
EMP-1118,34,0,Travel_Rarely,1351,Research & Development,1,4,Life Sciences,2,Male,45,3,2,Research Scientist,4,Married,5484,13008,9,No,17,3,2,1,9,3,2,2,2,2,1,Stayed,0.29697801903907617,Low,Low environment satisfaction; Low work-life balance
EMP-1119,26,0,Travel_Rarely,474,Research & Development,3,3,Life Sciences,1,Female,89,3,1,Research Scientist,4,Married,2061,11133,1,No,21,4,1,0,1,5,3,1,0,0,0,Stayed,0.47208136546703233,Medium,Low environment satisfaction; No stock options; Income below workforce median
EMP-1120,38,0,Travel_Rarely,1245,Sales,14,3,Life Sciences,3,Male,80,3,2,Sales Executive,2,Married,9924,12355,0,No,11,3,4,1,10,3,3,9,8,7,7,Stayed,0.12215319288723023,Low,Low job satisfaction; Long period since promotion
EMP-1121,38,0,Travel_Rarely,437,Sales,16,3,Life Sciences,2,Female,90,3,2,Sales Executive,2,Single,4198,16379,2,No,12,3,2,0,8,5,4,3,2,1,2,Stayed,0.45823134668947035,Medium,Low job satisfaction; Low environment satisfaction; Long distance from home; No stock options
EMP-1122,36,0,Travel_Rarely,884,Sales,1,4,Life Sciences,2,Female,73,3,2,Sales Executive,3,Single,6815,21447,6,No,13,3,1,0,15,5,3,1,0,0,0,Stayed,0.3914955929607151,Medium,Low environment satisfaction; No stock options
EMP-1123,29,0,Travel_Rarely,1370,Research & Development,3,1,Medical,2,Male,87,3,1,Laboratory Technician,1,Single,4723,16213,1,Yes,18,3,4,0,10,3,3,10,9,1,5,Stayed,0.4853143258425628,Medium,Works overtime; Low job satisfaction; Low environment satisfaction; No stock options
EMP-1124,35,0,Travel_Rarely,670,Research & Development,10,4,Medical,1,Female,51,3,2,Healthcare Representative,3,Single,6142,4223,3,Yes,16,3,3,0,10,4,3,5,2,0,4,Stayed,0.4858520679279469,Medium,Works overtime; Low environment satisfaction; No stock options
EMP-1125,39,0,Travel_Rarely,1462,Sales,6,3,Medical,4,Male,38,4,3,Sales Executive,3,Married,8237,4658,2,No,11,3,1,1,11,3,3,7,6,7,6,Stayed,0.15043917483576813,Low,Long period since promotion
EMP-1126,29,0,Travel_Frequently,995,Research & Development,2,1,Life Sciences,1,Male,87,3,2,Healthcare Representative,4,Divorced,8853,24483,1,No,19,3,4,1,6,0,4,6,4,1,3,Stayed,0.08334343856991831,Low,Low environment satisfaction; Frequent business travel
EMP-1127,50,0,Travel_Rarely,264,Sales,9,3,Marketing,3,Male,59,3,5,Manager,3,Married,19331,19519,4,Yes,16,3,3,1,27,2,3,1,0,0,0,Stayed,0.41019879795850545,Medium,Works overtime
EMP-1128,23,0,Travel_Rarely,977,Research & Development,10,3,Technical Degree,4,Male,45,4,1,Research Scientist,3,Married,2073,12826,2,No,16,3,4,1,4,2,3,2,2,2,2,Stayed,0.08218778372249302,Low,Income below workforce median
EMP-1129,36,0,Travel_Frequently,1302,Research & Development,6,4,Life Sciences,1,Male,80,4,2,Laboratory Technician,1,Married,5562,19711,3,Yes,13,3,4,1,9,3,3,3,2,0,2,Stayed,0.8611272180313484,High,Works overtime; Low job satisfaction; Low environment satisfaction; Frequent business travel
EMP-1130,42,0,Travel_Rarely,1059,Research & Development,9,2,Other,4,Male,93,2,5,Manager,4,Single,19613,26362,8,No,22,4,4,0,24,2,3,1,0,0,1,Stayed,0.0465707673194514,Low,No stock options
EMP-1131,35,0,Travel_Rarely,750,Research & Development,28,3,Life Sciences,2,Male,46,4,2,Laboratory Technician,3,Married,3407,25348,1,No,17,3,4,2,10,3,2,10,9,6,8,Stayed,0.23957365439740042,Low,Low environment satisfaction; Low work-life balance; Long period since promotion; Long distance from home
EMP-1132,34,0,Travel_Frequently,653,Research & Development,10,4,Technical Degree,4,Male,92,2,2,Healthcare Representative,3,Married,5063,15332,1,No,14,3,2,1,8,3,2,8,2,7,7,Stayed,0.39246255790149154,Medium,Low work-life balance; Long period since promotion; Frequent business travel
EMP-1133,40,0,Travel_Rarely,118,Sales,14,2,Life Sciences,4,Female,84,3,2,Sales Executive,1,Married,4639,11262,1,No,15,3,3,1,5,2,3,5,4,1,2,Stayed,0.3332267618248686,Medium,Low job satisfaction; Income below workforce median
EMP-1134,43,0,Travel_Rarely,990,Research & Development,27,3,Technical Degree,4,Male,87,4,1,Laboratory Technician,2,Divorced,4876,5855,5,No,12,3,3,1,8,0,3,6,4,0,2,Stayed,0.4784215103523632,Medium,Low job satisfaction; Long distance from home; Income below workforce median
EMP-1135,35,0,Travel_Rarely,1349,Research & Development,7,2,Life Sciences,3,Male,63,2,1,Laboratory Technician,4,Married,2690,7713,1,No,18,3,4,1,1,5,2,1,0,0,1,Stayed,0.3107840752861128,Medium,Low work-life balance; Income below workforce median
EMP-1136,46,0,Travel_Rarely,563,Sales,1,4,Life Sciences,4,Male,56,4,4,Manager,1,Single,17567,3156,1,No,15,3,2,0,27,5,1,26,0,0,12,Stayed,0.03976212484198648,Low,Low job satisfaction; Low work-life balance; No stock options
EMP-1137,28,1,Travel_Rarely,329,Research & Development,24,3,Medical,3,Male,51,3,1,Laboratory Technician,2,Married,2408,7324,1,Yes,17,3,3,3,1,3,3,1,1,0,0,Left,0.8438806668323247,High,Works overtime; Low job satisfaction; Long distance from home; Income below workforce median
EMP-1138,22,0,Non-Travel,457,Research & Development,26,2,Other,2,Female,85,2,1,Research Scientist,3,Married,2814,10293,1,Yes,14,3,2,0,4,2,2,4,2,1,3,Stayed,0.63608409679392,High,Works overtime; Low environment satisfaction; Low work-life balance; Long distance from home
EMP-1139,50,0,Travel_Frequently,1234,Research & Development,20,5,Medical,2,Male,41,3,4,Healthcare Representative,3,Married,11245,20689,2,Yes,15,3,3,1,32,3,3,30,8,12,13,Stayed,0.5444502858986814,Medium,Works overtime; Low environment satisfaction; Long period since promotion; Frequent business travel
EMP-1140,32,0,Travel_Rarely,634,Research & Development,5,4,Other,2,Female,35,4,1,Research Scientist,4,Married,3312,18783,3,No,17,3,4,2,6,3,3,3,2,0,2,Stayed,0.016263488319799013,Low,Low environment satisfaction; Income below workforce median
EMP-1141,44,0,Travel_Rarely,1313,Research & Development,7,3,Medical,2,Female,31,3,5,Research Director,4,Divorced,19049,3549,0,Yes,14,3,4,1,23,4,2,22,7,1,10,Stayed,0.021598807240338372,Low,Works overtime; Low environment satisfaction; Low work-life balance
EMP-1142,30,0,Travel_Rarely,241,Research & Development,7,3,Medical,2,Male,48,2,1,Research Scientist,2,Married,2141,5348,1,No,12,3,2,1,6,3,2,6,4,1,1,Stayed,0.4520050575462871,Medium,Low job satisfaction; Low environment satisfaction; Low work-life balance; Income below workforce median
EMP-1143,45,0,Travel_Rarely,1015,Research & Development,5,5,Medical,3,Female,50,1,2,Laboratory Technician,1,Single,5769,23447,1,Yes,14,3,1,0,10,3,3,10,7,1,4,Stayed,0.8954401953572285,High,Works overtime; Low job satisfaction; No stock options
EMP-1144,45,0,Non-Travel,336,Sales,26,3,Marketing,1,Male,52,2,2,Sales Executive,1,Married,4385,24162,1,No,15,3,1,1,10,2,3,10,7,4,5,Stayed,0.5895980142091796,Medium,Low job satisfaction; Low environment satisfaction; Long period since promotion; Long distance from home
EMP-1145,31,0,Travel_Frequently,715,Sales,2,4,Other,4,Male,54,3,2,Sales Executive,1,Single,5332,21602,7,No,13,3,4,0,10,3,3,5,2,0,3,Stayed,0.4101999077251038,Medium,Low job satisfaction; Frequent business travel; No stock options
EMP-1146,36,0,Travel_Rarely,559,Research & Development,12,4,Life Sciences,3,Female,76,3,2,Manufacturing Director,3,Married,4663,12421,9,Yes,12,3,2,2,7,2,3,3,2,1,1,Stayed,0.7188594161330938,High,Works overtime; Income below workforce median
EMP-1147,34,0,Travel_Frequently,426,Research & Development,10,4,Life Sciences,3,Male,42,4,2,Manufacturing Director,4,Divorced,4724,17000,1,No,13,3,1,1,9,3,3,9,7,7,2,Stayed,0.24864978288276615,Low,Long period since promotion; Frequent business travel; Income below workforce median
EMP-1148,49,0,Travel_Rarely,722,Research & Development,25,4,Life Sciences,3,Female,84,3,1,Laboratory Technician,1,Married,3211,22102,1,No,14,3,4,1,10,3,2,9,6,1,4,Stayed,0.2708135684103096,Low,Low job satisfaction; Low work-life balance; Long distance from home; Income below workforce median
EMP-1149,39,0,Travel_Rarely,1387,Research & Development,10,5,Medical,2,Male,76,3,2,Manufacturing Director,1,Married,5377,3835,2,No,13,3,4,3,10,3,3,7,7,7,7,Stayed,0.04998724912395981,Low,Low job satisfaction; Low environment satisfaction; Long period since promotion
EMP-1150,27,0,Travel_Rarely,1302,Research & Development,19,3,Other,4,Male,67,2,1,Laboratory Technician,1,Divorced,4066,16290,1,No,11,3,1,2,7,3,3,7,7,0,7,Stayed,0.1365713539789591,Low,Low job satisfaction; Long distance from home; Income below workforce median
EMP-1151,35,0,Travel_Rarely,819,Research & Development,18,5,Life Sciences,2,Male,48,4,2,Research Scientist,1,Married,5208,26312,1,No,11,3,4,0,16,2,3,16,15,1,10,Stayed,0.08025642905201207,Low,Low job satisfaction; Low environment satisfaction; Long distance from home; No stock options
EMP-1152,28,0,Travel_Rarely,580,Research & Development,27,3,Medical,2,Female,39,1,2,Manufacturing Director,1,Divorced,4877,20460,0,No,21,4,2,1,6,5,2,5,3,0,0,Stayed,0.6966164328821719,High,Low job satisfaction; Low environment satisfaction; Low work-life balance; Long distance from home
EMP-1153,21,0,Travel_Rarely,546,Research & Development,5,1,Medical,3,Male,97,3,1,Research Scientist,4,Single,3117,26009,1,No,18,3,3,0,3,2,3,2,2,2,2,Stayed,0.13947279392394232,Low,No stock options; Income below workforce median
EMP-1154,18,1,Travel_Frequently,544,Sales,3,2,Medical,2,Female,70,3,1,Sales Representative,4,Single,1569,18420,1,Yes,12,3,3,0,0,2,4,0,0,0,0,Left,0.9840887243994492,High,Works overtime; Low environment satisfaction; Frequent business travel; No stock options
EMP-1155,47,0,Travel_Rarely,1176,Human Resources,26,4,Life Sciences,4,Female,98,3,5,Manager,3,Married,19658,5220,3,No,11,3,3,1,27,2,3,5,2,1,0,Stayed,0.05356673925261422,Low,Long distance from home
EMP-1156,39,0,Travel_Rarely,170,Research & Development,3,2,Medical,3,Male,76,2,2,Laboratory Technician,3,Divorced,3069,10302,0,No,15,3,4,1,11,3,3,10,8,0,7,Stayed,0.11161379700939149,Low,Income below workforce median
EMP-1157,40,0,Travel_Rarely,884,Research & Development,15,3,Life Sciences,1,Female,80,2,3,Manufacturing Director,3,Married,10435,25800,1,No,13,3,4,2,18,2,3,18,15,14,12,Stayed,0.14566538960504347,Low,Low environment satisfaction; Long period since promotion; Long distance from home
EMP-1158,35,0,Non-Travel,208,Research & Development,8,4,Life Sciences,3,Female,52,3,2,Healthcare Representative,3,Married,4148,12250,1,No,12,3,4,1,15,5,3,14,11,2,9,Stayed,0.005597650050948836,Low,Income below workforce median
EMP-1159,37,0,Travel_Rarely,671,Research & Development,19,3,Life Sciences,3,Male,85,3,2,Manufacturing Director,3,Married,5768,26493,3,No,17,3,1,3,9,2,2,4,3,0,2,Stayed,0.07843759305339973,Low,Low work-life balance; Long distance from home
EMP-1160,39,0,Travel_Frequently,711,Research & Development,4,3,Medical,1,Female,81,3,2,Manufacturing Director,3,Single,5042,3140,0,No,13,3,4,0,10,2,1,9,2,3,8,Stayed,0.3073264229267413,Medium,Low environment satisfaction; Low work-life balance; Frequent business travel; No stock options
EMP-1161,45,0,Travel_Rarely,1329,Research & Development,2,2,Other,4,Female,59,2,2,Manufacturing Director,4,Divorced,5770,5388,1,No,19,3,1,2,10,3,3,10,7,3,9,Stayed,0.0040732298468477545,Low,No prominent rule-based indicators
EMP-1162,38,0,Travel_Rarely,397,Research & Development,2,2,Medical,4,Female,54,2,3,Manufacturing Director,3,Married,7756,14199,3,Yes,19,3,4,1,10,6,4,5,4,0,2,Stayed,0.1607284277277759,Low,Works overtime
EMP-1163,35,1,Travel_Rarely,737,Sales,10,3,Medical,4,Male,55,2,3,Sales Executive,1,Married,10306,21530,9,No,17,3,3,0,15,3,3,13,12,6,0,Left,0.8010690065321063,High,Low job satisfaction; Long period since promotion; No stock options
EMP-1164,37,0,Travel_Rarely,1470,Research & Development,10,3,Medical,2,Female,71,3,1,Research Scientist,2,Married,3936,9953,1,No,11,3,1,1,8,2,1,8,4,7,7,Stayed,0.3429112012942982,Medium,Low job satisfaction; Low environment satisfaction; Low work-life balance; Long period since promotion
EMP-1165,40,0,Travel_Rarely,448,Research & Development,16,3,Life Sciences,3,Female,84,3,3,Manufacturing Director,4,Single,7945,19948,6,Yes,15,3,4,0,18,2,2,4,2,3,3,Stayed,0.5502735162744029,Medium,Works overtime; Low work-life balance; Long distance from home; No stock options
EMP-1166,44,0,Travel_Frequently,602,Human Resources,1,5,Human Resources,1,Male,37,3,2,Human Resources,4,Married,5743,10503,4,Yes,11,3,3,0,14,3,3,10,7,0,2,Stayed,0.8856282064257882,High,Works overtime; Low environment satisfaction; Frequent business travel; No stock options
EMP-1167,48,0,Travel_Frequently,365,Research & Development,4,5,Medical,3,Male,89,2,4,Manager,4,Married,15202,5602,2,No,25,4,2,1,23,3,3,2,2,2,2,Stayed,0.06000301195812748,Low,Frequent business travel
EMP-1168,35,1,Travel_Rarely,763,Sales,15,2,Medical,1,Male,59,1,2,Sales Executive,4,Divorced,5440,22098,6,Yes,14,3,4,2,7,2,2,2,2,2,2,Left,0.8950586288452026,High,Works overtime; Low environment satisfaction; Low work-life balance; Long distance from home
EMP-1169,24,0,Travel_Frequently,567,Research & Development,2,1,Technical Degree,1,Female,32,3,1,Research Scientist,4,Single,3760,17218,1,Yes,13,3,3,0,6,2,3,6,3,1,3,Stayed,0.8377705643642517,High,Works overtime; Low environment satisfaction; Frequent business travel; No stock options
EMP-1170,27,0,Travel_Rarely,486,Research & Development,8,3,Medical,2,Female,86,4,1,Research Scientist,3,Married,3517,22490,7,No,17,3,1,0,5,0,3,3,2,0,2,Stayed,0.5122234617422418,Medium,Low environment satisfaction; No stock options; Income below workforce median
EMP-1171,27,0,Travel_Frequently,591,Research & Development,2,3,Medical,4,Male,87,3,1,Research Scientist,4,Single,2580,6297,2,No,13,3,3,0,6,0,2,4,2,1,2,Stayed,0.2506631492097074,Low,Low work-life balance; Frequent business travel; No stock options; Income below workforce median
EMP-1172,40,1,Travel_Rarely,1329,Research & Development,7,3,Life Sciences,1,Male,73,3,1,Laboratory Technician,1,Single,2166,3339,3,Yes,14,3,2,0,10,3,1,4,2,0,3,Left,0.9118948862554341,High,Works overtime; Low job satisfaction; Low environment satisfaction; Low work-life balance
EMP-1173,29,0,Travel_Rarely,469,Sales,10,3,Medical,3,Male,42,2,2,Sales Executive,3,Single,5869,23413,9,No,11,3,3,0,8,2,3,5,2,1,4,Stayed,0.792942624872682,High,No stock options
EMP-1174,36,0,Travel_Rarely,711,Research & Development,5,4,Life Sciences,2,Female,42,3,3,Healthcare Representative,1,Married,8008,22792,4,No,12,3,3,2,9,6,3,3,2,0,2,Stayed,0.150180591172178,Low,Low job satisfaction; Low environment satisfaction
EMP-1175,25,0,Travel_Frequently,772,Research & Development,2,1,Life Sciences,4,Male,77,4,2,Manufacturing Director,3,Divorced,5206,4973,1,No,17,3,3,2,7,6,3,7,7,0,7,Stayed,0.011016953304147278,Low,Frequent business travel
EMP-1176,39,0,Travel_Rarely,492,Research & Development,12,3,Medical,4,Male,66,3,2,Manufacturing Director,2,Married,5295,7693,4,No,21,4,3,0,7,3,3,5,4,1,0,Stayed,0.2463778188885492,Low,Low job satisfaction; No stock options
EMP-1177,49,0,Travel_Rarely,301,Research & Development,22,4,Other,1,Female,72,3,4,Research Director,2,Married,16413,3498,3,No,16,3,2,2,27,2,3,4,2,1,2,Stayed,0.019999131557154003,Low,Low job satisfaction; Low environment satisfaction; Long distance from home
EMP-1178,50,0,Travel_Rarely,813,Research & Development,17,5,Life Sciences,4,Female,50,2,3,Research Director,1,Divorced,13269,21981,5,No,15,3,3,3,19,3,3,14,11,1,11,Stayed,0.004615300566484283,Low,Low job satisfaction; Long distance from home
EMP-1179,20,0,Travel_Rarely,1141,Sales,2,3,Medical,3,Female,31,3,1,Sales Representative,3,Single,2783,13251,1,No,19,3,1,0,2,3,3,2,2,2,2,Stayed,0.6152333047212768,High,No stock options; Income below workforce median
EMP-1180,34,0,Travel_Rarely,1130,Research & Development,3,3,Life Sciences,4,Female,66,3,2,Research Scientist,2,Divorced,5433,19332,1,No,12,3,3,1,11,2,3,11,8,7,9,Stayed,0.06435177239833353,Low,Low job satisfaction; Long period since promotion
EMP-1181,36,0,Travel_Rarely,311,Research & Development,7,3,Life Sciences,1,Male,77,3,1,Laboratory Technician,2,Single,2013,10950,2,No,11,3,3,0,15,4,3,4,3,1,3,Stayed,0.47060653134142916,Medium,Low job satisfaction; Low environment satisfaction; No stock options; Income below workforce median
EMP-1182,49,0,Travel_Rarely,465,Research & Development,6,1,Life Sciences,3,Female,41,2,4,Healthcare Representative,3,Married,13966,11652,2,Yes,19,3,2,1,30,3,3,15,11,2,12,Stayed,0.03947333463099344,Low,Works overtime
EMP-1183,36,0,Non-Travel,894,Research & Development,1,4,Medical,4,Female,33,2,2,Manufacturing Director,3,Married,4374,15411,0,No,15,3,3,0,4,6,3,3,2,1,2,Stayed,0.03430428494566385,Low,No stock options; Income below workforce median
EMP-1184,36,0,Travel_Rarely,1040,Research & Development,3,2,Life Sciences,4,Male,79,4,2,Healthcare Representative,1,Divorced,6842,26308,6,No,20,4,1,1,13,3,3,5,4,0,4,Stayed,0.04682273838793104,Low,Low job satisfaction
EMP-1185,54,0,Travel_Rarely,584,Research & Development,22,5,Medical,2,Female,91,3,4,Manager,3,Married,17426,18685,3,No,25,4,3,1,36,6,3,10,8,4,7,Stayed,0.013583396252023084,Low,Low environment satisfaction; Long period since promotion; Long distance from home
EMP-1186,43,0,Travel_Rarely,1291,Research & Development,15,2,Life Sciences,3,Male,65,2,4,Research Director,3,Married,17603,3525,1,No,24,4,1,1,14,3,3,14,10,6,11,Stayed,0.02243892799764459,Low,Long period since promotion; Long distance from home
EMP-1187,35,1,Travel_Frequently,880,Sales,12,4,Other,4,Male,36,3,2,Sales Executive,4,Single,4581,10414,3,Yes,24,4,1,0,13,2,4,11,9,6,7,Left,0.49100663957697666,Medium,Works overtime; Long period since promotion; Frequent business travel; No stock options
EMP-1188,38,0,Travel_Frequently,1189,Research & Development,1,3,Life Sciences,4,Male,90,3,2,Research Scientist,4,Married,4735,9867,7,No,15,3,4,2,19,4,4,13,11,2,9,Stayed,0.01073293254252364,Low,Frequent business travel; Income below workforce median
EMP-1189,29,0,Travel_Rarely,991,Sales,5,3,Medical,1,Male,43,2,2,Sales Executive,2,Divorced,4187,3356,1,Yes,13,3,2,1,10,3,2,10,0,0,9,Stayed,0.7838935335710382,High,Works overtime; Low job satisfaction; Low environment satisfaction; Low work-life balance
EMP-1190,33,0,Travel_Rarely,392,Sales,2,4,Medical,4,Male,93,3,2,Sales Executive,4,Divorced,5505,3921,1,No,14,3,3,2,6,5,3,6,2,0,4,Stayed,0.04568165477681461,Low,No prominent rule-based indicators
EMP-1191,32,0,Travel_Rarely,977,Research & Development,2,3,Medical,4,Male,45,3,2,Research Scientist,2,Divorced,5470,25518,0,No,13,3,3,2,10,4,2,9,5,1,6,Stayed,0.02986766674176945,Low,Low job satisfaction; Low work-life balance
EMP-1192,31,0,Travel_Rarely,1112,Sales,5,4,Life Sciences,1,Female,67,3,2,Sales Executive,4,Married,5476,22589,1,No,11,3,1,2,10,2,3,10,0,0,2,Stayed,0.22553724160879648,Low,Low environment satisfaction
EMP-1193,49,0,Travel_Rarely,464,Research & Development,16,3,Medical,4,Female,74,3,1,Laboratory Technician,1,Divorced,2587,24941,4,Yes,16,3,2,1,17,2,2,2,2,2,2,Stayed,0.704903133794743,High,Works overtime; Low job satisfaction; Low work-life balance; Long distance from home
EMP-1194,38,0,Travel_Frequently,148,Research & Development,2,3,Medical,4,Female,42,2,1,Laboratory Technician,2,Single,2440,23826,1,No,22,4,2,0,4,3,3,4,3,3,3,Stayed,0.6603007033576537,High,Low job satisfaction; Frequent business travel; No stock options; Income below workforce median
EMP-1195,47,0,Travel_Rarely,1225,Sales,2,4,Life Sciences,2,Female,47,4,4,Manager,2,Divorced,15972,21086,6,No,14,3,3,3,29,2,3,3,2,1,2,Stayed,0.023661461099513188,Low,Low job satisfaction; Low environment satisfaction
EMP-1196,49,0,Travel_Rarely,809,Research & Development,1,3,Life Sciences,3,Male,36,3,4,Manager,3,Single,15379,22384,4,No,14,3,1,0,23,2,3,8,7,0,0,Stayed,0.08135274263925493,Low,No stock options
EMP-1197,41,0,Travel_Rarely,1206,Sales,23,2,Life Sciences,4,Male,80,3,3,Sales Executive,3,Single,7082,11591,3,Yes,16,3,4,0,21,2,3,2,0,0,2,Stayed,0.4213368062190607,Medium,Works overtime; Long distance from home; No stock options
EMP-1198,20,0,Travel_Rarely,727,Sales,9,1,Life Sciences,4,Male,54,3,1,Sales Representative,1,Single,2728,21082,1,No,11,3,1,0,2,3,3,2,2,0,2,Stayed,0.812596882094276,High,Low job satisfaction; No stock options; Income below workforce median
EMP-1199,33,0,Non-Travel,530,Sales,16,3,Life Sciences,3,Female,36,3,2,Sales Executive,4,Divorced,5368,16130,1,Yes,25,4,3,1,7,2,3,6,5,1,2,Stayed,0.25020621945507565,Low,Works overtime; Long distance from home
EMP-1200,36,0,Travel_Rarely,1351,Research & Development,26,4,Life Sciences,1,Male,80,3,2,Healthcare Representative,3,Married,5347,7419,6,No,14,3,2,2,10,2,2,3,2,0,2,Stayed,0.2633732204599247,Low,Low environment satisfaction; Low work-life balance; Long distance from home
EMP-1201,44,0,Travel_Rarely,528,Human Resources,1,3,Life Sciences,3,Female,44,3,1,Human Resources,4,Divorced,3195,4167,4,Yes,18,3,1,3,8,2,3,2,2,2,2,Stayed,0.1561367572554828,Low,Works overtime; Income below workforce median
EMP-1202,23,1,Travel_Rarely,1320,Research & Development,8,1,Medical,4,Male,93,2,1,Laboratory Technician,3,Single,3989,20586,1,Yes,11,3,1,0,5,2,3,5,4,1,2,Left,0.8300877975127874,High,Works overtime; No stock options; Income below workforce median
EMP-1203,38,0,Travel_Rarely,1495,Research & Development,4,2,Medical,4,Female,87,3,1,Laboratory Technician,3,Married,3306,26176,7,No,19,3,4,1,7,5,2,0,0,0,0,Stayed,0.15179832210088468,Low,Low work-life balance; Income below workforce median
EMP-1204,53,0,Travel_Rarely,1395,Research & Development,24,4,Medical,2,Male,48,4,3,Healthcare Representative,4,Married,7005,3458,3,No,15,3,3,0,11,2,3,4,3,1,2,Stayed,0.09518959452596477,Low,Low environment satisfaction; Long distance from home; No stock options
EMP-1205,48,1,Travel_Frequently,708,Sales,7,2,Medical,4,Female,95,3,1,Sales Representative,3,Married,2655,11740,2,Yes,11,3,3,2,19,3,3,9,7,7,7,Left,0.48199205578166177,Medium,Works overtime; Long period since promotion; Frequent business travel; Income below workforce median
EMP-1206,32,1,Travel_Rarely,1259,Research & Development,2,4,Life Sciences,4,Male,95,3,1,Laboratory Technician,2,Single,1393,24852,1,No,12,3,1,0,1,2,3,1,0,0,0,Left,0.5297299254671369,Medium,Low job satisfaction; No stock options; Income below workforce median
EMP-1207,26,0,Non-Travel,786,Research & Development,7,3,Medical,4,Male,76,3,1,Laboratory Technician,4,Single,2570,11925,1,No,20,4,3,0,7,5,3,7,7,5,7,Stayed,0.050707010872096364,Low,Long period since promotion; No stock options; Income below workforce median
EMP-1208,55,0,Travel_Rarely,1441,Research & Development,22,3,Technical Degree,1,Male,94,2,1,Research Scientist,2,Divorced,3537,23737,5,No,12,3,4,1,8,1,3,4,2,1,2,Stayed,0.45366676607296663,Medium,Low job satisfaction; Low environment satisfaction; Long distance from home; Income below workforce median
EMP-1209,34,0,Travel_Rarely,1157,Research & Development,5,2,Medical,2,Male,57,2,2,Laboratory Technician,4,Married,3986,11912,1,No,14,3,3,1,15,3,4,15,10,4,13,Stayed,0.07990171863476477,Low,Low environment satisfaction; Long period since promotion; Income below workforce median
EMP-1210,60,0,Travel_Rarely,370,Research & Development,1,4,Medical,3,Male,92,1,3,Healthcare Representative,4,Divorced,10883,20467,3,No,20,4,3,1,19,2,4,1,0,0,0,Stayed,0.032351905980213085,Low,No prominent rule-based indicators
EMP-1211,33,0,Travel_Rarely,267,Research & Development,21,3,Medical,2,Male,79,4,1,Laboratory Technician,2,Married,2028,13637,1,No,18,3,4,3,14,6,3,14,11,2,13,Stayed,0.022174558424215025,Low,Low job satisfaction; Low environment satisfaction; Long distance from home; Income below workforce median
EMP-1212,37,0,Travel_Frequently,1278,Sales,1,4,Medical,3,Male,31,1,2,Sales Executive,4,Divorced,9525,7677,1,No,14,3,3,2,6,2,2,6,3,1,3,Stayed,0.3265311494279036,Medium,Low work-life balance; Frequent business travel
EMP-1213,34,0,Travel_Rarely,678,Research & Development,19,3,Life Sciences,2,Female,35,2,1,Research Scientist,4,Married,2929,20338,1,No,12,3,2,0,10,3,3,10,9,8,7,Stayed,0.32792891371358385,Medium,Low environment satisfaction; Long period since promotion; Long distance from home; No stock options
EMP-1214,23,1,Travel_Rarely,427,Sales,7,3,Life Sciences,3,Male,99,3,1,Sales Representative,4,Divorced,2275,25103,1,Yes,21,4,2,1,3,2,3,3,2,0,2,Left,0.7858989957980766,High,Works overtime; Income below workforce median
EMP-1215,44,0,Travel_Rarely,921,Research & Development,2,3,Life Sciences,3,Female,96,4,3,Healthcare Representative,4,Married,7879,14810,1,Yes,19,3,2,1,9,2,3,8,7,6,7,Stayed,0.10094327792982905,Low,Works overtime; Long period since promotion
EMP-1216,35,0,Travel_Frequently,146,Research & Development,2,4,Medical,1,Male,79,2,1,Research Scientist,4,Single,4930,13970,0,Yes,14,3,3,0,6,2,4,5,4,1,4,Stayed,0.6761881995038823,High,Works overtime; Low environment satisfaction; Frequent business travel; No stock options
EMP-1217,43,0,Travel_Rarely,1179,Sales,2,3,Medical,4,Male,73,3,2,Sales Executive,4,Married,7847,6069,1,Yes,17,3,1,1,10,3,3,10,9,8,8,Stayed,0.22994961495263144,Low,Works overtime; Long period since promotion
EMP-1218,24,0,Travel_Rarely,581,Research & Development,9,3,Medical,3,Male,62,4,1,Research Scientist,3,Married,4401,17616,1,No,16,3,4,1,5,1,3,5,3,0,4,Stayed,0.05845880172024319,Low,Income below workforce median
EMP-1219,41,0,Travel_Rarely,918,Sales,6,3,Marketing,4,Male,35,3,3,Sales Executive,3,Single,9241,15869,1,No,12,3,2,0,10,3,3,10,8,8,7,Stayed,0.33520190036243774,Medium,Long period since promotion; No stock options
EMP-1220,29,0,Travel_Rarely,1082,Research & Development,9,4,Medical,4,Female,43,3,1,Laboratory Technician,3,Married,2974,25412,9,No,17,3,3,1,9,2,3,5,3,1,2,Stayed,0.3799011966222366,Medium,Income below workforce median
EMP-1221,36,0,Travel_Rarely,530,Sales,2,4,Life Sciences,3,Female,51,3,2,Sales Representative,4,Single,4502,7439,3,No,15,3,3,0,17,2,2,13,7,6,7,Stayed,0.46798965646986285,Medium,Low work-life balance; Long period since promotion; No stock options; Income below workforce median
EMP-1222,45,0,Non-Travel,1238,Research & Development,1,1,Life Sciences,3,Male,74,2,3,Healthcare Representative,3,Married,10748,3395,3,No,23,4,4,1,25,3,2,23,15,14,4,Stayed,0.034160964715374206,Low,Low work-life balance; Long period since promotion
EMP-1223,24,1,Travel_Rarely,240,Human Resources,22,1,Human Resources,4,Male,58,1,1,Human Resources,3,Married,1555,11585,1,No,11,3,3,1,1,2,3,1,0,0,0,Left,0.7994756251986295,High,Long distance from home; Income below workforce median
EMP-1224,47,1,Travel_Frequently,1093,Sales,9,3,Life Sciences,3,Male,82,1,4,Sales Executive,3,Married,12936,24164,7,No,11,3,3,0,25,3,1,23,5,14,10,Left,0.9448714201453251,High,Low work-life balance; Long period since promotion; Frequent business travel; No stock options
EMP-1225,26,0,Travel_Rarely,390,Research & Development,17,4,Medical,4,Male,62,1,1,Laboratory Technician,3,Married,2305,6217,1,No,15,3,3,3,3,3,4,3,2,0,2,Stayed,0.23451119284811,Low,Long distance from home; Income below workforce median
EMP-1226,45,0,Travel_Rarely,1005,Research & Development,28,2,Technical Degree,4,Female,48,2,4,Research Director,2,Single,16704,17119,1,No,11,3,3,0,21,2,3,21,6,8,6,Stayed,0.21840423594496614,Low,Low job satisfaction; Long period since promotion; Long distance from home; No stock options
EMP-1227,32,0,Travel_Frequently,585,Research & Development,10,3,Life Sciences,1,Male,56,3,1,Research Scientist,3,Married,3433,17360,6,No,13,3,1,1,10,3,2,5,2,1,3,Stayed,0.6362520484013642,High,Low environment satisfaction; Low work-life balance; Frequent business travel; Income below workforce median
EMP-1228,31,0,Travel_Rarely,741,Research & Development,2,4,Life Sciences,2,Male,69,3,1,Laboratory Technician,3,Married,3477,18103,1,No,14,3,4,1,6,2,4,5,2,0,3,Stayed,0.15181738968261008,Low,Low environment satisfaction; Income below workforce median
EMP-1229,41,0,Non-Travel,552,Human Resources,4,3,Human Resources,3,Male,60,1,2,Human Resources,2,Married,6430,20794,6,No,19,3,2,1,10,4,3,3,2,1,2,Stayed,0.3559570183803571,Medium,Low job satisfaction
EMP-1230,40,0,Travel_Rarely,369,Research & Development,8,2,Life Sciences,2,Female,92,3,2,Manufacturing Director,1,Married,6516,5041,2,Yes,16,3,2,1,18,3,3,1,0,0,0,Stayed,0.4032365900320881,Medium,Works overtime; Low job satisfaction; Low environment satisfaction
EMP-1231,24,0,Travel_Rarely,506,Research & Development,29,1,Medical,2,Male,91,3,1,Laboratory Technician,1,Divorced,3907,3622,1,No,13,3,2,3,6,2,4,6,2,1,2,Stayed,0.504382594233795,Medium,Low job satisfaction; Low environment satisfaction; Long distance from home; Income below workforce median
EMP-1232,46,0,Travel_Rarely,717,Research & Development,13,4,Life Sciences,3,Male,34,3,2,Healthcare Representative,2,Single,5562,9697,6,No,14,3,4,0,19,3,3,10,7,0,9,Stayed,0.04071561217503702,Low,Low job satisfaction; No stock options
EMP-1233,35,0,Travel_Rarely,1370,Research & Development,27,4,Life Sciences,4,Male,49,3,2,Manufacturing Director,3,Married,6883,5151,2,No,16,3,2,1,17,3,3,7,7,0,7,Stayed,0.019118887152125355,Low,Long distance from home
EMP-1234,30,0,Travel_Rarely,793,Research & Development,16,1,Life Sciences,2,Male,33,3,1,Research Scientist,4,Married,2862,3811,1,No,12,3,2,1,10,2,2,10,0,0,8,Stayed,0.1072948097441758,Low,Low environment satisfaction; Low work-life balance; Long distance from home; Income below workforce median
EMP-1235,47,0,Non-Travel,543,Sales,2,4,Marketing,3,Male,87,3,2,Sales Executive,2,Married,4978,3536,7,No,11,3,4,1,4,3,1,1,0,0,0,Stayed,0.4757769164734938,Medium,Low job satisfaction; Low work-life balance
EMP-1236,46,0,Travel_Rarely,1277,Sales,2,3,Life Sciences,3,Male,74,3,3,Sales Executive,4,Divorced,10368,5596,4,Yes,12,3,2,1,13,5,2,10,6,0,3,Stayed,0.34536276142086303,Medium,Works overtime; Low work-life balance
EMP-1237,36,1,Travel_Rarely,1456,Sales,13,5,Marketing,2,Male,96,2,2,Sales Executive,1,Divorced,6134,8658,5,Yes,13,3,2,3,16,3,3,2,2,2,2,Left,0.6443442501004106,High,Works overtime; Low job satisfaction; Low environment satisfaction
EMP-1238,32,1,Travel_Rarely,964,Sales,1,2,Life Sciences,1,Male,34,1,2,Sales Executive,2,Single,6735,12147,6,No,15,3,2,0,10,2,3,0,0,0,0,Left,0.8234796782393753,High,Low job satisfaction; Low environment satisfaction; No stock options
EMP-1239,23,0,Travel_Rarely,160,Research & Development,4,1,Medical,3,Female,51,3,1,Laboratory Technician,2,Single,3295,12862,1,No,13,3,3,0,3,3,1,3,2,1,2,Stayed,0.7548517983298421,High,Low job satisfaction; Low work-life balance; No stock options; Income below workforce median
EMP-1240,31,0,Travel_Frequently,163,Research & Development,24,1,Technical Degree,4,Female,30,3,2,Manufacturing Director,4,Single,5238,6670,2,No,20,4,4,0,9,3,2,5,4,1,4,Stayed,0.36002505087682457,Medium,Low work-life balance; Frequent business travel; Long distance from home; No stock options
EMP-1241,39,0,Non-Travel,792,Research & Development,1,3,Life Sciences,4,Male,77,3,2,Laboratory Technician,4,Married,6472,8989,1,Yes,15,3,4,1,9,2,3,9,8,5,8,Stayed,0.10497992548491668,Low,Works overtime; Long period since promotion
EMP-1242,32,0,Travel_Rarely,371,Sales,19,3,Life Sciences,4,Male,80,1,3,Sales Executive,3,Married,9610,3840,3,No,13,3,3,1,10,2,1,4,3,0,2,Stayed,0.6581650234910148,High,Low work-life balance; Long distance from home
EMP-1243,40,0,Travel_Rarely,611,Sales,7,4,Medical,2,Male,88,3,5,Manager,2,Single,19833,4349,1,No,14,3,2,0,21,3,2,21,8,12,8,Stayed,0.6697521097338224,High,Low job satisfaction; Low environment satisfaction; Low work-life balance; Long period since promotion
EMP-1244,45,0,Travel_Rarely,176,Human Resources,4,3,Life Sciences,3,Female,56,1,3,Human Resources,3,Married,9756,6595,4,No,21,4,3,2,9,2,4,5,0,0,3,Stayed,0.25646204459456173,Low,No prominent rule-based indicators
EMP-1245,30,0,Travel_Frequently,1312,Research & Development,2,4,Technical Degree,4,Female,78,2,1,Research Scientist,1,Single,4968,26427,0,No,16,3,4,0,10,2,3,9,7,0,7,Stayed,0.10899187732949267,Low,Low job satisfaction; Frequent business travel; No stock options
EMP-1246,24,0,Travel_Frequently,897,Human Resources,10,3,Medical,1,Male,59,3,1,Human Resources,4,Married,2145,2097,0,No,14,3,4,1,3,2,3,2,2,2,1,Stayed,0.3355862684441944,Medium,Low environment satisfaction; Frequent business travel; Income below workforce median
EMP-1247,30,1,Travel_Frequently,600,Human Resources,8,3,Human Resources,3,Female,66,2,1,Human Resources,4,Divorced,2180,9732,6,No,11,3,3,1,6,0,2,4,2,1,2,Left,0.8036390218021547,High,Low work-life balance; Frequent business travel; Income below workforce median
EMP-1248,31,0,Travel_Rarely,1003,Sales,5,3,Technical Degree,1,Male,51,3,2,Sales Executive,3,Married,8346,20943,1,No,19,3,3,1,6,3,3,5,2,0,2,Stayed,0.38040896764058335,Medium,Low environment satisfaction
EMP-1249,27,0,Travel_Rarely,1054,Research & Development,8,3,Medical,3,Female,67,3,1,Research Scientist,4,Single,3445,6152,1,No,11,3,3,0,6,5,2,6,2,1,4,Stayed,0.11056232914277761,Low,Low work-life balance; No stock options; Income below workforce median
EMP-1250,29,1,Travel_Rarely,428,Sales,9,3,Marketing,2,Female,52,1,1,Sales Representative,2,Single,2760,14630,1,No,13,3,3,0,2,3,3,2,2,2,2,Left,0.9231248985074901,High,Low job satisfaction; Low environment satisfaction; No stock options; Income below workforce median
EMP-1251,29,0,Travel_Frequently,461,Research & Development,1,3,Life Sciences,4,Male,70,4,2,Healthcare Representative,3,Single,6294,23060,8,Yes,12,3,4,0,10,5,4,3,2,0,2,Stayed,0.38841558934558107,Medium,Works overtime; Frequent business travel; No stock options
EMP-1252,30,0,Travel_Rarely,979,Sales,15,2,Marketing,3,Male,94,2,3,Sales Executive,1,Divorced,7140,3088,2,No,11,3,1,1,12,2,3,7,7,1,7,Stayed,0.5268074077580721,Medium,Low job satisfaction; Long distance from home
EMP-1253,34,0,Travel_Rarely,181,Research & Development,2,4,Medical,4,Male,97,4,1,Research Scientist,4,Married,2932,5586,0,Yes,14,3,1,3,6,3,3,5,0,1,2,Stayed,0.0797994672734363,Low,Works overtime; Income below workforce median
EMP-1254,33,0,Non-Travel,1283,Sales,2,3,Marketing,4,Female,62,3,2,Sales Executive,2,Single,5147,10697,8,No,15,3,4,0,13,2,2,11,7,1,7,Stayed,0.105994667040841,Low,Low job satisfaction; Low work-life balance; No stock options
EMP-1255,49,0,Travel_Rarely,1313,Sales,11,4,Marketing,4,Female,80,3,2,Sales Executive,4,Single,4507,8191,3,No,12,3,3,0,8,1,4,5,1,0,4,Stayed,0.1099857493985406,Low,No stock options; Income below workforce median
EMP-1256,33,1,Travel_Rarely,211,Sales,16,3,Life Sciences,1,Female,74,3,3,Sales Executive,1,Single,8564,10092,2,Yes,20,4,3,0,11,2,2,0,0,0,0,Left,0.9650761690706947,High,Works overtime; Low job satisfaction; Low environment satisfaction; Low work-life balance
EMP-1257,38,0,Travel_Frequently,594,Research & Development,2,2,Medical,3,Female,75,2,1,Laboratory Technician,2,Married,2468,15963,4,No,14,3,2,1,9,4,2,6,1,0,5,Stayed,0.5749606475438426,Medium,Low job satisfaction; Low work-life balance; Frequent business travel; Income below workforce median
EMP-1258,31,1,Travel_Rarely,1079,Sales,16,4,Marketing,1,Male,70,3,3,Sales Executive,3,Married,8161,19002,2,No,13,3,1,3,10,2,3,1,0,0,0,Left,0.4419384276571252,Medium,Low environment satisfaction; Long distance from home
EMP-1259,29,0,Travel_Rarely,590,Research & Development,4,3,Technical Degree,4,Female,91,2,1,Research Scientist,1,Divorced,2109,10007,1,No,13,3,3,1,1,2,3,1,0,0,0,Stayed,0.5287383595766582,Medium,Low job satisfaction; Income below workforce median
EMP-1260,30,0,Travel_Rarely,305,Research & Development,16,3,Life Sciences,3,Male,58,4,2,Healthcare Representative,3,Married,5294,9128,3,No,16,3,3,1,10,3,3,7,0,1,7,Stayed,0.05287287427115007,Low,Long distance from home
EMP-1261,32,0,Non-Travel,953,Research & Development,5,4,Technical Degree,2,Male,65,3,1,Research Scientist,2,Single,2718,17674,2,No,14,3,2,0,12,3,3,7,7,0,7,Stayed,0.058789086903431056,Low,Low job satisfaction; Low environment satisfaction; No stock options; Income below workforce median
EMP-1262,38,0,Travel_Rarely,833,Research & Development,18,3,Medical,2,Male,60,1,2,Healthcare Representative,4,Married,5811,24539,3,Yes,16,3,3,1,15,2,3,1,0,1,0,Stayed,0.4581382922417373,Medium,Works overtime; Low environment satisfaction; Long distance from home
EMP-1263,43,1,Travel_Frequently,807,Research & Development,17,3,Technical Degree,3,Male,38,2,1,Research Scientist,3,Married,2437,15587,9,Yes,16,3,4,1,6,4,3,1,0,0,0,Left,0.8997033851623641,High,Works overtime; Frequent business travel; Long distance from home; Income below workforce median
EMP-1264,42,0,Travel_Rarely,855,Research & Development,12,3,Medical,2,Male,57,3,1,Laboratory Technician,2,Divorced,2766,8952,8,No,22,4,2,3,7,6,2,5,3,0,4,Stayed,0.3366278592095609,Medium,Low job satisfaction; Low environment satisfaction; Low work-life balance; Income below workforce median
EMP-1265,55,0,Travel_Rarely,478,Research & Development,2,3,Medical,3,Male,60,2,5,Research Director,1,Married,19038,19805,8,No,12,3,2,3,34,2,3,1,0,0,0,Stayed,0.029175392432456596,Low,Low job satisfaction
EMP-1266,33,0,Non-Travel,775,Research & Development,4,3,Technical Degree,4,Male,90,3,2,Research Scientist,2,Divorced,3055,6194,5,No,15,3,4,2,11,2,2,9,8,1,7,Stayed,0.03280484548489228,Low,Low job satisfaction; Low work-life balance; Income below workforce median
EMP-1267,41,0,Travel_Rarely,548,Research & Development,9,4,Life Sciences,3,Male,94,3,1,Laboratory Technician,1,Divorced,2289,20520,1,No,20,4,2,2,5,2,3,5,3,0,4,Stayed,0.22868724792571868,Low,Low job satisfaction; Income below workforce median
EMP-1268,34,0,Non-Travel,1375,Sales,10,3,Life Sciences,4,Male,87,3,2,Sales Executive,3,Divorced,4001,12313,1,Yes,14,3,3,1,15,3,3,15,14,0,7,Stayed,0.034723980542706596,Low,Works overtime; Income below workforce median
EMP-1269,53,0,Non-Travel,661,Research & Development,1,4,Medical,1,Female,60,2,4,Manufacturing Director,3,Married,12965,22308,4,Yes,20,4,4,3,27,2,2,3,2,0,2,Stayed,0.06641539960619894,Low,Works overtime; Low environment satisfaction; Low work-life balance
EMP-1270,43,0,Travel_Rarely,244,Human Resources,2,3,Life Sciences,2,Male,97,3,1,Human Resources,4,Single,3539,5033,0,No,13,3,2,0,10,5,3,9,7,1,8,Stayed,0.04182655317753049,Low,Low environment satisfaction; No stock options; Income below workforce median
EMP-1271,34,0,Travel_Rarely,511,Sales,3,2,Life Sciences,4,Female,32,1,2,Sales Executive,4,Single,6029,25353,5,No,12,3,1,0,6,3,3,2,2,2,2,Stayed,0.6099556118638383,High,No stock options
EMP-1272,21,1,Travel_Rarely,337,Sales,7,1,Marketing,2,Male,31,3,1,Sales Representative,2,Single,2679,4567,1,No,13,3,2,0,1,3,3,1,0,1,0,Left,0.9398759497711161,High,Low job satisfaction; Low environment satisfaction; No stock options; Income below workforce median
EMP-1273,38,0,Travel_Rarely,1153,Research & Development,6,2,Other,4,Female,40,2,1,Laboratory Technician,3,Married,3702,16376,1,No,11,3,2,1,5,3,3,5,4,0,4,Stayed,0.0994765414829884,Low,Income below workforce median
EMP-1274,22,1,Travel_Rarely,1294,Research & Development,8,1,Medical,3,Female,79,3,1,Laboratory Technician,1,Married,2398,15999,1,Yes,17,3,3,0,1,6,3,1,0,0,0,Left,0.8956220929358578,High,Works overtime; Low job satisfaction; No stock options; Income below workforce median
EMP-1275,31,0,Travel_Rarely,196,Sales,29,4,Marketing,1,Female,91,2,2,Sales Executive,4,Married,5468,13402,1,No,14,3,1,2,13,3,3,12,7,5,7,Stayed,0.5360631688735868,Medium,Low environment satisfaction; Long period since promotion; Long distance from home
EMP-1276,51,0,Travel_Rarely,942,Research & Development,3,3,Technical Degree,1,Female,53,3,3,Manager,3,Married,13116,22984,2,No,11,3,4,0,15,2,3,2,2,2,2,Stayed,0.14711320777563588,Low,Low environment satisfaction; No stock options
EMP-1277,37,0,Travel_Rarely,589,Sales,9,2,Marketing,2,Male,46,2,2,Sales Executive,2,Married,4189,8800,1,No,14,3,1,2,5,2,3,5,2,0,3,Stayed,0.5023394517614883,Medium,Low job satisfaction; Low environment satisfaction; Income below workforce median
EMP-1278,46,0,Travel_Rarely,734,Research & Development,2,4,Medical,3,Male,46,3,5,Research Director,4,Divorced,19328,14218,7,Yes,17,3,3,1,24,3,3,2,1,2,2,Stayed,0.0783134041600476,Low,Works overtime
EMP-1279,36,0,Travel_Rarely,1383,Research & Development,10,3,Life Sciences,4,Male,90,3,3,Healthcare Representative,1,Married,8321,25949,7,Yes,13,3,4,1,15,1,3,12,8,5,7,Stayed,0.39419184927493545,Medium,Works overtime; Low job satisfaction; Long period since promotion
EMP-1280,44,1,Travel_Frequently,429,Research & Development,1,2,Medical,3,Male,99,3,1,Research Scientist,2,Divorced,2342,11092,1,Yes,12,3,3,3,6,2,2,5,3,2,3,Left,0.31959705060734844,Medium,Works overtime; Low job satisfaction; Low work-life balance; Frequent business travel
EMP-1281,37,0,Travel_Rarely,1239,Human Resources,8,2,Other,3,Male,89,3,2,Human Resources,2,Divorced,4071,12832,2,No,13,3,3,0,19,4,2,10,0,4,7,Stayed,0.09883401129601177,Low,Low job satisfaction; Low work-life balance; Long period since promotion; No stock options
EMP-1282,35,1,Travel_Rarely,303,Sales,27,3,Life Sciences,3,Male,84,3,2,Sales Executive,4,Single,5813,13492,1,Yes,18,3,4,0,10,2,3,10,7,7,7,Left,0.6678735438420549,High,Works overtime; Long period since promotion; Long distance from home; No stock options
EMP-1283,33,0,Travel_Rarely,867,Research & Development,8,4,Life Sciences,4,Male,90,4,1,Research Scientist,1,Married,3143,6076,6,No,19,3,2,1,14,1,3,10,8,7,6,Stayed,0.12324511163388721,Low,Low job satisfaction; Long period since promotion; Income below workforce median
EMP-1284,28,0,Travel_Rarely,1181,Research & Development,1,3,Life Sciences,3,Male,82,3,1,Research Scientist,4,Married,2044,5531,1,No,11,3,3,1,5,6,4,5,3,0,3,Stayed,0.02126600797534954,Low,Income below workforce median
EMP-1285,39,0,Travel_Rarely,1253,Research & Development,10,1,Medical,3,Male,65,3,3,Research Director,3,Single,13464,7914,7,No,21,4,3,0,9,3,3,4,3,2,2,Stayed,0.10737856342198507,Low,No stock options
EMP-1286,46,0,Non-Travel,849,Sales,26,2,Life Sciences,2,Male,98,2,2,Sales Executive,2,Single,7991,25166,8,No,15,3,3,0,6,3,3,2,2,2,2,Stayed,0.6513683696117974,High,Low job satisfaction; Low environment satisfaction; Long distance from home; No stock options
EMP-1287,40,0,Travel_Rarely,616,Research & Development,2,2,Life Sciences,3,Female,99,3,1,Laboratory Technician,1,Married,3377,25605,4,No,17,3,4,1,7,5,2,4,3,0,2,Stayed,0.24380667428717484,Low,Low job satisfaction; Low work-life balance; Income below workforce median
EMP-1288,42,0,Travel_Rarely,1128,Research & Development,13,3,Medical,2,Male,95,4,2,Healthcare Representative,1,Married,5538,5696,5,No,18,3,3,2,10,2,2,0,0,0,0,Stayed,0.10713503328584169,Low,Low job satisfaction; Low environment satisfaction; Low work-life balance
EMP-1289,35,0,Non-Travel,1180,Research & Development,2,2,Medical,2,Male,90,3,2,Manufacturing Director,4,Divorced,5762,24442,2,No,14,3,3,1,15,6,3,7,7,1,7,Stayed,0.00400430451408412,Low,Low environment satisfaction
EMP-1290,38,0,Non-Travel,1336,Human Resources,2,3,Human Resources,1,Male,100,3,1,Human Resources,2,Divorced,2592,7129,5,No,13,3,4,3,13,3,3,11,10,3,8,Stayed,0.030192533447050515,Low,Low job satisfaction; Low environment satisfaction; Income below workforce median
EMP-1291,34,1,Travel_Frequently,234,Research & Development,9,4,Life Sciences,4,Male,93,3,2,Laboratory Technician,1,Married,5346,6208,4,No,17,3,3,1,11,3,2,7,1,0,7,Left,0.5370816507907847,Medium,Low job satisfaction; Low work-life balance; Frequent business travel
EMP-1292,37,1,Travel_Rarely,370,Research & Development,10,4,Medical,4,Male,58,3,2,Manufacturing Director,1,Single,4213,4992,1,No,15,3,2,0,10,4,1,10,3,0,8,Left,0.16835696017643667,Low,Low job satisfaction; Low work-life balance; No stock options; Income below workforce median
EMP-1293,39,0,Travel_Frequently,766,Sales,20,3,Life Sciences,3,Male,83,3,2,Sales Executive,4,Divorced,4127,19188,2,No,18,3,4,1,7,6,3,2,1,2,2,Stayed,0.17322146146372977,Low,Frequent business travel; Long distance from home; Income below workforce median
EMP-1294,43,0,Non-Travel,343,Research & Development,9,3,Life Sciences,1,Male,52,3,1,Research Scientist,3,Single,2438,24978,4,No,13,3,3,0,7,2,2,3,2,1,2,Stayed,0.20514086287496622,Low,Low environment satisfaction; Low work-life balance; No stock options; Income below workforce median
EMP-1295,41,0,Travel_Rarely,447,Research & Development,5,3,Life Sciences,2,Male,85,4,2,Healthcare Representative,2,Single,6870,15530,3,No,12,3,1,0,11,3,1,3,2,1,2,Stayed,0.26106659861411524,Low,Low job satisfaction; Low environment satisfaction; Low work-life balance; No stock options
EMP-1296,41,0,Travel_Rarely,796,Sales,4,1,Marketing,3,Female,81,3,3,Sales Executive,3,Divorced,10447,26458,0,Yes,13,3,4,1,23,3,4,22,14,13,5,Stayed,0.4337363636551371,Medium,Works overtime; Long period since promotion
EMP-1297,30,0,Travel_Rarely,1092,Research & Development,10,3,Medical,1,Female,64,3,3,Manufacturing Director,3,Single,9667,2739,9,No,14,3,2,0,9,3,3,7,7,0,2,Stayed,0.6471079224357504,High,Low environment satisfaction; No stock options
EMP-1298,26,1,Travel_Rarely,920,Human Resources,20,2,Medical,4,Female,69,3,1,Human Resources,2,Married,2148,6889,0,Yes,11,3,3,0,6,3,3,5,1,1,4,Left,0.5612291791059937,Medium,Works overtime; Low job satisfaction; Long distance from home; No stock options
EMP-1299,46,1,Travel_Rarely,261,Research & Development,21,2,Medical,4,Female,66,3,2,Healthcare Representative,2,Married,8926,10842,4,No,22,4,4,1,13,2,4,9,7,3,7,Left,0.031783939064962755,Low,Low job satisfaction; Long distance from home
EMP-1300,40,0,Travel_Rarely,1194,Research & Development,1,3,Life Sciences,3,Female,52,3,2,Healthcare Representative,4,Divorced,6513,9060,4,No,17,3,4,1,12,3,3,5,3,0,3,Stayed,0.012694604365858127,Low,No prominent rule-based indicators
EMP-1301,34,0,Travel_Rarely,810,Sales,8,2,Technical Degree,2,Male,92,4,2,Sales Executive,3,Married,6799,22128,1,No,21,4,3,2,10,5,3,10,8,4,8,Stayed,0.07011419750638839,Low,Low environment satisfaction; Long period since promotion
EMP-1302,58,0,Non-Travel,350,Sales,2,3,Medical,2,Male,52,3,4,Manager,2,Divorced,16291,22577,4,No,22,4,4,1,37,0,2,16,9,14,14,Stayed,0.048281325442065336,Low,Low job satisfaction; Low environment satisfaction; Low work-life balance; Long period since promotion
EMP-1303,35,0,Travel_Rarely,185,Research & Development,23,4,Medical,2,Male,91,1,1,Laboratory Technician,3,Married,2705,9696,0,No,16,3,2,1,6,2,4,5,4,0,3,Stayed,0.5444562480461846,Medium,Low environment satisfaction; Long distance from home; Income below workforce median
EMP-1304,47,0,Travel_Rarely,1001,Research & Development,4,3,Life Sciences,3,Female,92,2,3,Manufacturing Director,2,Divorced,10333,19271,8,Yes,12,3,3,1,28,4,3,22,11,14,10,Stayed,0.6451340765602139,High,Works overtime; Low job satisfaction; Long period since promotion
EMP-1305,40,0,Travel_Rarely,750,Research & Development,12,3,Life Sciences,2,Female,47,3,2,Healthcare Representative,1,Divorced,4448,10748,2,No,12,3,2,1,15,3,3,7,4,7,7,Stayed,0.1761004172641482,Low,Low job satisfaction; Low environment satisfaction; Long period since promotion; Income below workforce median
EMP-1306,54,0,Travel_Rarely,431,Research & Development,7,4,Medical,4,Female,68,3,2,Research Scientist,4,Married,6854,15696,4,No,15,3,2,1,14,2,2,7,1,1,7,Stayed,0.04785221472279441,Low,Low work-life balance
EMP-1307,31,0,Travel_Frequently,1125,Sales,7,4,Marketing,1,Female,68,3,3,Sales Executive,1,Married,9637,8277,2,No,14,3,4,2,9,3,3,3,2,2,2,Stayed,0.5935981679767643,Medium,Low job satisfaction; Low environment satisfaction; Frequent business travel
EMP-1308,28,0,Travel_Rarely,1217,Research & Development,1,3,Medical,3,Female,67,3,1,Research Scientist,1,Married,3591,12719,1,No,25,4,3,1,3,3,3,3,2,1,2,Stayed,0.12090824694146947,Low,Low job satisfaction; Income below workforce median
EMP-1309,38,0,Travel_Rarely,723,Sales,2,4,Marketing,2,Female,77,1,2,Sales Representative,4,Married,5405,4244,2,Yes,20,4,1,2,20,4,2,4,2,0,3,Stayed,0.7573993999908452,High,Works overtime; Low environment satisfaction; Low work-life balance
EMP-1310,26,0,Travel_Rarely,572,Sales,10,3,Medical,3,Male,46,3,2,Sales Executive,4,Single,4684,9125,1,No,13,3,1,0,5,4,3,5,3,1,2,Stayed,0.45341667968698357,Medium,No stock options; Income below workforce median
EMP-1311,58,0,Travel_Frequently,1216,Research & Development,15,4,Life Sciences,1,Male,87,3,4,Research Director,3,Married,15787,21624,2,Yes,14,3,2,0,23,3,3,2,2,2,2,Stayed,0.23455586859190009,Low,Works overtime; Low environment satisfaction; Frequent business travel; Long distance from home
EMP-1312,18,0,Non-Travel,1431,Research & Development,14,3,Medical,2,Female,33,3,1,Research Scientist,3,Single,1514,8018,1,No,16,3,3,0,0,4,1,0,0,0,0,Stayed,0.4664002865010732,Medium,Low environment satisfaction; Low work-life balance; No stock options; Income below workforce median
EMP-1313,31,1,Travel_Rarely,359,Human Resources,18,5,Human Resources,4,Male,89,4,1,Human Resources,1,Married,2956,21495,0,No,17,3,3,0,2,4,3,1,0,0,0,Left,0.5419184477386715,Medium,Low job satisfaction; Long distance from home; No stock options; Income below workforce median
EMP-1314,29,1,Travel_Rarely,350,Human Resources,13,3,Human Resources,1,Male,56,2,1,Human Resources,1,Divorced,2335,3157,4,Yes,15,3,4,3,4,3,3,2,2,2,0,Left,0.91026693822823,High,Works overtime; Low job satisfaction; Low environment satisfaction; Income below workforce median
EMP-1315,45,0,Non-Travel,589,Sales,2,4,Life Sciences,3,Female,67,3,2,Sales Executive,3,Married,5154,19665,4,No,22,4,2,2,10,3,4,8,7,5,7,Stayed,0.02616082866007378,Low,Long period since promotion
EMP-1316,36,0,Travel_Rarely,430,Research & Development,2,4,Other,4,Female,73,3,2,Research Scientist,2,Married,6962,19573,4,Yes,22,4,4,1,15,2,3,1,0,0,0,Stayed,0.16662711835221639,Low,Works overtime; Low job satisfaction
EMP-1317,43,0,Travel_Frequently,1422,Sales,2,4,Life Sciences,1,Male,92,3,2,Sales Executive,4,Married,5675,19246,1,No,20,4,3,1,7,5,3,7,7,7,7,Stayed,0.19631538815035207,Low,Low environment satisfaction; Long period since promotion; Frequent business travel
EMP-1318,27,0,Travel_Frequently,1297,Research & Development,5,2,Life Sciences,4,Female,53,3,1,Laboratory Technician,4,Single,2379,19826,0,Yes,14,3,3,0,6,3,2,5,4,0,2,Stayed,0.593531124193892,Medium,Works overtime; Low work-life balance; Frequent business travel; No stock options
EMP-1319,29,0,Travel_Frequently,574,Research & Development,20,1,Medical,4,Male,40,3,1,Laboratory Technician,4,Married,3812,7003,1,No,13,3,2,0,11,3,4,11,8,3,10,Stayed,0.2219218771654386,Low,Frequent business travel; Long distance from home; No stock options; Income below workforce median
EMP-1320,32,0,Travel_Frequently,1318,Sales,10,4,Marketing,4,Male,79,3,2,Sales Executive,4,Single,4648,26075,8,No,13,3,3,0,4,2,4,0,0,0,0,Stayed,0.6826570389667946,High,Frequent business travel; No stock options; Income below workforce median
EMP-1321,42,0,Non-Travel,355,Research & Development,10,4,Technical Degree,3,Male,38,3,1,Research Scientist,3,Married,2936,6161,3,No,22,4,2,2,10,1,2,6,3,3,3,Stayed,0.07845520975005812,Low,Low work-life balance; Income below workforce median
EMP-1322,47,0,Travel_Rarely,207,Research & Development,9,4,Life Sciences,2,Female,64,3,1,Laboratory Technician,3,Single,2105,5411,4,No,12,3,3,0,7,2,3,2,2,2,0,Stayed,0.5954373954035811,Medium,Low environment satisfaction; No stock options; Income below workforce median
EMP-1323,46,0,Travel_Rarely,706,Research & Development,2,2,Life Sciences,4,Male,82,3,3,Manufacturing Director,4,Divorced,8578,19989,3,No,14,3,3,1,12,4,2,9,8,4,7,Stayed,0.028581972826575847,Low,Low work-life balance; Long period since promotion
EMP-1324,28,0,Non-Travel,280,Human Resources,1,2,Life Sciences,3,Male,43,3,1,Human Resources,4,Divorced,2706,10494,1,No,15,3,2,1,3,2,3,3,2,2,2,Stayed,0.060760656746551255,Low,Income below workforce median
EMP-1325,29,0,Travel_Rarely,726,Research & Development,29,1,Life Sciences,4,Male,93,1,2,Healthcare Representative,3,Divorced,6384,21143,8,No,17,3,4,2,11,3,3,7,0,1,6,Stayed,0.14853216194121618,Low,Long distance from home
EMP-1326,42,0,Travel_Rarely,1142,Research & Development,8,3,Life Sciences,4,Male,81,3,1,Laboratory Technician,3,Single,3968,13624,4,No,13,3,4,0,8,3,3,0,0,0,0,Stayed,0.19804205641824676,Low,No stock options; Income below workforce median
EMP-1327,32,1,Travel_Rarely,414,Sales,2,4,Marketing,3,Male,82,2,2,Sales Executive,2,Single,9907,26186,7,Yes,12,3,3,0,7,3,2,2,2,2,2,Left,0.9542554044323807,High,Works overtime; Low job satisfaction; Low work-life balance; No stock options
EMP-1328,46,0,Travel_Rarely,1319,Sales,3,3,Technical Degree,1,Female,45,4,4,Sales Executive,1,Divorced,13225,7739,2,No,12,3,4,1,25,5,3,19,17,2,8,Stayed,0.07443789617210726,Low,Low job satisfaction; Low environment satisfaction
EMP-1329,27,0,Travel_Rarely,728,Sales,23,1,Medical,2,Female,36,2,2,Sales Representative,3,Married,3540,7018,1,No,21,4,4,1,9,5,3,9,8,5,8,Stayed,0.5730940793115562,Medium,Low environment satisfaction; Long period since promotion; Long distance from home; Income below workforce median
EMP-1330,29,0,Travel_Rarely,352,Human Resources,6,1,Medical,4,Male,87,2,1,Human Resources,2,Married,2804,15434,1,No,11,3,4,0,1,3,3,1,0,0,0,Stayed,0.5649977945278342,Medium,Low job satisfaction; No stock options; Income below workforce median
EMP-1331,43,0,Travel_Rarely,823,Research & Development,6,3,Medical,1,Female,81,2,5,Manager,3,Married,19392,22539,7,No,13,3,4,0,21,2,3,16,12,6,14,Stayed,0.23572536887994833,Low,Low environment satisfaction; Long period since promotion; No stock options
EMP-1332,48,0,Travel_Rarely,1224,Research & Development,10,3,Life Sciences,4,Male,91,2,5,Research Director,2,Married,19665,13583,4,No,12,3,4,0,29,3,3,22,10,12,9,Stayed,0.05818446792723915,Low,Low job satisfaction; Long period since promotion; No stock options
EMP-1333,29,1,Travel_Frequently,459,Research & Development,24,2,Life Sciences,4,Male,73,2,1,Research Scientist,4,Single,2439,14753,1,Yes,24,4,2,0,1,3,2,1,0,1,0,Left,0.9137716624838194,High,Works overtime; Low work-life balance; Frequent business travel; Long distance from home
EMP-1334,46,1,Travel_Rarely,1254,Sales,10,3,Life Sciences,3,Female,64,3,3,Sales Executive,2,Married,7314,14011,5,No,21,4,3,3,14,2,3,8,7,0,7,Left,0.04825804033755897,Low,Low job satisfaction
EMP-1335,27,0,Travel_Frequently,1131,Research & Development,15,3,Life Sciences,4,Female,77,2,1,Research Scientist,1,Married,4774,23844,0,No,19,3,4,1,8,2,2,7,6,7,3,Stayed,0.28652309938892584,Low,Low job satisfaction; Low work-life balance; Long period since promotion; Frequent business travel
EMP-1336,39,0,Travel_Rarely,835,Research & Development,19,4,Other,4,Male,41,3,2,Research Scientist,4,Divorced,3902,5141,8,No,14,3,2,3,7,2,3,2,2,2,2,Stayed,0.07364666664835737,Low,Long distance from home; Income below workforce median
EMP-1337,55,0,Travel_Rarely,836,Research & Development,2,4,Technical Degree,2,Male,98,2,1,Research Scientist,4,Married,2662,7975,8,No,20,4,2,1,19,2,4,5,2,0,4,Stayed,0.11271498413935081,Low,Low environment satisfaction; Income below workforce median
EMP-1338,28,0,Travel_Rarely,1172,Sales,3,3,Medical,2,Female,78,3,1,Sales Representative,2,Married,2856,3692,1,No,19,3,4,1,1,3,3,1,0,0,0,Stayed,0.6297790692427826,High,Low job satisfaction; Low environment satisfaction; Income below workforce median
EMP-1339,30,1,Travel_Rarely,945,Sales,9,3,Medical,2,Male,89,3,1,Sales Representative,4,Single,1081,16019,1,No,13,3,3,0,1,3,2,1,0,0,0,Left,0.7003922509887959,High,Low environment satisfaction; Low work-life balance; No stock options; Income below workforce median
EMP-1340,22,1,Travel_Rarely,391,Research & Development,7,1,Life Sciences,4,Male,75,3,1,Research Scientist,2,Single,2472,26092,1,Yes,23,4,1,0,1,2,3,1,0,0,0,Left,0.826775063151259,High,Works overtime; Low job satisfaction; No stock options; Income below workforce median
EMP-1341,36,0,Travel_Rarely,1266,Sales,10,4,Technical Degree,2,Female,63,2,2,Sales Executive,3,Married,5673,6060,1,Yes,13,3,1,1,10,4,3,10,9,1,7,Stayed,0.656305247453863,High,Works overtime; Low environment satisfaction
EMP-1342,31,0,Travel_Rarely,311,Research & Development,20,3,Life Sciences,2,Male,89,3,2,Laboratory Technician,3,Divorced,4197,18624,1,No,11,3,1,1,10,2,3,10,8,0,2,Stayed,0.602063966404034,High,Low environment satisfaction; Long distance from home; Income below workforce median
EMP-1343,34,0,Travel_Rarely,1480,Sales,4,3,Life Sciences,3,Male,64,3,3,Sales Executive,4,Married,9713,24444,2,Yes,13,3,4,3,9,3,3,5,3,1,0,Stayed,0.20537798787480122,Low,Works overtime
EMP-1344,29,0,Travel_Rarely,592,Research & Development,7,3,Life Sciences,4,Male,59,3,1,Laboratory Technician,1,Single,2062,19384,3,No,14,3,2,0,11,2,3,3,2,1,2,Stayed,0.4638917186245066,Medium,Low job satisfaction; No stock options; Income below workforce median
EMP-1345,37,0,Travel_Rarely,783,Research & Development,7,4,Medical,4,Male,78,3,2,Research Scientist,1,Married,4284,13588,5,Yes,22,4,3,1,16,2,3,5,3,0,4,Stayed,0.36139778438877207,Medium,Works overtime; Low job satisfaction; Income below workforce median
EMP-1346,35,0,Travel_Rarely,219,Research & Development,16,2,Other,4,Female,44,2,2,Manufacturing Director,2,Married,4788,25388,0,Yes,11,3,4,0,4,2,3,3,2,0,2,Stayed,0.5449641050979008,Medium,Works overtime; Low job satisfaction; Long distance from home; No stock options
EMP-1347,45,0,Travel_Rarely,556,Research & Development,25,2,Life Sciences,2,Female,93,2,2,Manufacturing Director,4,Married,5906,23888,0,No,13,3,4,2,10,2,2,9,8,3,8,Stayed,0.05093152627693355,Low,Low environment satisfaction; Low work-life balance; Long distance from home
EMP-1348,36,0,Travel_Frequently,1213,Human Resources,2,1,Human Resources,2,Male,94,2,2,Human Resources,4,Single,3886,4223,1,No,21,4,4,0,10,2,2,10,1,0,8,Stayed,0.37739473784863187,Medium,Low environment satisfaction; Low work-life balance; Frequent business travel; No stock options
EMP-1349,40,0,Travel_Rarely,1137,Research & Development,1,4,Life Sciences,1,Male,98,3,4,Manager,1,Divorced,16823,18991,2,No,11,3,1,1,22,3,3,19,7,11,16,Stayed,0.18429659815935823,Low,Low job satisfaction; Low environment satisfaction; Long period since promotion
EMP-1350,26,0,Travel_Rarely,482,Research & Development,1,2,Life Sciences,2,Female,90,2,1,Research Scientist,3,Married,2933,14908,1,Yes,13,3,3,1,1,3,2,1,0,1,0,Stayed,0.8472667018680298,High,Works overtime; Low environment satisfaction; Low work-life balance; Income below workforce median
EMP-1351,27,0,Travel_Rarely,511,Sales,2,2,Medical,1,Female,89,4,2,Sales Executive,3,Single,6500,26997,0,No,14,3,2,0,9,5,2,8,7,0,7,Stayed,0.17603515223242644,Low,Low environment satisfaction; Low work-life balance; No stock options
EMP-1352,48,0,Travel_Frequently,117,Research & Development,22,3,Medical,4,Female,58,3,4,Manager,4,Divorced,17174,2437,3,No,11,3,2,1,24,3,3,22,17,4,7,Stayed,0.07711126642003722,Low,Long period since promotion; Frequent business travel; Long distance from home
EMP-1353,44,0,Travel_Rarely,170,Research & Development,1,4,Life Sciences,2,Male,78,4,2,Healthcare Representative,1,Married,5033,9364,2,No,15,3,4,1,10,5,3,2,0,2,2,Stayed,0.0514174182747425,Low,Low job satisfaction; Low environment satisfaction
EMP-1354,34,1,Non-Travel,967,Research & Development,16,4,Technical Degree,4,Male,85,1,1,Research Scientist,1,Married,2307,14460,1,Yes,23,4,2,1,5,2,3,5,2,3,0,Left,0.6484970604190601,High,Works overtime; Low job satisfaction; Long distance from home; Income below workforce median
EMP-1355,56,1,Travel_Rarely,1162,Research & Development,24,2,Life Sciences,1,Male,97,3,1,Laboratory Technician,4,Single,2587,10261,1,No,16,3,4,0,5,3,3,4,2,1,0,Left,0.3209830468947978,Medium,Low environment satisfaction; Long distance from home; No stock options; Income below workforce median
EMP-1356,36,0,Travel_Rarely,335,Sales,17,2,Marketing,3,Male,33,2,2,Sales Executive,2,Married,5507,16822,2,No,16,3,3,2,12,1,1,4,2,1,3,Stayed,0.4328757075172673,Medium,Low job satisfaction; Low work-life balance; Long distance from home
EMP-1357,41,0,Travel_Rarely,337,Sales,8,3,Marketing,3,Female,54,3,2,Sales Executive,2,Married,4393,26841,5,No,21,4,3,1,14,3,3,5,4,1,4,Stayed,0.24328407756098386,Low,Low job satisfaction; Income below workforce median
EMP-1358,42,0,Travel_Rarely,1396,Research & Development,6,3,Medical,3,Male,83,3,3,Research Director,1,Married,13348,14842,9,No,13,3,2,1,18,3,4,13,7,5,7,Stayed,0.05543928057968035,Low,Low job satisfaction; Long period since promotion
EMP-1359,31,0,Travel_Rarely,1079,Sales,10,2,Medical,3,Female,86,3,2,Sales Executive,4,Divorced,6583,20115,2,Yes,11,3,4,1,8,2,3,5,2,1,4,Stayed,0.41676329998190526,Medium,Works overtime
EMP-1360,34,0,Travel_Rarely,735,Sales,3,1,Medical,4,Female,75,2,2,Sales Executive,4,Married,8103,16495,3,Yes,12,3,3,0,9,3,2,4,2,0,1,Stayed,0.6428513561804364,High,Works overtime; Low work-life balance; No stock options
EMP-1361,31,0,Travel_Rarely,471,Research & Development,4,3,Medical,1,Female,62,4,1,Laboratory Technician,3,Divorced,3978,16031,8,No,12,3,2,1,4,0,2,2,2,2,2,Stayed,0.850670580557095,High,Low environment satisfaction; Low work-life balance; Income below workforce median
EMP-1362,26,0,Travel_Frequently,1096,Research & Development,6,3,Other,3,Male,61,4,1,Laboratory Technician,4,Married,2544,7102,0,No,18,3,1,1,8,3,3,7,7,7,7,Stayed,0.0985052467656054,Low,Long period since promotion; Frequent business travel; Income below workforce median
EMP-1363,45,0,Travel_Frequently,1297,Research & Development,1,4,Medical,2,Male,44,3,2,Healthcare Representative,3,Single,5399,14511,4,No,12,3,3,0,12,3,3,4,2,0,3,Stayed,0.1348278330463454,Low,Low environment satisfaction; Frequent business travel; No stock options
EMP-1364,33,0,Travel_Rarely,217,Sales,10,4,Marketing,2,Male,43,3,2,Sales Executive,3,Single,5487,10410,1,No,14,3,2,0,10,2,2,10,4,0,9,Stayed,0.387070696180232,Medium,Low environment satisfaction; Low work-life balance; No stock options
EMP-1365,28,0,Travel_Frequently,783,Sales,1,2,Life Sciences,3,Male,42,2,2,Sales Executive,4,Married,6834,19255,1,Yes,12,3,3,1,7,2,3,7,7,0,7,Stayed,0.5386799261802333,Medium,Works overtime; Frequent business travel
EMP-1366,29,1,Travel_Frequently,746,Sales,24,3,Technical Degree,3,Male,45,4,1,Sales Representative,1,Single,1091,10642,1,No,17,3,4,0,1,3,3,1,0,0,0,Left,0.9060370929181776,High,Low job satisfaction; Frequent business travel; Long distance from home; No stock options
EMP-1367,39,0,Non-Travel,1251,Sales,21,4,Life Sciences,1,Female,32,1,2,Sales Executive,3,Married,5736,3987,6,No,19,3,3,1,10,1,3,3,2,1,2,Stayed,0.4056219234919669,Medium,Low environment satisfaction; Long distance from home
EMP-1368,27,0,Travel_Rarely,1354,Research & Development,2,4,Technical Degree,2,Male,41,3,1,Research Scientist,2,Married,2226,6073,1,No,11,3,3,1,6,3,2,5,3,1,2,Stayed,0.26410678213142996,Low,Low job satisfaction; Low environment satisfaction; Low work-life balance; Income below workforce median
EMP-1369,34,0,Travel_Frequently,735,Research & Development,22,4,Other,3,Male,86,2,2,Research Scientist,4,Married,5747,26496,1,Yes,15,3,2,0,16,3,3,15,10,6,11,Stayed,0.46721494097420446,Medium,Works overtime; Long period since promotion; Frequent business travel; Long distance from home
EMP-1370,28,1,Travel_Rarely,1475,Sales,13,2,Marketing,4,Female,84,3,2,Sales Executive,3,Single,9854,23352,3,Yes,11,3,4,0,6,0,3,2,0,2,2,Left,0.7726282378794207,High,Works overtime; No stock options
EMP-1371,47,0,Non-Travel,1169,Research & Development,14,4,Technical Degree,3,Male,64,3,2,Research Scientist,2,Married,5467,2125,8,No,18,3,3,1,16,4,4,8,7,1,7,Stayed,0.03696799611384363,Low,Low job satisfaction
EMP-1372,56,0,Travel_Rarely,1443,Sales,11,5,Marketing,4,Female,89,2,2,Sales Executive,1,Married,5380,20328,4,No,16,3,3,1,6,3,3,0,0,0,0,Stayed,0.3145035865051377,Medium,Low job satisfaction
EMP-1373,39,0,Travel_Rarely,867,Research & Development,9,2,Medical,1,Male,87,3,2,Manufacturing Director,1,Married,5151,12315,1,No,25,4,4,1,10,3,3,10,0,7,9,Stayed,0.1659512169274176,Low,Low job satisfaction; Low environment satisfaction; Long period since promotion
EMP-1374,38,0,Travel_Frequently,1394,Research & Development,8,3,Medical,4,Female,58,2,2,Research Scientist,2,Divorced,2133,18115,1,Yes,16,3,3,1,20,3,3,20,11,0,7,Stayed,0.20126076579455926,Low,Works overtime; Low job satisfaction; Frequent business travel; Income below workforce median
EMP-1375,58,0,Travel_Rarely,605,Sales,21,3,Life Sciences,4,Female,72,3,4,Manager,4,Married,17875,11761,4,Yes,13,3,3,1,29,2,2,1,0,0,0,Stayed,0.1976904960048752,Low,Works overtime; Low work-life balance; Long distance from home
EMP-1376,32,1,Travel_Frequently,238,Research & Development,5,2,Life Sciences,1,Female,47,4,1,Research Scientist,3,Single,2432,15318,3,Yes,14,3,1,0,8,2,3,4,1,0,3,Left,0.8218817734590083,High,Works overtime; Low environment satisfaction; Frequent business travel; No stock options
EMP-1377,38,0,Travel_Rarely,1206,Research & Development,9,2,Life Sciences,2,Male,71,3,1,Research Scientist,4,Divorced,4771,14293,2,No,19,3,4,2,10,0,4,5,2,0,3,Stayed,0.013595556647120938,Low,Low environment satisfaction; Income below workforce median
EMP-1378,49,0,Travel_Frequently,1064,Research & Development,2,1,Life Sciences,2,Male,42,3,5,Research Director,4,Married,19161,13738,3,No,15,3,4,0,28,3,3,5,4,4,3,Stayed,0.019645401314023533,Low,Low environment satisfaction; Long period since promotion; Frequent business travel; No stock options
EMP-1379,42,0,Travel_Rarely,419,Sales,12,4,Marketing,2,Male,77,3,2,Sales Executive,4,Divorced,5087,2900,3,Yes,12,3,3,2,14,4,3,0,0,0,0,Stayed,0.47959668993704363,Medium,Works overtime; Low environment satisfaction
EMP-1380,27,1,Travel_Frequently,1337,Human Resources,22,3,Human Resources,1,Female,58,2,1,Human Resources,2,Married,2863,19555,1,No,12,3,1,0,1,2,3,1,0,0,0,Left,0.9815537403784976,High,Low job satisfaction; Low environment satisfaction; Frequent business travel; Long distance from home
EMP-1381,35,0,Travel_Rarely,682,Sales,18,4,Medical,2,Male,71,3,2,Sales Executive,1,Married,5561,15975,0,No,16,3,4,1,6,2,1,5,3,0,4,Stayed,0.4868517507744288,Medium,Low job satisfaction; Low environment satisfaction; Low work-life balance; Long distance from home
EMP-1382,28,0,Non-Travel,1103,Research & Development,16,3,Medical,3,Male,49,3,1,Research Scientist,3,Single,2144,2122,1,No,14,3,3,0,5,3,2,5,3,1,4,Stayed,0.07304717556597078,Low,Low work-life balance; Long distance from home; No stock options; Income below workforce median
EMP-1383,31,0,Non-Travel,976,Research & Development,3,2,Medical,3,Male,48,3,1,Research Scientist,1,Divorced,3065,3995,1,Yes,13,3,4,1,4,3,4,4,2,2,3,Stayed,0.15449627045725658,Low,Works overtime; Low job satisfaction; Income below workforce median
EMP-1384,36,0,Non-Travel,1351,Research & Development,9,4,Life Sciences,1,Male,66,4,1,Laboratory Technician,2,Married,2810,9238,1,No,22,4,2,0,5,3,3,5,4,0,2,Stayed,0.17932364202981813,Low,Low job satisfaction; Low environment satisfaction; No stock options; Income below workforce median
EMP-1385,34,0,Travel_Rarely,937,Sales,1,3,Marketing,1,Male,32,3,3,Sales Executive,4,Single,9888,6770,1,No,21,4,1,0,14,3,2,14,8,2,1,Stayed,0.4921413885765741,Medium,Low environment satisfaction; Low work-life balance; No stock options
EMP-1386,34,0,Travel_Rarely,1239,Sales,13,4,Medical,4,Male,39,3,3,Sales Executive,3,Divorced,8628,22914,1,No,18,3,3,1,9,2,2,8,7,1,1,Stayed,0.18414015232978398,Low,Low work-life balance
EMP-1387,26,0,Travel_Rarely,157,Research & Development,1,3,Medical,3,Male,95,3,1,Laboratory Technician,1,Single,2867,20006,0,No,13,3,4,0,8,6,2,7,7,7,6,Stayed,0.4291089377430912,Medium,Low job satisfaction; Low work-life balance; Long period since promotion; No stock options
EMP-1388,29,0,Travel_Rarely,136,Research & Development,1,3,Life Sciences,1,Male,89,3,2,Healthcare Representative,1,Married,5373,6225,0,No,12,3,1,1,6,5,2,5,3,0,2,Stayed,0.35188411433896377,Medium,Low job satisfaction; Low environment satisfaction; Low work-life balance
EMP-1389,32,0,Non-Travel,1146,Research & Development,15,4,Medical,3,Female,34,3,2,Healthcare Representative,4,Divorced,6667,16542,5,No,18,3,2,1,9,6,3,5,1,1,2,Stayed,0.02707132796284631,Low,Long distance from home
EMP-1390,31,0,Travel_Frequently,1125,Research & Development,1,3,Life Sciences,4,Male,48,1,2,Research Scientist,1,Married,5003,5771,1,No,21,4,2,0,10,6,3,10,8,8,7,Stayed,0.44826848650966444,Medium,Low job satisfaction; Long period since promotion; Frequent business travel; No stock options
EMP-1391,28,1,Travel_Rarely,1404,Research & Development,17,3,Technical Degree,3,Male,32,2,1,Laboratory Technician,4,Divorced,2367,18779,5,No,12,3,1,1,6,2,2,4,1,0,3,Left,0.7550398060915604,High,Low work-life balance; Long distance from home; Income below workforce median
EMP-1392,38,0,Travel_Rarely,1404,Sales,1,3,Life Sciences,1,Male,59,2,1,Sales Representative,1,Single,2858,11473,4,No,14,3,1,0,20,3,2,1,0,0,0,Stayed,0.7883226572397348,High,Low job satisfaction; Low environment satisfaction; Low work-life balance; No stock options
EMP-1393,35,0,Travel_Rarely,1224,Sales,7,4,Life Sciences,3,Female,55,3,2,Sales Executive,4,Married,5204,13586,1,Yes,11,3,4,0,10,2,3,10,8,0,9,Stayed,0.2103523972785261,Low,Works overtime; No stock options
EMP-1394,27,0,Travel_Rarely,954,Sales,9,3,Marketing,4,Male,44,3,2,Sales Executive,4,Single,4105,5099,1,No,14,3,1,0,7,5,3,7,7,0,7,Stayed,0.12000095843022174,Low,No stock options; Income below workforce median
EMP-1395,32,0,Travel_Rarely,1373,Research & Development,5,4,Life Sciences,4,Male,56,2,2,Manufacturing Director,4,Single,9679,10138,8,No,24,4,2,0,8,1,3,1,0,0,0,Stayed,0.24625488356861203,Low,No stock options
EMP-1396,31,1,Travel_Frequently,754,Sales,26,4,Marketing,1,Male,63,3,2,Sales Executive,4,Married,5617,21075,1,Yes,11,3,3,0,10,4,3,10,7,0,8,Left,0.8392647400250669,High,Works overtime; Low environment satisfaction; Frequent business travel; Long distance from home
EMP-1397,53,1,Travel_Rarely,1168,Sales,24,4,Life Sciences,1,Male,66,3,3,Sales Executive,1,Single,10448,5843,6,Yes,13,3,2,0,15,2,2,2,2,2,2,Left,0.9518641543478494,High,Works overtime; Low job satisfaction; Low environment satisfaction; Low work-life balance
EMP-1398,54,0,Travel_Rarely,155,Research & Development,9,2,Life Sciences,1,Female,67,3,2,Research Scientist,3,Married,2897,22474,3,No,11,3,3,2,9,6,2,4,3,2,3,Stayed,0.16274663415232052,Low,Low environment satisfaction; Low work-life balance; Income below workforce median
EMP-1399,33,0,Travel_Frequently,1303,Research & Development,7,2,Life Sciences,4,Male,36,3,2,Healthcare Representative,3,Divorced,5968,18079,1,No,20,4,3,3,9,2,3,9,7,2,8,Stayed,0.011044596791664897,Low,Frequent business travel
EMP-1400,43,0,Travel_Rarely,574,Research & Development,11,3,Life Sciences,1,Male,30,3,3,Healthcare Representative,3,Married,7510,16873,1,No,17,3,2,1,10,1,3,10,9,0,9,Stayed,0.06927039210980922,Low,Low environment satisfaction
EMP-1401,38,0,Travel_Frequently,1444,Human Resources,1,4,Other,4,Male,88,3,1,Human Resources,2,Married,2991,5224,0,Yes,11,3,2,1,7,2,3,6,2,1,2,Stayed,0.24618366979588924,Low,Works overtime; Low job satisfaction; Frequent business travel; Income below workforce median
EMP-1402,55,0,Travel_Rarely,189,Human Resources,26,4,Human Resources,3,Male,71,4,5,Manager,2,Married,19636,25811,4,Yes,18,3,1,1,35,0,3,10,9,1,4,Stayed,0.3974184174615098,Medium,Works overtime; Low job satisfaction; Long distance from home
EMP-1403,31,0,Travel_Rarely,1276,Research & Development,2,1,Medical,4,Female,59,1,1,Laboratory Technician,4,Divorced,1129,17536,1,Yes,11,3,3,3,1,4,3,1,0,0,0,Stayed,0.45447839421529407,Medium,Works overtime; Income below workforce median
EMP-1404,39,0,Travel_Rarely,119,Sales,15,4,Marketing,2,Male,77,3,4,Sales Executive,1,Single,13341,25098,0,No,12,3,1,0,21,3,3,20,8,11,10,Stayed,0.8163856035737417,High,Low job satisfaction; Low environment satisfaction; Long period since promotion; Long distance from home
EMP-1405,42,0,Non-Travel,335,Research & Development,23,2,Life Sciences,4,Male,37,2,2,Research Scientist,3,Single,4332,14811,1,No,12,3,4,0,20,2,3,20,9,3,7,Stayed,0.04795544815352279,Low,Long distance from home; No stock options; Income below workforce median
EMP-1406,31,0,Non-Travel,697,Research & Development,10,3,Medical,3,Female,40,3,3,Research Director,3,Married,11031,26862,4,No,20,4,3,1,13,2,4,11,7,4,8,Stayed,0.01081060399618167,Low,Long period since promotion
EMP-1407,54,0,Travel_Rarely,157,Research & Development,10,3,Medical,3,Female,77,3,2,Manufacturing Director,1,Single,4440,25198,6,Yes,19,3,4,0,9,3,3,5,2,1,4,Stayed,0.559072391671188,Medium,Works overtime; Low job satisfaction; No stock options; Income below workforce median
EMP-1408,24,0,Travel_Rarely,771,Research & Development,1,2,Life Sciences,2,Male,45,2,2,Healthcare Representative,3,Single,4617,14120,1,No,12,3,2,0,4,2,2,4,3,1,2,Stayed,0.44252563740332784,Medium,Low environment satisfaction; Low work-life balance; No stock options; Income below workforce median
EMP-1409,23,0,Travel_Rarely,571,Research & Development,12,2,Other,4,Male,78,3,1,Laboratory Technician,4,Single,2647,13672,1,No,13,3,3,0,5,6,4,5,2,1,4,Stayed,0.08425996341213873,Low,No stock options; Income below workforce median
EMP-1410,40,0,Travel_Frequently,692,Research & Development,11,3,Technical Degree,4,Female,73,3,2,Laboratory Technician,3,Married,6323,26849,1,No,11,3,1,1,10,2,4,10,9,9,4,Stayed,0.7037488438941617,High,Long period since promotion; Frequent business travel
EMP-1411,40,0,Travel_Rarely,444,Sales,2,2,Marketing,2,Female,92,3,2,Sales Executive,2,Married,5677,4258,3,No,14,3,3,1,15,4,3,11,8,5,10,Stayed,0.15084444850245055,Low,Low job satisfaction; Low environment satisfaction; Long period since promotion
EMP-1412,25,0,Travel_Rarely,309,Human Resources,2,3,Human Resources,3,Female,82,3,1,Human Resources,2,Married,2187,19655,4,No,14,3,3,0,6,3,3,2,0,1,2,Stayed,0.5670201590105195,Medium,Low job satisfaction; No stock options; Income below workforce median
EMP-1413,30,0,Travel_Rarely,911,Research & Development,1,2,Medical,4,Male,76,3,1,Laboratory Technician,2,Married,3748,4077,1,No,13,3,3,0,12,6,2,12,8,1,7,Stayed,0.1001302495276543,Low,Low job satisfaction; Low work-life balance; No stock options; Income below workforce median
EMP-1414,25,0,Travel_Rarely,977,Research & Development,2,1,Other,4,Male,57,3,1,Laboratory Technician,3,Divorced,3977,7298,6,Yes,19,3,3,1,7,2,2,2,2,0,2,Stayed,0.4535123788817558,Medium,Works overtime; Low work-life balance; Income below workforce median
EMP-1415,47,0,Travel_Rarely,1180,Research & Development,25,3,Medical,1,Male,84,3,3,Healthcare Representative,3,Single,8633,13084,2,No,23,4,2,0,25,3,3,17,14,12,11,Stayed,0.1711342203036394,Low,Low environment satisfaction; Long period since promotion; Long distance from home; No stock options
EMP-1416,33,0,Non-Travel,1313,Research & Development,1,2,Medical,2,Male,59,2,1,Laboratory Technician,3,Divorced,2008,20439,1,No,12,3,3,3,1,2,2,1,1,0,0,Stayed,0.18012652576283666,Low,Low environment satisfaction; Low work-life balance; Income below workforce median
EMP-1417,38,0,Travel_Rarely,1321,Sales,1,4,Life Sciences,4,Male,86,3,2,Sales Executive,2,Married,4440,7636,0,No,15,3,1,2,16,3,3,15,13,5,8,Stayed,0.026179298420102606,Low,Low job satisfaction; Long period since promotion; Income below workforce median
EMP-1418,31,0,Travel_Rarely,1154,Sales,2,2,Life Sciences,1,Male,54,3,1,Sales Representative,3,Married,3067,6393,0,No,19,3,3,1,3,1,3,2,2,1,2,Stayed,0.392477747300783,Medium,Low environment satisfaction; Income below workforce median
EMP-1419,38,0,Travel_Frequently,508,Research & Development,6,4,Life Sciences,1,Male,72,2,2,Manufacturing Director,3,Married,5321,14284,2,No,11,3,4,1,10,1,3,8,3,7,7,Stayed,0.4524496022902337,Medium,Low environment satisfaction; Long period since promotion; Frequent business travel
EMP-1420,42,0,Travel_Rarely,557,Research & Development,18,4,Life Sciences,4,Male,35,3,2,Research Scientist,1,Divorced,5410,11189,6,Yes,17,3,3,1,9,3,2,4,3,1,2,Stayed,0.722274534253758,High,Works overtime; Low job satisfaction; Low work-life balance; Long distance from home
EMP-1421,41,0,Travel_Rarely,642,Research & Development,1,3,Life Sciences,4,Male,76,3,1,Research Scientist,4,Married,2782,21412,3,No,22,4,1,1,12,3,3,5,3,1,0,Stayed,0.038714672474608205,Low,Income below workforce median
EMP-1422,47,0,Non-Travel,1162,Research & Development,1,1,Medical,3,Female,98,3,3,Research Director,2,Married,11957,17231,0,No,18,3,1,2,14,3,1,13,8,5,12,Stayed,0.0024540217249445066,Low,Low job satisfaction; Low work-life balance; Long period since promotion
EMP-1423,35,0,Travel_Rarely,1490,Research & Development,11,4,Medical,4,Male,43,3,1,Laboratory Technician,3,Married,2660,20232,7,Yes,11,3,3,1,5,3,3,2,2,2,2,Stayed,0.7424404697770818,High,Works overtime; Income below workforce median
EMP-1424,22,0,Travel_Rarely,581,Research & Development,1,2,Life Sciences,4,Male,63,3,1,Research Scientist,3,Single,3375,17624,0,No,12,3,4,0,4,2,4,3,2,1,2,Stayed,0.0714281404892525,Low,No stock options; Income below workforce median
EMP-1425,35,0,Travel_Rarely,1395,Research & Development,9,4,Medical,2,Male,48,3,2,Research Scientist,3,Single,5098,18698,1,No,19,3,2,0,10,5,3,10,7,0,8,Stayed,0.05472580683557212,Low,Low environment satisfaction; No stock options
EMP-1426,33,0,Travel_Rarely,501,Research & Development,15,2,Medical,2,Female,95,3,2,Healthcare Representative,4,Married,4878,21653,0,Yes,13,3,1,1,10,6,3,9,7,8,1,Stayed,0.5280591448638722,Medium,Works overtime; Low environment satisfaction; Long period since promotion; Long distance from home
EMP-1427,32,0,Travel_Rarely,267,Research & Development,29,4,Life Sciences,3,Female,49,2,1,Laboratory Technician,2,Single,2837,15919,1,No,13,3,3,0,6,3,3,6,2,4,1,Stayed,0.8412991760685328,High,Low job satisfaction; Long period since promotion; Long distance from home; No stock options
EMP-1428,40,0,Travel_Rarely,543,Research & Development,1,4,Life Sciences,1,Male,83,3,1,Laboratory Technician,4,Married,2406,4060,8,No,19,3,3,2,8,3,2,1,0,0,0,Stayed,0.3926969028722111,Medium,Low environment satisfaction; Low work-life balance; Income below workforce median
EMP-1429,32,0,Travel_Rarely,234,Sales,1,4,Medical,2,Male,68,2,1,Sales Representative,2,Married,2269,18024,0,No,14,3,2,1,3,2,3,2,2,2,2,Stayed,0.7009357264567585,High,Low job satisfaction; Low environment satisfaction; Income below workforce median
EMP-1430,39,0,Travel_Rarely,116,Research & Development,24,1,Life Sciences,1,Male,52,3,2,Research Scientist,4,Single,4108,5340,7,No,13,3,1,0,18,2,3,7,7,1,7,Stayed,0.48664089944998756,Medium,Low environment satisfaction; Long distance from home; No stock options; Income below workforce median
EMP-1431,38,0,Travel_Rarely,201,Research & Development,10,3,Medical,2,Female,99,1,3,Research Director,3,Married,13206,3376,3,No,12,3,1,1,20,3,3,18,16,1,11,Stayed,0.030584663640942228,Low,Low environment satisfaction
EMP-1432,32,0,Travel_Rarely,801,Sales,1,4,Marketing,3,Female,48,3,3,Sales Executive,4,Married,10422,24032,1,No,19,3,3,2,14,3,3,14,10,5,7,Stayed,0.044712401034373135,Low,Long period since promotion
EMP-1433,37,0,Travel_Rarely,161,Research & Development,10,3,Life Sciences,3,Female,42,4,3,Research Director,4,Married,13744,15471,1,Yes,25,4,1,1,16,2,3,16,11,6,8,Stayed,0.05863431388559707,Low,Works overtime; Long period since promotion
EMP-1434,25,0,Travel_Rarely,1382,Sales,8,2,Other,1,Female,85,3,2,Sales Executive,3,Divorced,4907,13684,0,Yes,22,4,2,1,6,3,2,5,3,0,4,Stayed,0.49372506936366245,Medium,Works overtime; Low environment satisfaction; Low work-life balance; Income below workforce median
EMP-1435,52,0,Non-Travel,585,Sales,29,4,Life Sciences,1,Male,40,3,1,Sales Representative,4,Divorced,3482,19788,2,No,15,3,2,2,16,3,2,9,8,0,0,Stayed,0.16274175296850793,Low,Low environment satisfaction; Low work-life balance; Long distance from home; Income below workforce median
EMP-1436,44,0,Travel_Rarely,1037,Research & Development,1,3,Medical,2,Male,42,3,1,Research Scientist,4,Single,2436,13422,6,Yes,12,3,3,0,6,2,3,4,3,1,2,Stayed,0.5596300582839434,Medium,Works overtime; Low environment satisfaction; No stock options; Income below workforce median
EMP-1437,21,0,Travel_Rarely,501,Sales,5,1,Medical,3,Male,58,3,1,Sales Representative,1,Single,2380,25479,1,Yes,11,3,4,0,2,6,3,2,2,1,2,Stayed,0.9188588307434556,High,Works overtime; Low job satisfaction; No stock options; Income below workforce median
EMP-1438,39,0,Non-Travel,105,Research & Development,9,3,Life Sciences,4,Male,87,3,5,Manager,4,Single,19431,15302,2,No,13,3,3,0,21,3,2,6,0,1,3,Stayed,0.03315331656018904,Low,Low work-life balance; No stock options
EMP-1439,23,1,Travel_Frequently,638,Sales,9,3,Marketing,4,Male,33,3,1,Sales Representative,1,Married,1790,26956,1,No,19,3,1,1,1,3,2,1,0,1,0,Left,0.8992443982214279,High,Low job satisfaction; Low work-life balance; Frequent business travel; Income below workforce median
EMP-1440,36,0,Travel_Rarely,557,Sales,3,3,Medical,1,Female,94,2,3,Sales Executive,4,Married,7644,12695,0,No,19,3,3,2,10,2,3,9,7,3,4,Stayed,0.16981852341046766,Low,Low environment satisfaction
EMP-1441,36,0,Travel_Frequently,688,Research & Development,4,2,Life Sciences,4,Female,97,3,2,Manufacturing Director,2,Divorced,5131,9192,7,No,13,3,2,3,18,3,3,4,2,0,2,Stayed,0.06677999477588333,Low,Low job satisfaction; Frequent business travel
EMP-1442,56,0,Non-Travel,667,Research & Development,1,4,Life Sciences,3,Male,57,3,2,Healthcare Representative,3,Divorced,6306,26236,1,No,21,4,1,1,13,2,2,13,12,1,9,Stayed,0.004627945185575475,Low,Low work-life balance
EMP-1443,29,1,Travel_Rarely,1092,Research & Development,1,4,Medical,1,Male,36,3,1,Research Scientist,4,Married,4787,26124,9,Yes,14,3,2,3,4,3,4,2,2,2,2,Left,0.5476949857577288,Medium,Works overtime; Low environment satisfaction; Income below workforce median
EMP-1444,42,0,Travel_Rarely,300,Research & Development,2,3,Life Sciences,1,Male,56,3,5,Manager,3,Married,18880,17312,5,No,11,3,1,0,24,2,2,22,6,4,14,Stayed,0.3341353113741157,Medium,Low environment satisfaction; Low work-life balance; Long period since promotion; No stock options
EMP-1445,56,1,Travel_Rarely,310,Research & Development,7,2,Technical Degree,4,Male,72,3,1,Laboratory Technician,3,Married,2339,3666,8,No,11,3,4,1,14,4,1,10,9,9,8,Left,0.5132815163901469,Medium,Low work-life balance; Long period since promotion; Income below workforce median
EMP-1446,41,0,Travel_Rarely,582,Research & Development,28,4,Life Sciences,1,Female,60,2,4,Manufacturing Director,2,Married,13570,5640,0,No,23,4,3,1,21,3,3,20,7,0,10,Stayed,0.11851665450440411,Low,Low job satisfaction; Low environment satisfaction; Long distance from home
EMP-1447,34,0,Travel_Rarely,704,Sales,28,3,Marketing,4,Female,95,2,2,Sales Executive,3,Married,6712,8978,1,No,21,4,4,2,8,2,3,8,7,1,7,Stayed,0.10981539743853265,Low,Long distance from home
EMP-1448,36,0,Non-Travel,301,Sales,15,4,Marketing,4,Male,88,1,2,Sales Executive,4,Divorced,5406,10436,1,No,24,4,1,1,15,4,2,15,12,11,11,Stayed,0.15548282457399812,Low,Low work-life balance; Long period since promotion; Long distance from home
EMP-1449,41,0,Travel_Rarely,930,Sales,3,3,Life Sciences,3,Male,57,2,2,Sales Executive,2,Divorced,8938,12227,2,No,11,3,3,1,14,5,3,5,4,0,4,Stayed,0.08696586087929001,Low,Low job satisfaction
EMP-1450,32,0,Travel_Rarely,529,Research & Development,2,3,Technical Degree,4,Male,78,3,1,Research Scientist,1,Single,2439,11288,1,No,14,3,4,0,4,4,3,4,2,1,2,Stayed,0.20899623376236584,Low,Low job satisfaction; No stock options; Income below workforce median
EMP-1451,35,0,Travel_Rarely,1146,Human Resources,26,4,Life Sciences,3,Female,31,3,3,Human Resources,4,Single,8837,16642,1,Yes,16,3,3,0,9,2,3,9,0,1,7,Stayed,0.6368439303109952,High,Works overtime; Long distance from home; No stock options
EMP-1452,38,0,Travel_Rarely,345,Sales,10,2,Life Sciences,1,Female,100,3,2,Sales Executive,4,Married,5343,5982,1,No,11,3,3,1,10,1,3,10,7,1,9,Stayed,0.1442855767776065,Low,Low environment satisfaction
EMP-1453,50,1,Travel_Frequently,878,Sales,1,4,Life Sciences,2,Male,94,3,2,Sales Executive,3,Divorced,6728,14255,7,No,12,3,4,2,12,3,3,6,3,0,1,Left,0.22025900280618144,Low,Low environment satisfaction; Frequent business travel
EMP-1454,36,0,Travel_Rarely,1120,Sales,11,4,Marketing,2,Female,100,2,2,Sales Executive,4,Married,6652,14369,4,No,13,3,1,1,8,2,2,6,3,0,0,Stayed,0.6134939548657488,High,Low environment satisfaction; Low work-life balance
EMP-1455,45,0,Travel_Rarely,374,Sales,20,3,Life Sciences,4,Female,50,3,2,Sales Executive,3,Single,4850,23333,8,No,15,3,3,0,8,3,3,5,3,0,1,Stayed,0.5189553133273968,Medium,Long distance from home; No stock options; Income below workforce median
EMP-1456,40,0,Travel_Rarely,1322,Research & Development,2,4,Life Sciences,3,Male,52,2,1,Research Scientist,3,Single,2809,2725,2,No,14,3,4,0,8,2,3,2,2,2,2,Stayed,0.07795249334164876,Low,No stock options; Income below workforce median
EMP-1457,35,0,Travel_Frequently,1199,Research & Development,18,4,Life Sciences,3,Male,80,3,2,Healthcare Representative,3,Married,5689,24594,1,Yes,14,3,4,2,10,2,4,10,2,0,2,Stayed,0.18112854518647584,Low,Works overtime; Frequent business travel; Long distance from home
EMP-1458,40,0,Travel_Rarely,1194,Research & Development,2,4,Medical,3,Female,98,3,1,Research Scientist,3,Married,2001,12549,2,No,14,3,2,3,20,2,3,5,3,0,2,Stayed,0.010194546943735146,Low,Income below workforce median
EMP-1459,35,0,Travel_Rarely,287,Research & Development,1,4,Life Sciences,3,Female,62,1,1,Research Scientist,4,Married,2977,8952,1,No,12,3,4,1,4,5,3,4,3,1,1,Stayed,0.11983734630095613,Low,Income below workforce median
EMP-1460,29,0,Travel_Rarely,1378,Research & Development,13,2,Other,4,Male,46,2,2,Laboratory Technician,2,Married,4025,23679,4,Yes,13,3,1,1,10,2,3,4,3,0,3,Stayed,0.7329344388379802,High,Works overtime; Low job satisfaction; Income below workforce median
EMP-1461,29,0,Travel_Rarely,468,Research & Development,28,4,Medical,4,Female,73,2,1,Research Scientist,1,Single,3785,8489,1,No,14,3,2,0,5,3,1,5,4,0,4,Stayed,0.6035025131509895,High,Low job satisfaction; Low work-life balance; Long distance from home; No stock options
EMP-1462,50,1,Travel_Rarely,410,Sales,28,3,Marketing,4,Male,39,2,3,Sales Executive,1,Divorced,10854,16586,4,Yes,13,3,2,1,20,3,3,3,2,2,0,Left,0.851385651510455,High,Works overtime; Low job satisfaction; Long distance from home
EMP-1463,39,0,Travel_Rarely,722,Sales,24,1,Marketing,2,Female,60,2,4,Sales Executive,4,Married,12031,8828,0,No,11,3,1,1,21,2,2,20,9,9,6,Stayed,0.7329541496637709,High,Low environment satisfaction; Low work-life balance; Long period since promotion; Long distance from home
EMP-1464,31,0,Non-Travel,325,Research & Development,5,3,Medical,2,Male,74,3,2,Manufacturing Director,1,Single,9936,3787,0,No,19,3,2,0,10,2,3,9,4,1,7,Stayed,0.05698758064681423,Low,Low job satisfaction; Low environment satisfaction; No stock options
EMP-1465,26,0,Travel_Rarely,1167,Sales,5,3,Other,4,Female,30,2,1,Sales Representative,3,Single,2966,21378,0,No,18,3,4,0,5,2,3,4,2,0,0,Stayed,0.19398908252060704,Low,No stock options; Income below workforce median
EMP-1466,36,0,Travel_Frequently,884,Research & Development,23,2,Medical,3,Male,41,4,2,Laboratory Technician,4,Married,2571,12290,4,No,17,3,3,1,17,3,3,5,2,0,3,Stayed,0.2982249402225605,Low,Frequent business travel; Long distance from home; Income below workforce median
EMP-1467,39,0,Travel_Rarely,613,Research & Development,6,1,Medical,4,Male,42,2,3,Healthcare Representative,1,Married,9991,21457,4,No,15,3,1,1,9,5,3,7,7,1,7,Stayed,0.137057829493358,Low,Low job satisfaction
EMP-1468,27,0,Travel_Rarely,155,Research & Development,4,3,Life Sciences,2,Male,87,4,2,Manufacturing Director,2,Married,6142,5174,1,Yes,20,4,2,1,6,0,3,6,2,0,3,Stayed,0.5762794221768429,Medium,Works overtime; Low job satisfaction; Low environment satisfaction
EMP-1469,49,0,Travel_Frequently,1023,Sales,2,3,Medical,4,Male,63,2,2,Sales Executive,2,Married,5390,13243,2,No,14,3,4,0,17,3,2,9,6,0,8,Stayed,0.10845967143202243,Low,Low job satisfaction; Low work-life balance; Frequent business travel; No stock options
EMP-1470,34,0,Travel_Rarely,628,Research & Development,8,3,Medical,2,Male,82,4,2,Laboratory Technician,3,Married,4404,10228,2,No,12,3,1,0,6,3,4,4,3,1,2,Stayed,0.5563776574364171,Medium,Low environment satisfaction; No stock options; Income below workforce median
